Text,Original Emotion,Predicted Emotion
We need more boards and to create a bit more space for [NAME]. Then we’ll be good.,"[8, 20]",20
"Aww... she'll probably come around eventually, I'm sure she was just jealous of [NAME]... I mean, what woman wouldn't be! lol ","[1, 4]",1
I miss them being alive,"[16, 25]",25
"Ok, then what the actual fuck is your plan?","[2, 7]",2
"aw, thanks! I appreciate that! ","[0, 15]",15
Thanks! I love watching him every week,"[15, 18]",15
Very interesting. Thx,"[13, 15]",15
LOL. Super cute!,"[0, 1]",1
Awesome. Thanks!,"[0, 15]",15
Good for #70 to console the poor guy,"[0, 5]",0
"Awesome! I’m a cradle [RELIGION], so really interesting to hear your experience. Thanks for sharing.","[0, 13, 15]",15
Thank you for at least doing something good sir.,"[0, 15]",15
Sometimes life actually hands you lemons. We're just lucky that we have a proverbial phrase that gives us an idea of what we can do with them.,"[4, 22]",4
Who is this Wild team? Where have they been?,"[6, 7]",7
"[NAME] dude I see [NAME] so rarely that I forget that he's the OG ""Fuck this character fuck this stupid game"" king. ","[2, 3]",2
Kinda. And thank you. I'm curious about those files and film and fotos you mentioned.,"[7, 15]",15
"Absolutely. I'd love it. No matter how much I like the guy, if he just goes for it that's not cool.","[13, 18]",18
Is this a [NAME] reference. I feel like it is.,"[7, 18]",18
Don't think we should be stomping all over people's bodily autonomy just so public health authorities can declare victory.,"[10, 22]",10
"You got it, thanks!","[4, 15]",15
"Oh wow. Yeah I’m very new, only about 8 hours gameplay","[0, 26]",26
I always just say “thank you” because it’s a nice thought 🤷‍♀️,"[0, 15]",15
"I thought I couldn't get more depressed about last game, but.....","[9, 27]",9
"I'm not saying your analysis is wrong or not based on evidence, just that the data it generates is not useful. ","[10, 27]",10
wow so almost every sub has grown a lot in 7 months. Also 8.3k!! what!? that's insane,"[1, 26]",26
Thank you so much! I love Germany! I was in Berlin 2 years ago for research work.,"[15, 18]",15
I wanted to see him show out over Kemba.,"[8, 27]",8
They look absolutely PERFECT together. I hope its that way in real life too. So happy for ya [NAME]!!!,"[17, 20]",17
"It could be, but I hope it's abandoned. I haven't been too impressed with the flash forwards. ","[10, 20]",20
I'm sorry but as someone who travels alone I would be pissed if I was told I can't drink at the bar by myself.,"[3, 24]",24
Get him boys!,"[2, 27]",27
Yes he is a hard worker for sure. Just wish he could get his shot back on track.,"[4, 8]",8
Because all those delusional people be doing the same shit in their real life.,"[3, 27]",3
Thank you SO much! This is so genuine and so helpful. Thank you so much for your time and your thoughts.,"[0, 15]",15
"Thats great! Just curious, what game? ","[0, 7]",0
"I love it! A smile from a stranger has really turned my day around, so I always hope I can possibly do the same! ","[8, 18]",18
Every day it gets harder to tell the difference between a legit mental health issue and someone just using it as an excuse to be an arsehole.,"[3, 9]",3
"""[NAME], meet [NAME]"" love that show","[18, 27]",18
"They aren't horrible in the least bit. Just learn from your mistake, remember, and move on. That's all you can do.","[4, 5]",5
"> When did I ever mention native genocide? How do you think the land was ""stolen""? The residents were killed.","[4, 7]",7
you might be more of an optimist than me. hopefully you're right,"[0, 20]",20
Omg so glad I’m not alone,"[17, 23]",17
Wholesome and hilarious! Good job OP.,"[0, 1]",1
Sad. My condolences to her family.,"[16, 25]",25
"I wasn't meaning it as an insult or anything, sorry if it came off that way. ","[24, 25]",24
Ouch! That hit hard,"[9, 25]",9
Change the initials to fake names. Was going to read but it’s too annoying.,"[3, 22]",3
My Dachshund loves trying to lick my son's mouth when he's laughing. Every single time.,"[1, 18]",18
"Lol don't worry, they even make you somehow hate [NAME] in season 2.","[1, 5]",1
You’re right. Thank you for the context and information.,"[4, 15]",15
"I appreciate this post, so it’s appropriate in my eyes 😀","[0, 4]",0
"Aren’t people on the internet the best! I don’t blame you for deleting, no time for negativity in this life. 🍻 ","[7, 10]",10
Yeah he's a real one. I would've loved him coaching the Broncos,"[0, 18]",18
"I'm curious to see the difference, but sadly that's not really something you can just ask someone.","[7, 25]",7
I don't know why this image bothers me so much,"[6, 9]",6
I hate how much I love it,"[3, 18]",18
Thanks. I appreciate that. At least I know I’m not the only one.,"[0, 15]",15
The good kind,"[0, 27]",0
Fuck isn't it nice to have a [NAME] on the team?,"[3, 6]",3
Lol I love this flair,"[1, 18]",18
"Uh, you do know there's another hole right next door, right?","[6, 7]",7
That guy is being intentionally obtuse. Down vote trolls are a waste of everyone's time.,"[3, 10]",3
".5x speed. Every moment I enjoy would last longer and any time I find myself in a pickle, I'll have more time to react appropriately.","[17, 20]",17
"The sad thing is, relatively speaking these are actually pretty good living conditions. Check out Harris Ranch.","[0, 25]",0
Thank you for that ! I’m glad it’s just not me !,"[15, 17]",15
"What do you mean by ""free game""? Are you under the assumption that the Executive branch can dictate appropriations?","[7, 27]",7
Understandable. Thank you for your opinion. Ill move towards due action soon.,"[4, 15]",15
"Lost my kid to the system, wanna see wha the wee lassie has tae say","[25, 27]",25
Son of a bitch... here we go. Can't just stand there guys....,"[2, 27]",27
">""fun"" is what you say when you can't give an objective reason something is good. -r/movies Filmé connoisseur","[1, 27]",1
This is my favorite game of all time. Thanks for bringing back some good memories!,"[15, 17]",15
"If the blindness ever comes back for whatever reason, try doing this:","[5, 27]",27
And then everyone clapped and cheered.,"[0, 17]",17
I loved this place but I would only go for the big Blockbusters. It was the best IMAX theater in Minnesota hands down RIP,"[0, 18]",18
(It was a joke),"[1, 27]",1
"Wow this was an eye-opening response, and you’re right it helped us learn more, be compassionate and focus on a better well-being.","[0, 4, 26]",4
hmmmmm I still love [NAME] and a lot of OR candidates but thank you,"[15, 18]",18
A year ago I said that this continuous ISO by Houston is disgusting to watch. It s still disgusting.,"[2, 11]",11
"> ""But I'm their father. They have to,"" he kept saying. And there is delusion colliding with reality.","[22, 27]",27
I hope his pants fell down from the extra weight lmao,"[1, 20]",1
Wow!!!,"[13, 26]",26
"Oh, wow. Hope nothing happens to his arms on the way!","[20, 26]",26
"No offense, but your parents are assholes.","[2, 11]",2
"Oh I can feel the burn all the way from Australia, even a few months later. Doesn't anyone have a direct source to this post? Thanks","[15, 27]",15
>Allow insurance to not pay for treatment of diseases with known vaccinations and to raise rates on antivaxxers *Genius!*,"[0, 27]",27
You're right... But look at that badass black leather jacket.,"[0, 4]",4
"Love [NAME], but he is really dumb when it comes to politics and economics.","[9, 18]",18
No! That's horrible news!..for Galaxy fans lol,"[1, 25]",1
Spending the day with family in beautiful Bowral 🌿,"[0, 17]",0
Sadly my boyfriend's family is the direct opposite but we'll still make it work :3,"[9, 25]",25
Definitely. I find if I don't exercise for a few weeks I'll gain a few pounds quick..,"[4, 27]",4
I never said it was irrelevant. I am trying to add on to what the OP had said for potential savings.,"[10, 27]",27
"if he ended up with that chef, damn that will break my heart for sure.","[2, 9, 25]",2
I'm so sorry about your friend. What was he like?,"[16, 25]",25
"Looks nice, thanks:) ","[0, 15]",15
"Really glad the US just passed transparent pricing for healthcare providers, but it's just a first step.","[13, 17]",17
Wow! I've never heard of a celebrity doing something so nice,"[0, 26]",0
I know I haven't been myself lately but listen! I can do better and I can change!,"[4, 8, 20, 22]",4
Haha! I was right :D.,"[1, 22]",1
"Congrats! That could not have been an easy step to take, so I'm so happy it's been a positive experience.","[0, 15, 17]",17
"I’ve always loved the art style of the author/illustrator as a kid, so I could see where you’re coming from.","[0, 18]",18
Thanks for sharing your thought. You have a fair and reasonable perspective. Happy New Year!,"[0, 13, 15]",15
"Wow, Michelin star for $25. That's nuts. Thanks for the heads up. ","[15, 26]",15
“Still wearing ATM” this bit has me crying! Thanks for the mental image.,"[15, 25]",15
No he didn't lol every ref gives that. He was looking for it but it's still a foul,"[1, 27]",1
I got the exact same message from tati yesterday ! She said on her twitter that it's definitely a scam,"[4, 27]",4
Haha yeah. But still very nice of Ben I hope that the people who got it will use it 24/7,"[0, 4, 20]",20
I'm glad we have a place we can come to when we have doubts. Thank you so much.,"[15, 17]",15
Omg is this that what older kids call s*x?1?1??1??,"[7, 26]",26
What a great photo and you two look so happy. 😍,"[0, 17]",0
Thank you. And I love your flair. My toddler is the same haha,"[15, 17, 18]",15
What the hell,"[2, 3]",2
Oh god yes. Top quality cringe. Thank you for sharing,"[4, 15]",15
"Believe you me. TLJ is much, much worse.","[9, 11]",11
Wow this is amazing. LOVE THIS!!!,"[0, 18]",18
You were at a casino. Sounds like you won.,"[0, 7]",7
Yes! What the hell is it with ikea? My husband and I don’t go together anymore.,"[2, 3, 9]",2
The sign doesn't have units! Maybe the speed limit is 45 light yrs per second!!!!,"[6, 10]",6
> I really hope QCX addresses that last point. Who knows [NAME] could've fled with the money or something. What the hell dude. lol,"[1, 3, 8]",1
"You started over at 46? Wow. You are badass. You give me hope that if I finally had to, I could do it.","[0, 20]",20
"I’m telling ya, we really need to impose a basic hockey knowledge test to post here. I’m sick of the mouth breathers.","[3, 25]",3
"Well I like [NAME] but other than her, I don't know any interesting asian youtubers. so help me out","[0, 6]",6
Totally disagree. I love this look.,"[10, 18]",18
Thank you for explaining! I’m only 31 but now I feel old lol,"[1, 15]",15
beautiful story arc. glad you decided to end it in my semi hometown of excelsior - really neat lil town.,"[0, 17]",17
"That actually sounds like it would help, I’m glad it worked for you and I hope you eye is ok now 👁💪🏻","[4, 17, 20]",20
Oh jeez I missed that :(,"[9, 24]",9
Throw it all on the mortgage. Don't spend it on garbage you think you need.,"[5, 27]",5
Picture was gorgeous. What TV is that?,"[0, 7]",0
"Where the mask inside, too? Are air purifers not good enough for inside? Sorry for the dumb question... Just moved here this week.","[7, 24, 25]",24
Don't worry. r/fireemblem is obligated to bash fates whenever it can [NAME] I love the entire scene so much. ~~Too bad it ruined the song~~,"[9, 18]",18
Don’t say that to a person with a rapidly deteriorating health condition,"[5, 10]",10
Well fuck my kids then,"[2, 27]",2
"Because the content creators don't deserve to be paid, your seconds spent listening to ads are too valuable!","[0, 10]",10
Why the fuck do people have these conversations in public,"[2, 3]",2
"Would be really interesting to see how an FMT from a 20 year old would play out in the gut of 60 year old, or vice versa. ","[4, 7]",7
that's why im here in the overwatch university subreddit you fucking idiot.,"[2, 3]",2
Yes but [NAME] advice is better then some randoms lol he was one of the leagues best ever defenders,"[0, 1, 4]",1
"""I'm sorry mam, but we dont allow children in the store unattended, so you are going to have to leave."" ","[5, 24]",24
"Thanks for the reply! I appreciate your input. Please keep me in the loop, I’d love to be more active with this if possible.","[0, 15, 18]",15
Thanks I love him,"[15, 18]",15
You are a shining ray of light in a dark chessless world. thank you my friend.,"[0, 15]",15
They're the same people who will tell you 600 a day is unhealthy,"[3, 27]",3
Don't you feel embarrassed at all that your country answers to a country literally opposite of the world from yours?,"[7, 12]",12
What a wonderful post. Such love. Thanks so much.,"[0, 15, 18]",15
2 2nd rounders but not a first or a future first. He’s not worth the risk,"[10, 27]",10
"Oh my, it belongs to r/comedyheaven. Laughed for a good minute","[1, 17]",1
Shadow of Mordor 3 looks pretty lit,"[0, 27]",0
A police response is probably justified for some of the larger spiders we have here.,"[4, 27]",27
True i hate going to parties or concerts but love going to a bar or a houseparty.,"[10, 18]",18
Ah i wish i would’ve come across one! Just left though Unfortunately :( in Manchester now,"[8, 25]",8
"I'd give it a 6.9, based on the fact that he was still caught in the tree","[4, 27]",27
Appreciate it.. just for trolls sake Plot Twist : The one trick has no mic XD,"[0, 15]",0
"To be fair, expecting sex twice a day, every day is a little ridiculous.","[3, 8]",3
Awesome! Thanks for your reply,"[0, 15]",15
What evidence at all shows that [NAME] was an accomplice?,"[6, 7, 27]",7
Why is it that young girls seem to idolise serial killers? I had a friend like this and never understood the attraction. It's scary,"[6, 7, 14]",14
Dude I have a verrrrry strong feeling the barber did that on purpose. Nowhere in the world is that an acceptable haircut. That’s fucked up,"[2, 9]",9
I wasn’t saying she was faking just curious to see her reaction to it,"[7, 22]",7
"Again, that + is going to make people not want to do this deal.","[9, 10]",10
This is pretty worrying and makes me wonder why she can’t. That’s not normal.,"[14, 19]",19
The dog has a very confused look on his face lol.,"[1, 6]",1
I’m gunna be the bigger man... blessings on your weekend my friend...,"[15, 27]",27
This is a depressing r/tworedditorsonecup,"[9, 25]",25
"I agree with this. I'm extremely happy with the hires, but I think the draft may be a bigger tell tale on how the off-season goes.","[4, 17]",17
"At least he was polite - ""please"" fuck off! ","[2, 3]",2
"This is simply honesty + humility. Indeed, very respectable.","[0, 4]",4
She’s a disgusting snob.. Feel bad for the workers. :(,"[11, 25]",11
Pretty sure that had been upped to at least 10k subs. It actually might even be higher now.,"[4, 20, 27]",4
Damn you and your facts.,"[2, 3]",3
I wish that was a thing 😅,"[8, 20]",8
"So is liking [NAME] enormous eyebrows ""biological"" too? /s ^I ^think ^her ^eye ^brows ^look ^cool","[0, 7]",0
I mean... this is some shit right here,"[11, 27]",11
"Definitely not Fox News though! That’s the real stuff, zero lies or bias there!","[10, 27]",10
Am I wrong? So many people from NY say it's really gone downhill. Doesn't mean I don't like public transportation,"[3, 10]",10
"I meant people who are attacking AOC over this dance video. Apologies for the misunderstanding, and I appreciate the lengthy reply.","[15, 24]",24
That's cause [NAME] really got his career ruined by injury.,"[25, 27]",27
Too bad I do/,"[2, 9]",9
"Sorry i was thinking of the word ""Plaintiff""","[24, 25]",24
"No thanks, prefer the fairness of Public/Veteran. No cheating admins.","[3, 15]",15
I just hope the show brings [NAME] back because she was really great.,"[0, 20]",0
Will be when we organise a run on the banks and hopefully take the only thing Westminster cares about away from them.,"[5, 20]",20
I'm glad people with such foresight are the first to find this place unaffordable. Good riddance.,"[0, 17]",17
Does anyone notice how his voice always changes when he’s trying to be cute and charming.,"[7, 27]",7
>Rise of Agon Literally the worst fucking game that man kind has ever managed to accomplish and you call him a carebear? Fuck out of here.,"[2, 3]",2
If he isn't respecting your clear boundaries then you should block him and move on with your life. He's not worth your time.,"[5, 10]",5
“Dear [NAME] you Coach [NAME]?,"[7, 27]",27
Jokes are even more terrible lately,"[11, 14]",14
Lol that's so far from the truth.,"[1, 10]",1
Doubt [NAME] will solve our problems,"[20, 27]",27
"I hope your brother is okay. Don’t listen to this guy, he’s a cunt.","[3, 20]",20
I feel you. Most look generic af. I've seen some absolutely stunning ones though. Like [NAME]. She's a 10/10 IMO.,"[0, 4]",0
Don't call me bitch you fucking sexist. I bet you are one of those white devils. How many women and minorities have you suppressed today?,"[2, 3]",2
"Maybe, idk though. I dont think thats enough to nail him. We need more.","[6, 8]",6
"Ferrets are such good ESA's though! Good for you at least, I love ferrets with all of my heart.","[0, 18]",18
Then present an opposing argument.,"[3, 27]",3
"This is sad but not cringe, I hope he finds someone to play with soon 😪","[20, 25]",20
Except you didn't and it's still false.,"[3, 10]",10
Awesome! Thanks! I'll start the process tomorrow!,"[0, 8, 15]",15
Haha yeah. Are the squat toilets that prevalent? I’m hoping to avoid them when I go.,"[1, 20]",1
This report is going to be bullet proof,"[20, 27]",27
I love the immediate cut from the gladiator dying to the defeat screen. Makes it funnier,"[1, 18]",18
"Hilarious video, thank you for making us smile :)","[1, 15]",15
"You can buy the full ""girlfriend experience"" with a hooker for way less than 13k lmao.","[1, 27]",1
"Wow, that’s a big 3 year old!","[13, 26]",26
She accidentally tagged someone with the last name Bells,"[12, 27]",27
I love this!! And it’s so true,"[4, 18]",18
ah good find. I guess I saw some sort of grade 9 class photo then. Cheers.,"[0, 17, 20]",17
Lol thank you so much for pointing that out. It’s the “re” on the “tard” cake.,"[1, 15]",15
"I just gave you a quote direct from the current finance minister regarding the supply. Get real, man.","[3, 27]",27
"Yes applaud the atheist and slam your brothers in the apostolic faith, way to go. ","[0, 4]",4
Looks like you clipped my own games. It’s bad lately.,"[3, 9]",9
"I seen a video, must have been one of the students where they've completely surrounded the [NAME]. ","[4, 27]",27
"Personally, I think WebOS was the best until HP beat it to death. I loved my Palm Pre.","[0, 18]",18
all good haha 👍,"[0, 1]",1
Haha love it we'll uhm not the penis,"[1, 18]",18
"OMG, yep!!! That is the final answer. Thank you so much!","[4, 15]",15
"I’m naming my dog Sebastian! So I can kinda relate ( lol, def not the same). Love the name though.","[1, 18]",18
Damn that was super fucking good.,"[0, 13]",0
I just want someone who listens to scientists. That's too much to ask though.,"[8, 27]",8
Thought [NAME] had a bad game. For such a strong player he didn't get to keep much of the ball when in possession.,"[9, 22]",9
I visibly recoiled from that.,"[14, 27]",27
"The two most talented receivers [NAME] had, [NAME] and [NAME], had their careers interrupted by injuries and nonsense.","[3, 9, 27]",27
She's not more than 17. And I love teenage [NAME]. Don't want her adult.,"[10, 18]",18
If they could just let us customize the lines it’d be fine,"[4, 27]",4
"This was such a genius character. Even reading quotes makes me breakout laughing, every time","[0, 1]",1
"Yay, now we're only down by 7","[13, 17]",13
"Thanks, guys! Most of what you guys said were helpful. I'll work on myself a bit and not try too hard. ☺","[15, 20]",15
And I'm crying. But you're so right. Thank you.,"[15, 25]",15
I never knew this! Nuts are a total fear food for me,"[14, 22]",14
"They played loud music on a ‘school night’, seriously! You’re backing the bastards here just to be contrary.","[2, 3]",3
Stay strong. You've come this far. Keep going.,"[4, 5]",5
look more 4th grade comments. sorry you're a child who has no brain. I bet your mother wishes she had a child who lived.,"[8, 25]",25
She should kick him out... next best thing from abortion.,"[2, 27]",2
Dying like hero’s. What better way to die than saving the world. You’re right.,"[0, 4]",4
"Millennial here. Have a few motorcycles, none of them Harleys. I do not like overpriced, unreliable and bad performing vehicles. ","[10, 27]",10
This is great advice. The minions here will automatically down vote due to username.,"[0, 15]",0
"Come to Somerset, quite a few women are cricket crazy because everybody is cricket crazy here. It’s weird. ","[4, 11]",11
I'm so sorry you were bullied in a place you should have felt safe.,"[24, 25]",24
lol robot car,"[1, 27]",1
Yall remember that rainbow zebra striped gum that lost its flavor in like 0.0001 seconds,"[9, 27]",9
"I wonder how that works if the seatbelt wouldn’t fit even if they were sitting in a regular seat? They only go so far, right?","[26, 27]",26
"I like [NAME]. He's the most experienced, and he seems like an all-around nice guy.","[0, 18]",18
Haha exactly right!!,"[1, 4]",1
The EPA allowed DuPont to use a chemical that literally kills people in their nonstick pans. They can be bought too unfortunately.,"[9, 27]",27
That's awesome to hear :),"[0, 17]",0
Stop giving panhandlers money. They dont need it.,"[10, 27]",10
I try my damndest. Hard to be sad these days when I got this guy with me,"[22, 25]",25
"If there's evidence besides say-so, chances are better.","[4, 20]",20
Congrats on becoming the owner of this cat! What a beautiful meow.,"[0, 13, 15]",0
Your brother really saw the light huh!,"[7, 13]",7
This is genius! I’m going to start doing this now too. Thanks!,"[0, 15]",15
Wait what vacation are we talking about?,"[6, 7]",7
i wish i could wear what she's wearing! * _ * Sooooo beautiful!,"[0, 8]",8
Now I'm wondering on what I've been missing out. Again thank you for this.,"[15, 26]",15
"Me too, except there’s no hookup. (I’m so lonely) ","[25, 27]",25
"Forgot to mention that it contains lanolin, don't know if thats a deal breaker. Regardless, alcohol free emollient + occlusive is the way to go","[4, 6]",4
That was very interesting. Thanks for effort to write this up!,"[0, 15]",15
I keep hearing [NAME] is a terrible hire.,"[9, 14]",14
sounds so good bro! but in my case i’m already out so it feels like it would be a burden to re-coming out... TvT,"[0, 9]",0
"Its a mandatory requirement to be an accredited ""[NAME] da""","[4, 27]",27
Just don't bring up the Manga Carta. Really uncomfortable for my history class.,"[3, 10]",3
"Thanks, I appreciate that. It's about what I expected though. Sadly, I'm used to it.","[15, 25]",15
Bad timing for [NAME] to say this just now.,"[9, 27]",9
Yeah [NAME] is actually really cute and nice but best boi and best girl goes to [NAME] and [NAME]. Just kidding. [NAME] all the way,"[0, 17]",0
What a beautiful sight that was to behold. Glad I was able to attend a couple of great [NAME] performances. “K” signs everyone,"[0, 17]",0
Mauston and Monticello were the beginning and end of my hope,"[9, 20]",20
That’s scary,"[14, 19]",14
The dude was absent in the Ohio State game... IDK I would be very worried if he was the pick.,"[9, 19]",19
great!! thank you,"[0, 15]",15
To drool on.,"[11, 27]",27
Lol you got nothing to worry bout from me bro. Thanks for keeping the game on,"[1, 15]",15
DON'T DO THE TEENAGE MUTANT NINJA TURTLES LIKE THAT THEY DON'T WANT HER EITHER BRUH,"[3, 10]",10
"Great story. Maybe it isn't malicious compliance, but I enjoyed it anyway. Damn companies who lack empathy for other humans.","[0, 17]",0
This too shall pass In 10 years this could turn out to be the best thing that has ever happened to you.,"[5, 20]",20
damn it I was holding out for [NAME] to carry the game,"[9, 27]",9
Nah I think that’s a salarian from mass effect 😂😂,"[10, 20]",10
Spider Man is pretty awesome.,"[0, 4]",0
"You know, that never occurred to me! So keep cool in summer, warm in winter?","[4, 6]",4
You said that it is a fact that [NAME] is a rapist based on the testimony of 1 person. I merely stated the same argument based on your logic.,"[2, 27]",27
In that case you're very welcome to call your representative and tell them to agree to a bill which would reopen the government. Or tweet the president.,"[4, 15]",4
"Wow, someone had a lot of golds to give!!","[22, 26]",26
- But mom! I don’t wanna go to school today! - You’re going little shit.,"[2, 3, 10]",3
"Ugh, this fucking tumblr account. I posted about this bitch before, they wrote that [NAME] drug rehab fanfiction.","[2, 3]",2
"Yep, I guess this is a no-go for me. Thanks!","[4, 15]",15
I used to have anxiety when calling people but I no longer have them at least just 20-30% anxiety.,"[19, 22]",19
"Yup, but I love wegman's so much, although I am curious as which one this is... I am guessing Jersey or DC area","[7, 18]",18
"Fool me once, shame on you...","[3, 12]",12
Great place and they're super sweet. Happy to support them.,"[0, 17]",0
"Thanks grandpa, it’s always good to see you around the holidays. That joke is hilarious every time!","[1, 15, 17]",15
"Haha! [NAME] aside, that is *wonderful*!","[0, 1]",1
"As a teacher with a bunch of sick students, this scares the hell out of me.","[14, 19]",14
Uhhhh... didn’t y’all just eat the light lunch that you said you wanted on your preference sheets? Shut up.,"[2, 27]",2
You are my beer god thank you haha,"[1, 15, 17]",15
I like it A LOT.,"[0, 18]",18
[NAME] playing great this half,"[0, 27]",0
Honestly I can't see why not. Tho I'm a bi male so I don't know if it's valid haha,"[1, 6]",6
I’d love to get an update on what happened! (When you are ready),"[13, 18]",18
"Surf Wax America, great song","[0, 4]",0
I like surprises.,"[18, 26]",18
Favorite: Hardhomme! That epic stare down at the end! Least favorite: No One. Completely ridiculous and unbeleivable,"[13, 18]",18
> ftw Awesome statistic. Made my day! Love it,"[17, 18]",18
"It's not his fault, it's your wife's. Shes the one you need to be pissed at","[2, 3, 10, 11]",10
Wow .. this is more terrifying than if they were a ghost ! Amazing twist,"[0, 14, 26]",0
Lol the fact that actual fans can't afford tickets is why there are let's go heat chants at this game,"[1, 3]",1
Please don't. I like the gym too be quiet,"[10, 18]",10
"Oh man, okay yeah i was wrong, thank you for correcting me","[15, 22]",15
"Unfortunately they do at times, but it's not the case in this video.","[9, 10]",9
He is actually good now. No teddy but he was great last year before he got into shit,"[0, 4]",0
I keep seeing you around and I love the art. I really want to get into drawing but I’m only good ad heads and faces.,"[8, 18]",18
"That's called lust, and is completely normal. Just dont get obsessive and do things to keep you busy and dont be afraid of them feelings ","[5, 22]",5
"Dude, she had just lost her baby, too. ","[16, 25]",25
[NAME] needs to be thorough when looking for clues. Who knows what kind of sneaky business might be hiding in that plant.,"[6, 7]",6
What do you mean? It would be the same code for every system?,"[6, 7, 27]",7
Thank [NAME] for the adult spammers on my susbscribed NSFW subreddits.,"[15, 23]",15
"Didnt know that, just saw ""LG"" devices and got nervous. Bummer for you though, that sucks :/","[10, 19]",19
[NAME] insulting his fanbase has literally been a hallmark of his persona from the beginning of barstool,"[3, 27]",27
Can’t wait to listen! Look forward to each episode.,"[7, 13]",13
"Honestly, I love hearing about stories like this - like the multitude of Skyrim and Oblivion mod developers who eventually got hired by studios due to their work.","[0, 18]",18
Interesting that these two have made such a splash. I might check into this season if it's worth watching.,"[0, 20]",0
"I remember that. It was a crushing experience that started a whole other level of depression. But hey, maybe things will work out for you. ","[9, 20, 25]",9
Did he just get fat? What caused him to fall off so much? It's amazing how quickly he flamed out.,"[7, 26]",7
I have never seen a dog more excited than when a sled dog is about to go to work.,"[1, 13]",13
i guess you must eat filets and lobster at all your parties haha,"[1, 20]",1
Scared? A little bit. It's more of a simmering disgust at this point for myself.,"[11, 14]",14
"I love the creative writing that stems from this sub, so entertaining.","[1, 18]",18
I thought I was the only one,"[22, 27]",22
Feel you pain. Stay strong,"[5, 25]",5
Amazing. And heartbreaking. I'm learning so much from little bits like that.,"[0, 22]",0
This is powerful. I appreciated it so much. I hope to end up as free and as confident as you,"[0, 8, 20]",20
Now there is no one face to face so tough is an option,"[9, 27]",9
Fucking fuck! 2 (or more) sets of fucking socks in fucking sandals.,"[2, 3]",2
I’m very sorry for the loss of your friend.,"[16, 25]",16
annoyed at most,"[2, 3]",3
[NAME] wrote a really technical and really awesome article in the Athletic about this game. Holy shit haha worth reading if you are a ball nerd.,"[0, 1]",1
This makes me want Lancaster to be cannon! It’ll probably never happen though😥.,"[8, 9, 20]",8
">I hope that really incredible sex is in your future. Thank you. Also, you should write fortune cookies! ","[15, 20]",15
Too right. I hate the Sun. worst tabloid out there,"[2, 11]",11
I hate losing to the Blackhawks like I love my wife: Intensely.,"[18, 27]",18
"This is almost irritating. Like, take a breath, shithead..,","[3, 11]",3
That’s so great! Congratulations to you as well!,"[0, 15]",0
I hope [NAME] likes my Thanos costume though.,"[8, 20]",20
"I'm sorry :( I hope this year ends up being incredible for you in ways you never anticipated, to make up for it. Hugs.","[5, 24]",24
Sounds epic man,"[0, 27]",0
I'm sensitive! :'(,"[25, 27]",27
"Just looked up TITANS, now I've GOT to watch it!! Thanks for the advice too","[13, 15]",15
Good advice thank you I appreciate it. I need to learn to focus my mind again,"[0, 15]",15
"And my apologies if I misinterpreted but you seemed to state multiple times that it keeps you from seeking other women, such as the [NAME] example.","[9, 24]",24
[NAME] has not been that impressive in my opinion. [NAME] seems like the clear-cut top guy.,"[0, 10]",10
"idk what it is either, I think it’s because he looks like he plays in slow motion, but it works for him so idk","[6, 27]",6
I love foreign money. I enjoy making origami from it.,"[17, 18]",18
Wow you’re mom is truly living by the love first motto that is [RELIGION].,"[18, 26]",18
"Aw, I missed it :( . I really need to spend more time outside of the roundtable thread...","[8, 9]",9
When you've been to 9 in the past 20 years its kinda hard to stiil get excited . Its our week 17.,"[13, 27]",13
lmao i love [NAME] what a legend somebody who really doesn't care what the public thinks i wish i could be like him,"[0, 8, 18]",18
"I hate the message that's being pushed, and it's even worse that it's being pushed by this guy.","[2, 11, 12]",2
"Lol, I’m so sorry for u. Do u go down on her a lot? If so she need to give something too...","[1, 24]",24
Maybe time to see a doctor or psychologist? Although a bit of social anxiety is normal and not necessarily the disorder.,"[6, 7, 22]",22
I switched the the Smok Novo and I like it. Close enough to the juul.,"[0, 4]",4
Nothing more Jersey than the sound of car horns over [NAME] rambling out an annoyed answer to a caller.,"[2, 3]",3
Omg. It's Viv from [NAME] !,"[13, 26]",26
Those ads actually make me feel bad for financial advisors gouging clients with excessive fees.,"[9, 25]",9
It literally never occurred to me that there would be a sub for USAJOBS. Thank you so much,"[15, 26]",15
YES! And have some fun guests to dish with.,"[4, 17]",17
Love situations like this...excited to see if he'll make it by tomorrow,"[13, 18]",18
Drs hate him!,"[2, 27]",2
[NAME]. growing some ladyburn1974 as part of my first grow. thank you!,"[0, 15]",15
he defended [NAME] when [NAME] drugged and butt raped a 13 year old girl,"[2, 11, 27]",27
YES! I can't recommend this TED Talk enough and I think it's really disappointing that many portions of the left have caved in to anti-nuclear hysteria.,"[3, 9]",9
"So, that's super illegal in the U.S. And a cooler is not worth slicing someone's finger tips open. ","[10, 14]",10
"Wow im glad my uncle is dead , this sounds crazy .","[17, 26]",17
Won't continue. But the positive thing is it's not on fire shooting. It's great ball movement.,"[0, 20]",0
I have a deep seeded hatred for close-minded people too.,"[2, 11, 27]",27
I love adamtots. He's a great comic creator,"[0, 18]",18
I don’t think [NAME] knocking us out of the copa would change anything. Our team is incredibly lethargic.,"[9, 10]",10
"I’m conflicted. I do in fact love wine, but I also love crown, and it would be more cost effective to bring crown. ","[6, 18]",18
You're not my STBXH hehe. He doesn't type like you.,"[1, 10]",10
lmao i love this!,"[1, 18]",18
That last story was absolutely beautiful and sad.,"[0, 25]",25
"I wear sweet scents and get compliments from men on how good I smell quite a bit Good thing I love sweet vanilla,Amber,berry scents ","[0, 18]",18
I can understand political acrimony but the death of humor is really disappointing. Very sad indeed.,"[9, 25]",25
Wow. If it shows calls on the bill then what good is it? Glad I asked...,"[0, 13]",0
"This is the sweetest thing ever, im gonna steal it and use it on my fiance","[0, 17]",17
"Take an updoot for making me smirk and smile. It might be immature, but it's hilarious.","[1, 17]",1
"Honestly Quadriga has been pretty decent, can't fault them for the bank struggle, that's just how the Canadian banks have been towards this space. ","[0, 4]",4
"Ladies and gents, I present to you, your typical anti-gunner.","[13, 27]",27
"My wife is not allowed to flick my ears for any reason, and apparently I'm not allowed to stick my finger into her bellybutton lmao.","[1, 27]",1
"Oh you're getting trolls trolls. Damn what sub you think they are getting you from, lol I'm not gonna mess with them.","[1, 11]",1
Is Arges the Bright one available? I see his spawn location is in game now,"[7, 27]",27
"Upvoted because [NAME] is a good boi and can’t help it, but tbh it makes me sad to see him struggle like that..!","[4, 25]",25
Hate them. I really don't need to hear about you pissing your pants in the first grade.,"[2, 10]",2
"I almost downvoted you, because “Boooooooo!”","[3, 10]",3
"I am just afraid the Pistons front office, specifically [NAME] overvalues [NAME] and says no to this.","[10, 14]",14
Man. I wanna be there to see his face! It’d be great. 🤣,"[0, 8, 20]",0
"This was good. I’m not the OP, but thanks for posting.","[0, 15]",15
Thanks for doing the job well. :),"[0, 15]",15
I'm so glad I saw this!!! Now I know how to wash my face! I can't wait for the tooth brushing tutorial🤗,"[13, 17, 22]",17
Same. It's my favorite show to watch in the morning. The whole crew is so likeable.,"[0, 18]",18
"The word ""YES"" has never erupted from my conciousness so fast before. I practically ejaculated it.","[4, 10]",4
You really need to learn to read. 32 isn't too late!,"[5, 6]",5
Society hates everything. Just love yourself and the rest becomes easier.,"[5, 18]",18
Get a lawyer for starters. Be prepared. Don't sit on your arse and flip flop. Find out what you really want and then do it.,"[3, 5]",5
Did you even venture to scroll through the nearly 2h long video linked in this thread? Not hard to find....seems like you are just avoiding it.,"[9, 10, 27]",10
Lmao this is excessive,"[1, 27]",1
"Looks fade, having a partnership with people that love and care about each other doesn't have to.","[5, 18]",18
This made me smile so hard. I am happy for you. May we all find our own happy and worthy constellations 💕,"[17, 20]",17
Good call. Run!,"[0, 13]",0
This is awesome! I really wish I could make it!,"[0, 8]",8
It's not even the ads. It's the complete lack of anything worth watching between the ads.,"[10, 11]",10
Good stuff [NAME],"[0, 4]",0
This. Literally this post. This post is a good start. :),"[0, 4]",0
How’d you get out there? I miss the west. Love NYC tho,"[7, 18]",18
I probably would have upvoted it for effort.,"[0, 4]",4
Well thank you for all that you are doing. Have you considered becoming a dispatcher too while you are at it? Haha,"[1, 7, 15]",15
"5'11"" [NAME]. He's basically 6 foot, so I must be missing something here.","[25, 27]",27
Bless them!,"[5, 18]",5
Hahah Yea imagine what the GM guys will do when the DD app crashes for hours,"[1, 7]",7
I’m feeling the same about the nets and hornets. I’m only worried the hornets can’t cover,"[14, 19]",14
"It is funny and sad, when faced with the option to laugh or cry I choose laugh","[1, 25]",1
It was very good! Not a musical fan but it was pretty entertaining.,"[0, 1]",0
"You’re very right, I’m relieved I was free of this man before anything else happened. Thank [NAME]! And thanks for your kind words ","[4, 15, 23]",15
""" [NAME] has come down with a terrible sickness which caused him to deactivate his twitter account"" Jeez sicknesses these days get worse and worse. ","[3, 11]",11
"Awesome, thank you! ","[0, 15]",15
Good old guardian refusing to accept that [NAME] is stauncly anti-EU and anti-Brussels,"[10, 27]",27
It taunts you,"[3, 27]",27
"That's true, but you see, one man can really make a difference. [NAME] I loved the movie","[4, 18]",18
"lmao dana just like ""i fucking hate my nephew""","[1, 2]",2
That's a great dream. I love how your inner voice of him came out. It feels right on.,"[0, 18]",18
I noticed this while watching it and cracked up... it was so cringey! It was after they watched their wedding montages.,"[12, 22]",12
Mexico's or USA?,"[6, 7, 27]",6
This reply made me giggle. Sorry you got hit by a moron! Hope your car is repairable!,"[1, 20, 24]",24
TYT is a gossip shitpost panel for race baiting idiots. By race baiting idiots.,"[3, 10, 11]",3
"Thats nice to hear, glad I could help.","[17, 20]",17
Does this really work? Any one else try this yet? I'm surprised I've never heard of this before thank you.,"[6, 15, 26]",15
This sounds encouraging. I hope they get lots of support from the public.,"[0, 20]",20
"Yea true , it sucks that theater mode doesn’t work its broken as hell in this game ","[3, 9]",9
"No it’s not, I can give you multiple examples of cops getting physically assaulted and not even using their guns. Stop lying.","[2, 10]",10
"I like this template, it makes me happy.","[17, 18]",17
"Thank you! [NAME] is a character that means a lot to me, and it makes me happy that you like my portrayal of her.","[15, 17]",15
And I've no monkeys left.... Sorry man,"[9, 24]",24
my computer is a potato but im just curious how do i check for memory leaks on a mac? i lag on a lot of games,"[7, 27]",7
"Thank you for the kind words, that's very sweet.","[0, 15]",15
Scars do not fade after 2 weeks. Its gonna take a few months. I've got some nasty scars too girl I feel your pain,"[5, 25]",25
"Thanks for the advice, i appreciate it.","[0, 15]",15
I cannot believe a woman in her 30s has never had an orgasm. I would have tried everything on the planet to have one.,"[26, 27]",26
"I like [NAME], but I'd just rather spend more time with [NAME].","[18, 27]",18
"Disgusting trash feminazis, fuck your hijab","[2, 11]",11
That sounds awesome! Thanks for the reply!,"[0, 15]",15
You called yourself a Met fan. THAT is embarrassing. Edit: called themselves a Met fan and didn’t know who [NAME] was AMD disrespected him.,"[3, 12]",12
Mozzarella sticks!,"[13, 27]",27
shut up LIBTARD you right now:🤯😭🥺,"[2, 3]",2
"Aw, good times, picking off them pesky 'tennas and coyotes! Me too, I'd love that! Thank you for playing, my friend!","[0, 15]",15
That’s amazing. I hope you feel this way for many many days.,"[0, 20]",20
"Not with me, no. I’m a true social butterfly ","[10, 21]",10
Lol oops what season are you in so I will know what not to spoil 🤪,"[1, 12, 20]",1
Im so glad that he Reacted that way i feel the same way about my college but im in the last semester 🤓,"[4, 17, 22]",17
You’re amazing thank you so much!! :),"[0, 15]",15
"you did drug her though, and assault her by undressing her and taking her photo. you committed multiple crimes. you need professional help.","[2, 3, 5]",5
Oh yeah? Name one nature reserve or park and how will the wall affect them?,"[7, 27]",27
"I love military films, this was good. My theater was clapping when each terrorist got killed lol","[1, 18]",1
Is that the hot sauce she keeps in her bag?,"[6, 7, 27]",27
I feel digestive regret just looking at them.,"[9, 24, 25]",24
Why tho... I don't understand why I like this so much,"[6, 18]",6
Now all we need is to beat them in the playoffs one last time and win the super bowl THEN I'll be able to be happy,"[17, 20]",17
Thank god. This place was authoritarian.,"[15, 23]",15
Thanks hehe hit me up on there sometime!,"[1, 15]",15
Your comment is kinda wasted. He can't read.,"[9, 27]",27
Shotgun rack? LOL. I had a BB gun rack on my Schwinn in the 60s in Houston.,"[1, 27]",1
Well one of our leading candidates is [NAME] so it's not like we're killing it in our search either,"[3, 10]",10
Would I rather be feared or loved? Easy. Both. I want people to be afraid of how much they love me.,"[14, 18]",18
Ok I tried to search the sub... is it too late to get a flair? It won’t work for me,"[4, 9]",4
I've never been so proud of humanity.,"[21, 27]",21
can we all just get along over some tea,"[7, 27]",27
"Hey, can you post a pic (or many) of the chow/corgi mix? I really need to see it. Thanks. Actually, the kittens too. ","[7, 15]",15
"You’re in Iceland, a particularly craggy rock would be pretty interesting to you. ","[0, 4]",0
Thanks! I like your advice. I'm a mom too. I was even smaller after she was born than before my pregnancy. Weirdness.,"[4, 15]",15
I didn’t know that. Gtk,"[10, 22]",22
That must have bean awesome to find those,"[0, 17]",0
What a fucking idiot lol,"[1, 2]",1
Thank you for your advice! I couldn’t agree more.,"[4, 15]",15
Awesome thank you! I’m sure it was fine to wear but new guy here not trying to stretch any rules quite yet,"[0, 15]",15
i’m so sorry.....,"[24, 25]",24
:) thanks on behalf of kiwi. He’s quite handsome.,"[0, 15]",15
That's exactly why I'm asking you if you would.,"[7, 20]",7
I am so sorry to hear about your wife’s tragic injury.,"[16, 25]",25
Wow! Never thought of it this way but that's a REALLY good point.,"[0, 15, 26]",26
Happy for u!!,"[5, 17]",17
[NAME] with that birthday gift,"[13, 26]",13
Ahhh. A civil and interesting conversation on the internet. How refreshing.,"[13, 17]",13
Thanks love <3,"[15, 18]",15
The real comedycemetery is people still posting this joke for the hundredth time,"[1, 3]",1
Its not fake. Its real. You now look hilarious for making ridiculous accusations and praises about a person that doesn't exist. Lmao.,"[1, 4]",1
Why not just bring the county governments back? Let them decide where to establish regionalized schools.,"[6, 7]",7
So did mine! And I'm now one myself. Sending a trillion hugs and props to you!,"[17, 18]",17
Hope to see you in the chat as the episode premiers! Best wishes!,"[15, 20]",20
Fantastic! Thank you for the info sir!,"[0, 15]",15
*How???* The internet never ceases to amaze me.,"[7, 26]",7
Lol nicely done,"[0, 1]",1
of moms give birth BY 30. About 11-13% of women are childless. Please lol some more.,"[1, 27]",1
"Wow, thanks whoever did the silver❣ put a ray of sunshine into an otherwise cloudy day! ","[15, 26]",15
"I'm fine, how about you?","[5, 7]",7
Sorry you’re having to deal with that crap on your birthday. Hope the rest of your day gets better!,"[20, 24]",24
It's Incredible! So glad I could help with this! :D,"[0, 17]",17
thanks for the thoughtful reply. but yeah I guess its mostly a pipe dream! I wish someone would post some detailed ideas and replies like this!,"[8, 15]",8
"Seeking, not expecting","[8, 10]",10
Damn don’t sell this,"[2, 10]",10
Are you okay? What's wrong?,"[5, 7]",7
"A Canadian Breakfast for €0?!? Unbelievable, what a world we live in.","[7, 26]",26
Isn't the minimum 3 majors or something? I don't think he made the cut but I'd be happy to be proven wrong,"[7, 10, 17]",10
Monster hunter world is making me desperately want to stay up all night and play it. But I can't make it past 11pm anymore 😫,"[8, 9]",8
"On VPR yes she is awful. On WWHL she seems very nice, and likeable. Not sure what's going on there. ","[6, 11]",6
"Ignorance, Illustrated","[3, 27]",3
I firmly believe that at least 30% people on that subs are just trolls to make the other 70% look like idiots.,"[3, 4]",3
That poor soul,"[5, 9, 25]",25
NIKE NIKE NIKE NIKE NIKE NIKE NIKE NIKE NIKE Those leggings lmao,"[1, 2]",1
"Oh my gosh, my Dodger blue heart goes out to yours and your family. I am so sorry.","[24, 25]",25
Hopefully you get a good bashing soon,"[2, 20]",20
Thanks friend lol,"[1, 15]",15
Thank you this is really inspirational,"[0, 15]",15
I have a 4k screen lol. I didn't know you could do custom css rules. Thanks for the help.,"[1, 15, 22]",15
Still won the race though ha who’s a failure now,"[4, 21]",4
"Yep, it's all extremely frustrating.","[2, 3]",3
We don’t improve without discovering our problems. Good on you man- wish you and your boyfriend many happinesses 🙂,"[5, 20]",5
Yes its absolutely freeing! And so pure :) Aaah my heart,"[0, 4]",4
My [NAME] and Papa were married 44 years before my Papa died last February. I hope to have a long marriage like them..,"[8, 22]",8
This isn't uplifting. This is *enraging*. This is what the government should be doing not nine-year-old fucking children.,"[3, 10]",3
Thank you! I’ll look for his art. Btw I have no idea what Faces of Death or Traces of Death is,"[6, 15]",15
I’m so sorry. You deserve so much better.,"[22, 24]",24
That head must hurt!,"[25, 27]",25
Haha that's so true!,"[1, 4]",1
"Oh, totally mistaken - thanks for correcting me! I had read differently, but maybe that's in other states/cities?","[6, 15, 22]",15
why wont i just fucking die,"[2, 3]",2
The world needs a lil crazy,"[8, 20]",8
May your test be negative and your New Year's be happy!,"[5, 20]",5
"I'm sorry to hear that. Wish I could be here to help you, stay strong ","[8, 24]",24
I cringe when I see [NAME] playing while we’re stuck with sensitive old [NAME].,"[14, 27]",27
Here too. I just find weird colorful stuff and hope it doesn't clash too bad.,"[11, 20]",20
"I’m excited to see [NAME] come in here. I hope he plays some more quality, aggressive minutes","[13, 20]",20
He’s one of the calmest goalies I’ve ever seen in general haha,"[0, 1]",1
"That's encouraging. I have similar amounts of ETH and some LTC that's ""pending"" withdrawal from monday. Hoping I get it soon.","[0, 20]",20
[NAME] would be proud.,"[0, 21]",21
"Ooh, good point!","[0, 4]",0
"Now that's brilliant... 30? woah. I'm only 19, hope it doesn't take me that long ","[0, 20]",20
"Have some more faith in him, it sounds like your husband is trying his best.","[5, 20]",5
"Thank you man whoever you are, this has really helped me. Best of luck to you too","[5, 15]",15
"Shut up, [NAME]. ","[2, 3]",2
So happy for [NAME]. So sad he's not here. Imagine this team with [NAME] instead of [NAME]. Ugh.,"[17, 25]",25
This is giving me so much life.,"[0, 17]",17
"If money's not a problem for you and you badly need to get braces then go for it, the sooner the faster your teeth can get adjusted.","[5, 27]",5
I don't know about that. Is that something?,"[6, 7]",6
I love the arm blasts on the ice. That dude was determined and loves his dog. Very cool.,"[0, 18]",18
She's as beautiful and as happy as ever,"[0, 17]",17
"same, just found it interesting and sent it so people could see. ","[13, 27]",13
I got the 4K Blu-Ray and the Mrs and I are convinced you see more than butt in that scene.,"[4, 27]",27
Poor thing. Her arm looked stuck in the crutch as she fell. That had to hurt,"[9, 25]",25
"Well, that’s not a position many conservatives hold except for the [NAME], but I appreciate the honesty.","[0, 10, 15, 22]",0
"No car wraps? This was already upvoted a dozen times... Seriously don't understand the mods, man. ","[3, 6]",6
It’s kinda sad that this made me lol.,"[1, 25]",1
"Exactly, I remember loving those videos but I was also like 12","[18, 22]",18
The funny thing is [NAME] would probably be up for it. Let's do it! LoL sAiNtS,"[1, 20]",1
"I will, eventually. Thank you for the kind words.","[15, 20]",15
This is kinda sad,"[9, 25]",25
"I agree, thanks for the help and sorry for the late response.","[4, 15, 24]",15
"Money can’t buy happiness, but it can make getting there a hell of a lot easier.","[0, 4]",4
I hate [NAME] and [NAME] for what they've done to this franchise. And I'm growing to hate [NAME] as well.,"[2, 27]",2
I can easily relate to that as well. The siblings are the ones who will stick with us for the whole journey to the very end.,"[4, 18]",4
"Excellent! I hope that EU countries will issue statements of support themselves too, soon. Prime opportunity to really piss into Russias breakfast for once.","[0, 20]",20
It's ridiculous people blind fellow faith here in algeria,"[3, 11]",3
Ohhh sorry. I got it now. Thanks bruv,"[15, 24]",24
And sing the beat !,"[13, 27]",27
"Thanks, I actually just reached out to my counselor and said I'd like to switch to just myself.","[4, 15]",15
I absolutely did and loved every minute of it. I really do hope it gets more seasons,"[18, 20]",20
I had a blast watching it and am glad you did too!,"[17, 22]",17
"Man, [NAME]. What a shame that trainwreck turned out to be. ","[12, 16]",12
deleted ^^^^^^^^^^^^^^^^0.1122 ^^^What ^^^is ^^^this?,"[6, 7]",7
Being a broke college student doesn’t help😂 thank you for taking the time to listen though it’s really helpful lol,"[1, 15]",15
...do you know who owns the Metro? E: It's wholey owned by the Daily Mail Group,"[7, 27]",7
"Human nature also leads us to greed, violence and aggression. Natural doesn’t equal good. Cancer is natural.","[4, 11]",4
I don't care it's amazing there lol,"[0, 1]",1
You sir are a true hero.,"[0, 4]",0
"Thanks for the encouragement, it means a lot! Glad you liked it, seeya around 👌","[0, 15, 17]",15
I understand. Thank you for the suggestion.,"[15, 22]",15
How did your consultation go? I would really love to hear what it was like. I'm starting to think about my future consult too.,"[7, 18]",18
All the best. Safe travels.,"[5, 20]",5
Had to comment just to say that I don't even know what to say to this. It's so mindblowingly stupid.,"[2, 3, 27]",3
I'm sorry my Baby [NAME] joke made you so angry.,"[24, 25]",24
"He's a selfish bastard druggie, so we no longer care about him. Thank you for your condolences <3","[2, 15]",15
No. It doesn't. And a moron on Reddit has no authority to say that it does.,"[3, 10]",10
Thank you. Just hoping I'll make it with minimum damage inflicted on my friends who are helping me move,"[15, 20]",15
I got offered a couple of batches. They weren't 100% terrible but I feel like they could've been better so I didn't take them.,"[9, 10]",9
He will the author already spoiled it in previous chapters.,"[3, 27]",27
"Alright, I really wanted you to go to HR but it might not go right for you","[5, 27]",5
im sorry for your loss. your aunts behavior is disgusting. dont give her anything.,"[11, 15]",11
I miss [NAME] butt.,"[9, 25]",25
and...?,"[7, 27]",27
"Thanks man I’ll try, you stay strong too!","[0, 5, 15]",15
"You’re disgusting. I hope your wife finds somebody much, much better than you.","[11, 20]",11
Lol seriously. I mean Vardos was really cool but other than that the story was so bland and predictable.,"[1, 9, 22]",1
I'm about 5 weeks of NC after a 1 yr relationship. It gets better. Occupy and work on yourself.,"[20, 27]",20
Poor [NAME]. I like her. I wish they'd show what's going on with her.,"[8, 18]",8
"Yeah, I probably should’ve gone ahead and looked that up beforehand. But the issue remains the same, even at that price.","[22, 27]",22
"I had a young woman patient who was repeatedly found on the floor, naked and masturbating.","[3, 11]",11
He’s a douche because... why? He got turned on by some animal porn? Why does that make him a douche?,"[7, 27]",7
"Why or when was he ever a locker room cancer though? Am I missing something? Thanks for the downvote for asking a question, though. ","[6, 7, 15]",6
I didn't realize it was that common of a thing for guys to do xD,"[1, 22]",22
Good answer. Thanks for taking the time.,"[0, 15]",15
So far she seems pretty decent but I'm side-eyeing the hell out of him. His conduct at the restaurant was so bizarre and creepy.,"[0, 3]",0
"Touche lol. Ours usually comes back pretty quickly, I think this is the longest it's been out.","[0, 1]",1
This is so painfully 80s. I hate it.,"[2, 25]",2
lol. good one dude. you really showed me. great argument. really showing off your intellectual prowess. keep up the good work!,"[0, 1]",0
I miss my Shrek Ghrok :(,"[9, 25]",25
"Great person, tough as hell, will truly be missed😢","[0, 25]",0
Happy to assist with the credit repairs. I've been in the industry for over 20 years. It takes time but it's fixable.,"[17, 27]",17
No. You seem to still be completely misunderstanding what memory conformity is. Are you familiar with the process as documented in the peer-reviewed literature?,"[7, 27]",7
She does seem fully committed. That’s just why I’m a bit confused. I’m hoping she does deep inside. Thank you.,"[6, 15]",6
I wish I would’ve! Idk why I didn’t record it I think I was just in such shock of what had just happened lol.,"[1, 20]",1
Relax it's a joke. Everyone does some 90's at the end of their videos. Otherwise people will assume that you aren't sweaty enough.,"[1, 20]",1
I'm not the disgusting. I take good care of her. I just have barriers. What is wrong with that?,"[5, 7, 10]",5
Happy new years!!,"[13, 15]",13
"Wow, great news bro!","[0, 26]",0
"Thank you for turning me vegan, good person!","[0, 15]",15
For myself and my lustful habitual sins if you don’t care. I’ll be praying for everyone in this thread too.,"[3, 5]",5
Hardly surprising. Now they also lost their coach... rip,"[16, 26]",26
"Sorry, you misspelled disrespectful. You don't have my trust. Here are the divorce papers.","[24, 25]",24
Why do the religious think an omniscient god needs to test people? Shouldn't it have know who would fail long before it even created the Universe?,"[7, 27]",7
Ah ok! I figured I was getting it wrong.,"[4, 22]",22
I am a 22 year old male... i hope to give mine away to a amazing girl someday...,"[0, 20]",20
I love chicken,"[0, 18]",18
"Thank you! Happy New Year, hopefully it's a good one","[15, 20]",15
"Weird, Tuxedo Mask looks shorter and pudgier than I pictured him to be","[9, 11]",11
"Sorry, I have plans that day, week, month. Watching TV while you peruse Reddit are plans aren't they???","[7, 24]",24
I might be having carrot cake tonight!!! I love it! And that coffee sounds like the perfect pair! Enjoy it,"[13, 17, 18]",18
There’s this which is terrifying to think about,"[14, 19]",14
Wonder if some of the ‘cuse guys we got because nobody was available anymore will be cycled out,"[7, 26]",26
I remember that one. I to found a special fondness for vacuums after that.,"[4, 22]",22
Power trip blindness is scary; how someone can't see the obvious aftermath of acting like this with their employees?,"[6, 14]",14
"It's awesome. Sorry, I am a red-blooded male. I see a beautiful woman with a thick 10/10 body and I like it. 😎","[0, 18, 25]",0
[NAME] I LOVE YOU,"[1, 18]",18
"Thanks for posting OP, much love to the [NAME] out there.","[15, 18]",15
thanks! That helps,"[5, 15]",15
Curse your sudden but inevitable betrayal!,"[3, 27]",27
"Yeah, I started to see that as a better option from reading these comments since I own most of the house anyway. Thanks for your advice.","[4, 15]",15
And let us not forget the lord's privilege with a new bride. Ahhhh......the good old days.,"[0, 17]",17
when has one of those systems succeeded?,"[6, 27]",27
"Considered going for the 1st time this year, then I see all the ads targeting kids specifically. Feels weird as a 26 year old seeing all this..","[3, 11]",3
"Now, remember, this is a very dulled version of what were used to considering they’re still riding the super bowl high from last year. ","[9, 27]",9
their just mad because i love olicity and i think it's the best ship in the whole arrowverse. oh and because i think laurel is trash.,"[0, 18]",18
Baby you was right,"[4, 27]",4
Hahahah this is one of the dumbest thing i ever heard. Thank you for sharing and giving me a good laugh,"[1, 15]",15
Yes I love that show! I need to watch the last episodes now that I think of it,"[8, 18]",18
That isn't in the rule.,"[10, 27]",10
Hopefully we will se [NAME] at least as a sub. We love you [NAME].,"[18, 20]",18
That was an horrendous season to an otherwise amazing show,"[0, 14]",0
"Just say that you don't like it. It tastes of blood, tears, and death.","[10, 27]",10
I love this meme,"[0, 18]",18
"I love them, it's so fun to jump around everywhere","[17, 18]",18
but this girl said no make out lmao she just want a cuddle buddy till marriage XD,"[1, 18]",1
"Nah no offence taken! Just trying to keep things civil HAHAHA, it’s all good my man. ","[1, 4]",1
"Sorry, an errant surge of frustration ","[3, 24]",24
"Sure, they can help nurse [NAME] back to health. ","[4, 5]",4
"Is there anything more conclusive, recent, and far reaching than a survey in 1988 Arizona?","[7, 27]",27
Oh ok sorry,"[24, 25]",24
only took em all of the time to realize,"[22, 27]",22
Oh that's hard. I hope you get an amazing nap in the car. The exhaustion is real with babies.,"[0, 20]",20
I understand. Sorry that happened to you. Stay strong!,"[5, 24]",24
Hell yes 😁 I loved it.,"[4, 18]",18
Ahh you poop too much,"[3, 27]",27
"Ugh, thanks. I'm still working through it emotionally 😂😂 so funny about worrying over the stain! ","[1, 15]",15
"Such a great thing to hear. Setting aside my very immense distaste for SA, this really just makes me happy. I love our country.","[0, 17, 18]",17
This is so scary. Keep safe! I would put fencing up and become a licensed carrier at that point. Sounds like crazy druggies!,"[5, 14, 19]",14
You did a good choice :) i hope all goes well im proud of you !!!!! :),"[0, 20, 21]",20
"In hindsight, yeah, but we had a healthy [NAME] at that point.","[4, 15]",4
"I've got my sticker peeled off, nasty desperate notes left on the windshield, driver door..","[11, 27]",27
How the fuck do you moan tho,"[2, 11]",2
"JV for AD - i know its lopsided, but we need to swallow that pill.","[4, 27]",4
Happy Cake Day [NAME]! Enjoy this slice on me 🍰,"[13, 17]",17
That’s so nice! Kindness like this makes my heart happy.,"[0, 17]",17
This is a very good meme op but I hope you're doing good:),"[0, 20]",20
"Yes, this is karma farming and it is disgusting to do that, BUT the title *could* be correct. It probably is made up though. ","[4, 11]",11
I'm glad you managed to find your own fun and most probably made a big contribution for this great ending. The whole masked rogue idea was amazing,"[0, 23]",0
How does that get past the health department? Birds are filthy. Half cooked birds wing is disgusting.,"[7, 11]",11
"It's the ""boyfriend around school haha jk"" thing that makes it weird.","[1, 3]",1
Looks great but am I the only one who can't hear anything?,"[0, 7]",0
"I'm crying right now, I don't know why. Doesn't even make me feel anything. ","[6, 25]",25
I like in Iowa. The weather part is true,"[0, 4]",4
Calm down.,"[5, 27]",5
"To be honest, I have complete sympathy for this woman and she needs help, not prison. ","[4, 5]",5
I’m on it. Will be recruiting family and friends as well. Thank you 🙏🏻,"[4, 15]",15
The only one to really be sad about losing is [NAME] tbh,"[25, 27]",25
I understand why... But it's so sad we have to lie... It breaks my heart...,"[9, 25]",25
Thanks. I'm in the same boat about being against therapy. Good luck to you too.,"[15, 20]",15
That was awesome. Momentum is really something isn't it?,"[0, 17]",0
"I actually really like this, and unironically find it funny. Forgive me.","[1, 18, 24]",1
"That's a very smart move. Anyway, congrats gamer girl, this is epic!","[0, 15]",0
"I hated [NAME], but only because I thought he was good and played for the Cowboys. I feel the same way about [NAME] and [NAME]. ","[0, 3]",0
"They're all the same, all the ratemes are a trap. It's just sad people keep falling for them because its so obvious it genuinely hurts.","[22, 25]",25
I enjoy shouting this at my husband and our friends when they're being especially nerdy.,"[1, 17]",17
I’m on mobile and I can see them. Omg it makes me so happy 😂 never noticed if before either. iPhone btw,"[4, 17, 22]",17
"Where do I sign up, then? Haha.","[1, 6]",1
"Besides, Canada is extremely choosy about the kind of people they allow in.","[5, 27]",27
Hello! [NAME] is beautiful but I’ve only been once. I never had the whisky so I can’t even argue haha.,"[0, 1]",1
"That’s awesome, congrats! ","[0, 15]",0
Is this from “Please Like Me”? I loved that show. The last season had me in tears though. Really hard to watch. 😢,"[7, 18, 25]",18
"""Feed the wars and fuck the poors"" is pretty much their policy.","[2, 3, 10]",2
This live action version is good but whats the original anime?,"[0, 7]",0
[NAME] for sure. I really hope we don’t lose [NAME] though. He’s basically our ace for the moment.,"[8, 20]",20
Glad you got her back! Fantastic way to start off the new year with good news!,"[13, 17]",17
this is amazing,"[0, 13]",0
[NAME] found the perfect position to not have to defend [NAME] or [NAME]. Amazing instinct to be honest,"[0, 4]",0
"If your friend ever decides to go public with their content, make sure to let us know. We're more than happy to promote them. ","[17, 27]",17
My goodness I didn't even know this existed. This is my first time seeing something like this. Pretty cool stuff.,"[0, 26]",0
Did anybody else noticed the mom right at the end hand gesturing the boy annoyingly as if it had been his fault?!,"[6, 7]",7
"Yep, they’re women’s shoes!!","[4, 27]",4
Awesome! Congratulations. That is a nice investment.,"[0, 13]",0
You nailed it!,"[0, 27]",27
May [NAME] bless your efforts. I wish I could be there. De verdad soy Panameňo.,"[5, 8]",8
that sounds absolutely adorable!! im glad you had those kittens there as a distraction :),"[0, 17]",0
Happy cake day!,"[13, 17]",13
[NAME]... Nice,"[0, 4]",0
"I low-key love his YT channel, he's genuinely an interesting and good person","[0, 18]",18
I wish this was because he was being demoted and we were getting a new DC,"[8, 20, 22]",8
"Dont see why she is attractive, she looks like a chihuahua with watermelons on her chest.","[6, 10]",6
I gave up trying to be 'normal' years ago. But I get your point though.,"[4, 22]",4
Was it a promo for the cross overs?,"[7, 27]",27
"Does Instagram and Facebook have these nested ads/ articles? I’m not on social media enough to notice. Well Reddit, but I never see ads. ","[7, 10]",10
"I will not be preposition shamed. but yeah, you're right","[4, 27]",4
"[NAME], I love these kinds of threads.","[17, 18]",18
"this is super cute, i love it","[0, 18]",18
"Lmao, I remember [NAME] saying this was the best game he'd ever played and was debating whether he should switch from HS.","[1, 27]",1
"Oh, you're completely right. I'm an idiot. I'll be here eating my words.","[3, 4]",3
Sorry it didn't help. I hope you can find something that does.,"[20, 24]",24
"This is good advice, and I apologize for freaking out. ","[0, 24]",0
"Not everyone find it meaningful, but it helped me and my friends at least :) Hope others may find it useful too","[4, 20]",20
I might be able to help. A/S/L?,"[5, 27]",5
This comment is complete garbage.,"[3, 11]",11
Lol loving these choose your own ending memes [NAME] 💕,"[1, 18]",1
"black bears will run off if you yell at it. if its a grizzly, you play dead and hope it believes you. ","[20, 27]",20
[NAME] would love [NAME]. [NAME] would hate [NAME].,"[18, 27]",18
"Fly, you fool!","[1, 3]",3
Thanks for the recommendation! Hopefully my Ulta will have some to swatch!,"[15, 20]",15
tailing... BOL!,"[13, 27]",27
We’re honouring good King Billy. That’s also how we decided which [NAME] brother to buy.,"[0, 4]",4
With just coffee and nothing fancy I did love the Komodo blend back in the day.,"[18, 27]",18
I'd still try to pet it,"[5, 27]",5
Lol the lefties are gonna see their arses over this!,"[1, 3]",1
Omg [NAME]! One of my favorite bb players,"[13, 17, 18, 26]",18
"Funny enough, not all [NAME] are celebrities.","[1, 17]",1
[NAME] is a gem and I love him but he should really be a DH somewhere,"[0, 18]",18
"They could have checkmated the ""journalists"" and avoided this situation by saying they decided to switch to only pay for quality journalistic work.","[9, 27]",27
My life has been destroyed,"[16, 24, 25]",25
"I’m not sure why they thought it was cute, but this is what that alluded ","[6, 27]",6
"I don't understand, was he purporting to be a priest? This list has him as a seminarian. ","[6, 7]",6
"Ya missed a clue there, Guess it never hit ya!","[3, 9]",9
I both love and hate everything about this,"[11, 18]",18
"I work at an R1 university, with most of my team composed of CS/CE undergrad students. Yes, I've known many...","[4, 27]",4
"It also would have to take less than like 2 hours for me to get to my destination, time is worth more to me than real money ya know","[4, 20]",4
"Nothing happens. However, I'm glad that ICOs have ceased to appear. ","[4, 17]",17
"There's a sweet spot. Pathfinder Kingmaker has important lines voiced, and others are just text. It works great.","[0, 27]",0
Sorry I am kind of new to posting here. Didn't even know that existed! Gonna try and move over there.,"[12, 22, 24]",24
Interesting how [NAME] leads his team in BPM and RPM every year while not being the most important player. Defense and efficiency matters.,"[0, 27]",0
Y’all some sharks. I’m really just out here trying to be hopeful for the future of my team after a heart shattering lost.,"[9, 25]",9
Thanks for your opinion. It's highly respected lol,"[1, 15]",15
There is... use a credit or debit card.... lol it hits instantly I just did it literally last Sunday,"[1, 4]",1
"I am so very, very happy at your last sentence. If you understand that, you will be permanently free.","[4, 17]",17
Oh. My. [NAME]. I can’t handle this,"[9, 26]",26
I like how because it’s on topic you assume everyone involved is making it their entire being. Lmao.,"[0, 1, 4]",1
"CIA?... Yes, this one right here.","[4, 6]",4
"Yep. Two actually. Both older. Brother undiagnosed, sister diagnosed. It’s been a hellish nightmare... ","[4, 9, 25, 27]",4
"Still undecided. May depend on how much an uber costs, lol.","[1, 6]",1
Sounds like they’re not responsible and shouldn’t have the right to have these.,"[10, 22]",10
"Also, he never gets hurt so you can't Robidas the guy. ","[25, 27]",25
I promise you it would for most people. You're just spoiled with having the mountains 45 minutes away.,"[9, 27]",27
Lol good talk,"[0, 1]",1
I hate when these crooks say it ain't so cuz it is🇫🇷😤,"[2, 10]",2
I don’t understand why you got a couple downvotes. I found your comment quite funny.,"[1, 6]",1
can't wait to catch me one of them suckers,"[7, 13]",13
"Ya, because it’s funny and relatable","[1, 4]",1
Lol okay. It's not like they're billion dollar organizations that have their own personal agenda. Fine. Enjoy your bubble.,"[1, 17]",1
Thins are my favorite and I will not apologize. It makes the flavor of the cookie shine through.,"[18, 20]",18
"2000 kid, know cursive but really badly. I have old notebooks that are barely legible because of my cursive lol","[1, 11]",1
Boy where is you. We use to race on the parkway in highschool lmao.,"[1, 27]",1
Sorry for having a working brain :3,"[24, 25]",24
Worst feeling ever,"[11, 25]",11
I didn't even think about counselors or talking to my obgyn. That's a great idea! I really appreciate the advice and encouragement :),"[0, 15]",0
"Good deal, thanks","[0, 15]",15
"Ok, thanks for the clarification. I don't find it compelling but I appreciate your time and patience.","[0, 15]",15
"Ah, I love a quality rant, OP. Please keep up the good work! :)","[0, 18]",18
So edgy. 1/10 Try again. You can put a little more effort into your trolls.,"[3, 20]",20
"I have considered that, and if is possible, I will see where it leads me, thanks.","[15, 20]",15
Thank you all for your responses! Some new info for me is giving me hope again lol see ya on the battlefield,"[1, 15]",15
"Something cute and fluffy who gets to nap a lot, lol.","[0, 1]",1
Still love [NAME]. Gave his heart to the Broncos for many years. Hope he can go out and win himself another ring this year.,"[18, 20]",18
[NAME] and [NAME] for Trout?,"[6, 7, 27]",27
I like the pig because shes stealthy,"[4, 18]",18
in your neck?,"[6, 7, 27]",27
"This is an excellently written response, thank you for offering her your support. ","[0, 15]",15
">You can't do anything about it now, and nobody cares. Hundreds of thousands would disagree with you.","[10, 27]",10
Hopefully no one was sitting on his lap at the time!,"[8, 20]",20
I’m so sorry for your loss. It’s the smallest things that take up the biggest part of our hearts.,"[24, 25]",25
"My kids did, I’m sure! I hope this card enjoys the bottom of my trash can. ","[4, 20]",20
"Agreed. But considering their poor cars were carrying 1200+ lbs of weight, that might slow things down lol","[1, 4]",1
"Well, to them that probably was the polite term! That's funny though lol","[1, 17]",1
Cheers! Let's keep it going!,"[13, 17]",13
"omg what a nightmare, I feel for you 😞 is there any way you could order it online?","[5, 7, 19]",7
"Kill me, [NAME] ","[2, 27]",2
🙄 i hate these people.,"[2, 3]",2
"I'm sorry, but that poor kitty looks miserable.","[24, 25]",24
"I thought it may be the industry, but based on other people’s answers here, I’m not so sure :/ ","[6, 10]",6
Wow.. You must be fun at parties,"[1, 26]",1
I'm so sorry. Hang in there.,"[24, 25]",24
"LOL, you’re a good sport. In all seriousness pretty cool picture.","[0, 1]",1
You know how I know Boomers are trash? They love [NAME].,"[18, 27]",18
"Hey, I bought a few issues of ""Lady Death"" and it was awesome! I wasn't hanging posters though.","[0, 17]",0
Very interesting study.,"[7, 13]",13
Hitting me. That just added another funny dynamic to it even though I wasn’t actually trying to hit her.,"[1, 3]",1
"gotchu lol, in that case sorry you got downvoted to hell for this lol","[1, 24]",1
I think I met you. Sorry if I was a bit standoffish.,"[6, 24]",24
This is great and Elephant is pretty fun. We went to the clown exhibit last month.,"[0, 1]",0
I would like a hug,"[8, 18]",18
"Thanks, I hope I can get through it too. Good luck with your futile attempts to sleep :p","[15, 20]",15
Good [NAME].,"[0, 15]",0
This is where the fun begins.,"[1, 22]",1
"Thanks for your kind words, I really appreciate it and I hope you're right.","[5, 15]",15
"Thanks, I hate it.","[2, 15]",15
The man and dog have been spotted running past [NAME] and nobody is helping! I would help but I just had my nails done.,"[9, 27]",27
): hope the goose is okay ):!,"[5, 20]",20
This gave me a laugh on this shity day thank you,"[1, 15]",15
*Hey just noticed..* it's your **1st Cakeday** aerosvision! ^(hug),"[13, 17, 22]",13
i love them both but I still think you have to be a stupid cunt to think they live happily everafter together in the end.,"[3, 18]",18
They mug you and ruin the country,"[3, 27]",27
"Good for you, [NAME]! You deserved a nice drink to end a year where you made an impact in peoples lives! Cheers!","[0, 17]",0
My favorite part of women being in the game is fucking destroying them. Take that femenists,"[3, 18]",18
OMG what??? ...[NAME] actually showed up for a gig without cancelling with a terrible excuse?,"[14, 26]",26
I just discovered her channel recently too! She's hilarious and I love watching all the diet tryouts.,"[1, 18]",18
No it’s a lie because he could not possibly have been in Vietnam. And he did not correct a single outlet who said he was.,"[9, 10]",10
"You should play PoE its a better game in every single aspect, you'll love it.","[4, 18, 20]",18
I had corrected myself but I deleted the original post now for people like yourself who don’t read fully before you get enraged and comment.,"[4, 22]",4
"Thank you for taking the time and effort to try and understand, you sound like a good friend","[0, 15]",15
"Change politicians' healthcare to that of the average citizen, and this could all be sorted out much faster. ","[3, 4]",4
That’s so cute I wish I was that talented at drawing haha. I love art like that it’s adorable,"[0, 18]",18
"Thanks, as a Vietnamese [NAME], I love cheap Viet lunches!","[15, 18]",15
"I am female. If someone approached me in a coffee shop who followed your above rules, I’d be giving out my number for sure.","[4, 7]",4
"But primarily, you think external factors are a bigger factor. It's true, after all. ","[4, 27]",4
"Yeah I probably would've started crying on the spot. Loud, sudden and especially shrill noises are extremely *""cringey""* and uncomfortable and stressful","[9, 12, 14, 19, 25]",12
Oh man this gave me some flashbacks to awesome times playing with my dad,"[0, 17]",17
$70... Now that's a good price!,"[0, 4]",0
"Penis enlargement? Or reduction? If it’s something serious I apologize for the inappropriate comment, and good luck hopefully everything goes smoothly. ","[20, 24]",20
Thank you I love you,"[15, 18]",15
Why else? Seems that it is just lack of imagination on your part.,"[7, 27]",7
I laughed harder than I should have at this reply. Then the sadness hit me when I realized it wasn't meant to be funny.,"[1, 25]",1
"Hmm okay, maybe I was just arriving at threads too early or something before they got cleaned up...","[4, 6]",6
There is something terrifying about petite crazy girls. LOL. The scariest girl in my middle school probably weighed 90 lbs. Everyone was scared of her.,"[1, 14]",14
I enjoy therapy...everyone's different I guess...I don't think there really is any other alternative....sexual abuse need professional help.,"[5, 17]",5
Is this [NAME] comics? His Simpsons stuff is great,"[0, 7]",0
Thanks. I desperately need to connect with other women.,"[8, 15]",15
I will try that! I have never really tried balancing exercises but will give that a try too! Thank you.,"[15, 20]",15
Happy birthday and I'm really glad I won't be feeling like you when you wake up tomorrow,"[13, 17]",17
Ya! It was a bangin’ movie! A super fun ride with characters I cared about.,"[13, 17]",17
"I trust [NAME] in getting us the people we need, but I don't trust [NAME].","[4, 10]",10
"Did you really upload a video you took, of your own cat, to whyweretheyfilming? Seriously?","[7, 27]",7
"Likewise, Reddit has just gotten strange recently, sorry for misinterpreting.","[24, 25]",24
"Lol thanks, yeah you need to ""legitimize"" the being hacked part and build from there. ","[1, 15]",15
They still make VCRs? This makes me happy and I’m not quite sure why.,"[7, 17]",17
"I'm just concerned about [NAME] health. Do you think an old, ugly, fat, stupid person like him should be eating such unhealthy meals?","[2, 5]",5
"You don't suck, jazz is amazing man. Thanks for a album to listen.","[0, 15]",15
Burn themall!!!!,"[2, 3]",2
It's a shame that anyone has to deal with that sort of feeling. I'm sorry that you had a similar experience. No one deserves that.,"[12, 24]",12
"You obviously don't understand, this season was a bumper crop and *I* want to bank all that sunshine in *my own* pocket.","[3, 8]",3
"I hope you'll be feeling better soon, friend","[5, 20]",20
You realize that the ex husband is not related to MGTOW at all right?,"[22, 27]",22
This was a hate crime. Cut and dried.,"[2, 4]",2
There was no Israel then dumbass!,"[3, 10]",10
"Are those both not true statements? Everyone loves attractive people, even employers.","[4, 7, 18]",18
Thank you! I was hoping somebody wpuld post that video since I couldnt think of what to search for.,"[15, 20]",15
I am! And I have no idea! Lol sorry. I have some of my own and I couldn't even name them to you.,"[1, 24]",24
"Love how she was able to find a 'rabbi' from N anti-Semitic group to ""prove"" her defense of anti-Semitism. Just fantastic. /s","[0, 18]",18
This is amazing. Love these edits.,"[0, 18]",18
Oh that's lovely.,"[0, 18]",18
"I second that. What goes up must come down. And to OP, i hope you find peace and clarity. Good luck!","[15, 20]",20
"Thanks for the feedback. Sorry, and welcome.","[15, 24]",15
This just looks like it’s actually from porn lol what is the original context,"[1, 6]",1
A 12 million sub channel has value. Wouldn't be surprised if it's been hollowed out ready to be sold and rebranded.,"[26, 27]",26
I never thought to look for this subreddit! Thanks for sharing. I love this show,"[15, 18]",15
Have fun.,"[17, 27]",17
I don't think fantasy draft has been a thing for a few years in career mode.,"[10, 27]",10
"Obviously, there's only a few inches, but I could never really see any improvement. i thought it would be a good supplement option for you.","[4, 22, 27]",4
Hahaha years of being a nets fan makes me only look for reasons we wont win.,"[1, 27]",1
Well you're lying about my pun being better bitch,"[2, 10]",2
Thank you. I’ve been feeling a bit better since they make people happier.,"[15, 17]",15
Like idgaf if it’s fortnite themed I need those in my life again,"[4, 8]",8
Glad to hear it. You deserve your best life without that abuse and negativity.,"[5, 17]",17
One of things I loved about this subreddit is the use of the old school meme format,"[0, 18]",18
"A site was the good site on old cobble, so they changed it and left the awkward B site alone. Thanks volvo","[0, 15]",15
"Not loving what I'm seeing so far, let's hope we can tighten it up.","[9, 20]",20
"Thank you, I know my OHIP Is up to date as I have my health card in my wallet and I updated it myself when we moved ","[4, 15]",15
"The no rape was my favorite part, so glad people agree","[17, 18]",17
[NAME] is ruining the Pittsburgh Steelers culture...don't fucking @ me. Sinking fucking ship,"[2, 3]",2
That is SO cool,"[0, 4]",0
[NAME] damn cummonists,"[2, 3]",3
Thanks. Wish he liked me,"[8, 15]",15
"You don’t need Radom sex, you will find a man who will give you what you need. Love,respect,and well.. you know..","[4, 5, 20]",5
I suspect wilful idiocy to sell books and merchandise to the even more idiotic.,"[2, 3]",3
Yes - 21 of the cases were kids,"[4, 27]",4
> Just because you're white doesn't mean you should try to speak for white people. That's the joke™,"[1, 3]",1
So fucking heart warming. Brother love man it’s wholesome as shit.,"[3, 18]",18
"Amazing, I would also be deeply in love. So happy for you Hun. Enjoy every bit💕💕","[0, 17, 20]",17
Sweet summer child,"[0, 27]",0
Who the hell has all these power tools but no hammer,"[2, 3, 9]",2
Congratulations on the low quality come back. Hopefully one day you can go to therapy to work on your resentment to bartenders. ❤️,"[0, 20]",20
I’m interested in the tactics and positional play lmao ;),"[1, 13]",1
Yea he’s a good shooter love playing as him in MyGm,"[0, 18]",18
I did that my first day of middle school (got off at high school instead) but that's probably because I'm an idiot,"[3, 9]",3
"Im sorry I was just trying to help, thank you for educating me ill do better, Happy New year!","[15, 24]",15
Same. I unfollowed the cast and the fan pages. I can’t anymore lol,"[1, 3]",1
I feel the same at 5 feet 9. Feels bad,"[9, 25]",25
But he's relieving pressure. Just count yourself lucky he doesn't cough when he farts.,"[5, 23]",5
I love it. The only thing faker than their lies is them. I’m glad the girl was able to get her divorce.,"[18, 23]",18
Remember when he first got the ball this season and nobody cheered or knew him? Oh how times have changed.,"[7, 22]",22
Yeah I would have loved it if those things actually contributed something to the gameplay,"[4, 18]",18
"If this is the kind of game you enjoy, you should REALLY check out Blades in the Dark!","[13, 17, 20]",17
lol you are 18 and a female. You'll surely find someone,"[1, 5]",1
What are the odds it isn't someone on this list? I don't remember if the [NAME] hire was totally out of the blue or not,"[6, 7]",6
Zionism is the ISIS of [RELIGION]. Brainwashed idiots like ISIS.,"[2, 3]",3
The fact that they're flying their drone in the rain gives me anxiety.,"[14, 19]",19
I love [NAME] as a player. I still think the best is yet to come with him. Just praying he stays on the field.,"[18, 20]",18
"Please get your soy away from me, i’m allergic.","[3, 11]",3
That’s cool. I didn’t know they had cameras like that. Thank you for sharing :),"[0, 15]",15
Is there some scripture you could quote me? I'd like to read up on it just to be sure for myself,"[4, 7]",4
If all else was equal it’d be a good idea but I don’t think it’s feasible.,"[4, 10]",10
Dude is gonna end up playing in his boxers one day lol,"[1, 20]",1
"Thank you for sharing, I hope your mum can find a partner :)","[15, 20]",15
I'm sure he'd love to do that. Just have to get a few others on board first haha.,"[1, 18]",18
"At what point do we consider arresting people who arm themselves in order to oppose legitimate, democratic decisions by force of arms? ","[6, 7]",7
Lol this cant be possible.hey thanks for the link and info! I'll look into it!,"[1, 15]",15
This bit was more fun than it should have been.,"[1, 17]",1
Agree! Poor girls! They seem so sweet.,"[0, 4]",4
to stop any confusion we're talking about this photo,"[6, 27]",6
"Not sure what you're talking about then. Feints work on untrained people, just not subtle feints.","[6, 27]",6
😂 thanks. I like yours!! Makes me think of yoga retreats but like in the best way possible,"[15, 18]",15
OLD can be a dangerous place. Gotta stay safe somehow!,"[5, 14]",5
"Wow, you are quite the romantic...","[18, 26]",26
Wow that’s a fascinating belief,"[0, 26]",26
Sob then! Be with the emotions and let them out until they pass. I always feel better afterwards.,"[5, 22]",5
Haha colluded? Do you and your friends collude to take pictures together? Such buzzwords you are using lol,"[1, 7]",1
I cringe at every part of all of this,"[14, 27]",14
"That's slick, would love to see you guys do it.","[0, 8, 18]",18
The similarity to cigarette companies is eerie.,"[3, 27]",27
Your logic is pretty messed up and the pos assumption has zero to do with this. Centralized mining will cripple the ability to fight censorship.,"[3, 9]",3
"The real worst though is when she says, ""I love you more"" 100% seriously.","[5, 11, 18]",18
"Worth a try to report the bus number, the route and the time to PTV to see if he can get them back. Best of luck!","[5, 20]",20
I never understood the real harm until I started reading about childhood emotional neglect and how much it affected me. It's very common with nParents.,"[25, 27]",25
Same. And then cried a little.,"[4, 25]",25
"Yessir, it gives me the creeps. That boy ain't in Scotland, and that boy ain't right.","[10, 27]",10
"You bet, sweetie ;) But I date girls so don't get too excited <3","[13, 27]",13
No clip? Screenshot? Picture at all? Sounds fake as hell,"[7, 10, 11]",10
Lmao!!! 🤣 He does look rather greasy.,"[1, 11]",1
I think you might be underestimating some people sadly.,"[3, 10, 25]",25
Missed it by 4 minutes,"[9, 27]",9
don't send that message,"[3, 10]",10
I miss their 100 Octane petrol...,"[25, 27]",25
This spoke to my soul. I might cry 😭. I really do run away from my feelings,"[9, 22, 25]",25
I hope things get better soon. I'm proud of you for getting help and talking about it and wish you the best,"[0, 20, 21]",20
With the way [NAME] carried himself in Hard Knocks I wouldn’t be surprised if he flew off the handle during his firing.,"[0, 26]",26
"Oh man, I love [NAME]. She's so consistently good. ","[0, 18]",18
Love how she actually cross referenced the picture with the POTUS.,"[0, 18]",18
I heard about that too,"[4, 22]",22
Just be sure to take some condoms with you.,"[5, 27]",5
"Sadly, I don't have insurance so unless I'm bleeding out I won't be getting medical help.","[14, 25]",25
The Chargers defense looks impossibly bad,"[9, 27]",9
So why wouldn’t the white Sox just offer an extra $20 million,"[7, 20]",7
That sounds awesome actually,"[0, 4]",0
"No I don't, but I'm assuming they are true for arguments sake Why is more stress relevant or bad? ","[2, 10]",10
I just can’t imagine he is as bad as that...it’s just hard to believe.,"[3, 9]",9
Fun fact: you can stop this by removing the prostate that would be epic,"[1, 20]",1
Oh haha I’m from liberal MA and started having sex younger. I come from a sex positive environment.,"[1, 4]",1
[NAME] I want to get that ~~monkey~~blackhawk off our back so bad.,"[8, 25]",8
"I can deal with pupper and doggo in moderation but heckin, hooman, fren all make me irrationally angry.","[2, 3, 4]",2
Great job thanks!,"[0, 15]",15
Better slap that car roof.,"[2, 3]",2
Calling people on the internet “sweetie”... sweet [NAME] I love this sub. The cringe hurts so good.,"[18, 27]",18
I know that's what she said they dont repackage they have to toss them so instead she brought them home,"[4, 27]",27
"Thank you for your opinion. I think I’ve been improperly placing myself in the comments too much, accidentally misusing this sub.","[9, 15]",15
[NAME] has aged me 10 years in the last 3 months,"[22, 27]",27
I love how he bends down with his head in the 'loaded' guillotine to screw off the end cap.,"[0, 18]",18
"you should be super proud of yourself. super, super proud. you are absolutely strong, brave and above all AWESOME!! ","[0, 21]",0
That's what I think of the school that gave AOC a degree in Economics.,"[22, 27]",27
"The slam final I want, [NAME] vs [NAME]. The slam final we'll get, [NAME] vs [NAME].","[8, 27]",8
Damn that coyote was a fucking noob.,"[2, 3]",2
Orisa will actually fair better than most if the orisa has good fortify usage. Mainly decreases effectiveness for dva and rein.,"[4, 20]",4
Funny a lot of rich kids think 100k a year is very feasible.,"[1, 27]",1
"Not really, I’m not too sure, thanks for asking ","[6, 15]",15
I can't not pick Savor the Flavor when playing Stitches though. It's just too damn fun.,"[1, 17]",1
I saw the first 10 seconds and I feel like I understand,"[4, 22]",4
Sweet. Thanks [NAME],"[0, 15]",15
I mean it changes that game at least because if the defender actually wraps him up it’s a sack because [NAME] never threw the ball.,"[22, 27]",27
I think you may just be an asshole/moron bud... sorry.,"[2, 3, 24]",24
Wow! Dude has aged well. Maybe I need some of that snek oil!,"[0, 26]",26
My rabbit had one just like this before she passed. I hope the animal is okay.,"[20, 27]",20
"""Think of how stupid the average person is, and then realize that half of them are stupider than that."" - [NAME]","[20, 22]",22
That's a great start! Amazing. I congratulate you on your self awareness. Some hugs if you want them,"[0, 15]",0
"The only thing worse than this guy, is an actual vegan lecturing random strangers on why meat is murder. ","[3, 11]",3
"Not really, in my mind it was continuous cringe that I was always curious about","[7, 14]",7
[NAME]. Your mom will never be your boys best friend. That part is so cute!,"[0, 4, 20]",0
"nice looks like I hit just about hit the sweet spot, thanks","[0, 15]",15
They’re more and more surprised every week when this is reposted.,"[13, 26]",26
"Good dad, manipulative son.","[0, 9]",0
"Betcha he just needed a new tube of that colour for his kit, & thought it'd be funny to mess with your heads. ","[1, 8]",1
I'm lost here,"[9, 25]",9
"Great show - up until the last half of the final episode. It was such a lackluster, disappointing ending for what was a great series.","[0, 9]",0
I’m genuinely upset that people missed the sarcasm because your comment is hilarious,"[1, 3]",1
"There are no words to help heal your broken heart, but I’m sending you as much love and support I can. ","[5, 18]",5
Haha that's amazing.,"[0, 1]",1
"THAT IS A $200 PLASMA SCREEN TV YOU JUST KILLED, i also loved the way he walked into the room all mad, lol","[1, 18]",1
Thank you - you may call me daddy.,"[4, 15]",15
"Thanks, I guess? Haha","[6, 15]",15
"Not necessarily, plenty of people in my small town that will buy your food stamps.","[4, 10]",10
So many nice things here. Good vibes. Enjoy your cake day and weekend. ✌,"[0, 17]",17
Is that were its from ? All i know is since i was young that is scary af !,"[7, 14, 22]",22
Good bot lol,"[0, 1]",1
DonutLicious in Spring is the most gourmet one I’ve ever been to.,"[0, 4]",0
Oh [NAME] this is atrocious... I think I'm in love,"[18, 26]",18
then its lost man. So sad!...its terrible,"[9, 25]",25
They should be liable for this abuse. It’s just insane!,"[3, 27]",27
This sounds very familiar...,"[4, 27]",4
Lol this was cosmetic. Thankfully both of mine are alive and well.,"[1, 15]",1
Woohoo! He is motivated and awesome!,"[0, 13]",0
At some angles you can get a ws4 into a combo but its inconsistent.,"[10, 27]",10
Thanks! I'll check it out! :),"[15, 20]",15
Oh sorry if I seemed dishonest. I hope you can make it through your mourning.,"[20, 24]",24
"If you had a giant rock on your land, and you couldn't stop people climbing, wouldn't you be pissed?","[3, 6, 7]",3
"Good job that you don't, then.","[0, 10]",0
There is obviously love here. Don’t give up. Talk to each other.,"[5, 18]",18
"I should have known better, its obviously not a juul. I was just happy to see Oliver Tree tbh ","[8, 17]",17
Good answer -- thanks!,"[0, 15]",15
Okay that makes more sense to me. Thank you,"[4, 15]",15
"Sure, there are edge cases where this is less clear, but in the vast majority of conflict, this is true.","[4, 27]",4
Why nothing will change at all ... lol,"[1, 6]",1
Glad we got that criminal off the streets! No-good [NAME]. Tsk tsk,"[15, 17]",17
Yes!! THANK YOU. I’m happy the point of this story was not lost among all.,"[15, 17]",15
This is how my SO gaslights me. I hope it goes well when he comes home and good luck with the baby!,"[5, 20]",20
I didn't see anything in that comment referring to a cactus.,"[10, 22]",22
Your spine is so shiny! Good for you!,"[0, 5]",0
"Fam, I fucking love [NAME] play. Gotta be the most exciting dude in the league other than [NAME] when he’s hitting everything from 30ft+","[13, 18]",18
Want to get a hangover there 👍🕺❤️,"[8, 20]",8
Yes congratulations that was the joke.,"[1, 15]",1
"I have a lot of fun on pre-CU servers, but I like to grind and I love the Star Wars universe","[1, 18]",18
Sad but true lol,"[1, 25]",1
Cake! Happy days!,"[13, 17]",13
I think you're right. I've been proactive before and it helped. Thanks and hope this year is good to you as well!,"[15, 20]",15
Washington Post is garbage because it prints garbage. I'll go with the decision by the experts thanks.,"[4, 15]",15
That fucking Mills charge is FUCKING BULLSHIT,"[2, 3]",2
Thank you very much. Follow up question what is a suura?,"[7, 15]",15
>you never learn anything ever from university This is not true,"[10, 27]",10
"Seriously, check his food. It is upsetting his stomach.","[2, 9]",9
Wow! That takes guts! I’m so squeamish that I can hardly stand getting a shot 😂,"[0, 26]",26
I'm personally curious why we didnt get a video bit from him. Is he natty or bust? His stuff is great,"[0, 7]",7
">very good teams and perfect situations Situations such as.... [NAME] at the Knicks? Lmao dude, give it up. ","[0, 27]",0
"I was hoping that wouldn't be the case, that really sucks man. Hope you find something that ignites your passion again!","[8, 20]",20
I love you and I love your style. Nice work. Bullies should not be rewarded,"[0, 10, 18]",18
Chipotleee! [NAME] Damitt! Closes in 39 Seconds.. but we made it!! Loved this guy!!,"[0, 13, 18]",18
If I have to watch Canada lose in a shootout I'm gonna lose it,"[3, 9]",9
That’s crazy! Really bizarre. Is she off reddit too? I did notice fewer posts.,"[7, 13]",7
Omg I just finished and I'm in awe...,"[13, 26]",13
The NHL has the best All-Star events. the 3v3 tournament is so fun to watch.,"[0, 1]",0
A sorry lot,"[5, 24]",24
why is this being downvoted?,"[6, 7]",7
"Damn, this one sucks doubly so considering all the positive threads on here today.","[3, 27]",3
Oh my [NAME] strawberry watermelon menthol that sounds amazing,"[0, 13]",13
"Ah, I see. Thank you for clarifying!","[15, 22]",15
And other hilarious lies you can tell yourself...,"[1, 3, 17]",1
"Lol, good luck! Hope it goes well for you (I have no idea how it’s working at all for me)","[1, 15, 20]",20
"If you went through the campaign, idk what needs to be explained 😂 ","[4, 6]",6
Too bad I already got a college degree 5 years ago. ;) Would love to go back to school again.,"[12, 18]",18
as [NAME] wishes he didnt want to be buried so they had is ashes thrown in a lake in india as [NAME] wanted please respect his wishes,"[8, 9]",8
"Haha I’m not expecting anything at considering they’re 2,000 miles away from me. I’ll be surprised if she does give me numbers,","[1, 26]",1
[NAME]. I’ll keep my teeth thanks. They’re better (and more useful) companions than a weird dude.,"[3, 15]",15
"Wow dad, you took a baptismal for me","[13, 26]",26
Of course that's possible but you need to provide some proof.,"[4, 27]",4
You’re an angry elf,"[2, 3]",2
? sometimes i play ffa with my friends to have fun,"[1, 17]",17
Youre fantastic. Thanks! How cute,"[0, 15]",15
"""[NAME] could drown in a glass of water."" LOL. i actually love [NAME], though. i know i'm in the minority.","[1, 18]",1
Thank you I appreciate it,"[0, 15]",15
Haha I hope this is real. Look up neti pot. Warm water will soften the paper and come out.,"[1, 20]",20
"Yeah i know, i'm just stating why it slipped my mind, i'm glad you brought it up. ","[6, 17]",17
Just because you stopped to let me cross doesn't mean the other 3 lanes of cars did.,"[3, 27]",3
You literally changed someone's life for the better. You made the world a better place. Thank you for helping change the stigma against autism.,"[0, 15]",15
Thank you .. I wish I was religious.. I admire religion... My mind just doesn't want to believe..,"[8, 15]",15
It goes that far back? That was probably hands down the best fight ever. I loved stone cold as a kid,"[0, 18]",18
"Fish tanks and fiddlesticks, that was intense!","[4, 27]",27
Loved every part of this series so far!! Keep up the good work!,"[0, 18]",18
"Good to see this getting traction again. It really exposes [NAME] to be a useful idiot, and his supporters to be even dumber than that.","[0, 3, 4]",3
"Thanks, I love it ","[15, 18]",15
"Wow, that was fast","[0, 26]",26
"I remember your story. Like you, I'm not as active. And also like you, I try and come back and give folks here hope.","[8, 20]",20
"Aww, what was your favorite thing you did with him while you were there?","[0, 7]",7
You sound like my gf. I'm so lucky to have her in my life.,"[17, 18]",18
I really hope we win tomorrow. .500 halfway through the season would be insanely satisfying... also I want to win lol,"[1, 20]",20
"You're not missing anything, don't worry about it.","[5, 27]",5
Holy shit! Did not see that coming! Gonna miss you [NAME] :(,"[25, 26]",26
"I remember just feeling sick watching this, [NAME] made me cringe hard, I found [NAME] hilarious and ru looked terrible ","[3, 14]",14
This is amazing man. Congrats and keep em coming,"[0, 15]",0
"I personally resent the RCA's centralization of conversion authority within the orthodox world. That's what I meant. Unrelated, I love your flair.","[4, 18]",18
I was 10 years old when this happened and seeing her heartbroken dad on tv and hearing her story still haunts me.,"[14, 22, 25]",22
They won VEGAS not the PRO LEAGUE QUALIFIER. Stop trying to bait me,"[3, 10]",3
"Okay I will, thanks so much you are helpful. I don’t even know if she is into me or anything but... I will see. ","[4, 15]",15
Gotta eliminate the competition. It's Just Good Business.,"[0, 20]",0
I don't think a [NAME] would agree....,"[10, 20]",10
lol not bullying. Just a socially aware nerd complaining about how annoying most of my people are. ¯_(ツ)_/¯,"[1, 3, 10]",1
"Yeah, sorry for that one. Some opportunities are too good to pass up.","[24, 25]",24
"Right, and the names would be different.","[4, 27]",4
"No, no I'm not.","[10, 27]",10
Devils fan here: how good is [NAME]? I'm watching this game and was wondering how he's been and what his potential is,"[0, 7]",7
"Thanks! Oddly enough, it's actually the first place that I ate at, when I was apartment hunting in New Haven several years back.","[15, 22]",15
"Haha ok I thought it looked like the vine logo, but assumed I was wrong since it’s been dead a while.","[1, 22]",1
I'm so happy you said this. I just accepted that I was going crazy.,"[4, 17]",17
"I really love that game. It's so chill, I played it a lot. ","[13, 18]",18
This shit ain't rocket science GateKeeper,"[3, 10]",3
"[NAME] can’t you see, you’re being way too loud for me","[2, 3]",3
You seem fun.,"[1, 17]",17
Ya it would suck good luck too you and your family man 👨✌️👍👍👍🤜,"[4, 20]",20
Farewell wonderful traffic. It's been good 2 weeks.,"[0, 17]",0
"Of course, life get’s better. Just keep on keeping on and I hope you do change your mind. ","[5, 20]",20
Both are on the right though.,"[4, 27]",4
"You know the first thing they're going to ask ""so, are you hungry?"" ","[7, 20]",7
We haven’t had much luck either. We wish you and Aunt [NAME] the best. Stay strong! Thank you for the kind words.,"[15, 20]",15
"Sounds awesome, but I am so out of practice I'd be embarrassed to show up lol.","[0, 1, 12]",1
"Don't be so hard on yourself. Often, things need time. Don't beat yourself up over it. ","[5, 10]",5
"Wow, talk about being [NAME].","[13, 26]",26
"[NAME], loved the story. Personally I don’t think this was petty I think it was quite fair and right. Good job dude.","[0, 18]",0
I do hate fortnite dances,"[2, 10]",2
Well done. I like it!!,"[0, 15, 18]",18
was that hutty from [NAME]?? ahhh that makes me so happy. love those boys e: oh it was a rebound,"[6, 17, 18]",17
I agree with everything you said. I still fell sad for her but this is the consequences of her own choices,"[4, 25]",25
Thanks! I've just been so irritable. I am proud of myself and my husband too.,"[15, 21]",21
That was the most boring movie I’ve ever seen,"[9, 10]",9
"2 years down the road (that is, now) every Uber driver complaining about how they re exploited and blackmailed and can't make ends meet.","[9, 27]",27
Scenes like these are what make me wish I could forget the entire show at will. So I can watch and enjoy them all over again.,"[0, 8]",8
How you walk when you're in work and you are the boss.,"[7, 27]",7
"Love when this happens. Thank you, oh wise one.","[15, 18]",18
See i hate [NAME] and got my ass kicked that game bc i couldnt use him so i was lime why me 😂,"[2, 3]",2
Agreed - from a team who made bowls at 6-6 twice in the past 5 years. We didn't deserve either of those.,"[4, 9]",4
I watch it 4-5 times every time it comes up. I think there is something wrong with me...,"[9, 22]",22
Im sorry my friends money should be out soon then ill release for all to see,"[4, 24]",24
Gang beast is really only fun with friends,"[4, 17]",17
He’s 30 freaking years old and is scared of managing a bank account. *eyeroll*,"[14, 19]",14
"I wish Florida was a thing for me... But I'm keeping toasty with a little liquor love in Erie, PA... ","[8, 18]",8
He seems sweet and I think he really loves her.,"[0, 18]",18
You know what’s a real tragedy? I’m yet to find Soleil art with brand.,"[7, 27]",7
OH MY GOD! The PTA has disbanded! Ahh! Ahh! AHHHHH •jumps through window•,"[1, 26]",26
[NAME] was an awesome Chief. Wish we would've seen more of him being a badass.,"[0, 8]",8
Correct. The LTB judgements are enforced by going through small claims. Which makes for another hurdle for tenants trying to collect judgements.,"[4, 27]",4
"ummmm Wulp I personally love a feminine man. I prefer it, ‘manly men’ are gross and stupid ","[8, 11, 18]",18
Wow! Congrats! I am really proud of you. Hopefully you feel better soon. What an awesome momma ♥️,"[0, 15]",0
That's really sad and shocking to hear this Really embarrassed to be a human being on this earth...,"[12, 25]",25
**Takes away membership card* HOW DARE YOU SIR!!!,"[2, 3]",2
:o thats pretty good. Not what envision my boy [NAME] but I like this alot.,"[0, 18]",0
"[NAME] is my favorite character so I’m super happy they did what they did and I’m very happy she used her semblance, finally. ","[17, 18]",17
"She’s a [NAME] also, but I doubt that means much in the entertainment business..","[4, 6]",6
Wooow! Thank you! Amazing,"[0, 15]",15
"can he break throws though? just kidding. yellow is the season 2 green, OP dude. keep focussing on small steps. better rank will follow later.","[1, 5]",5
Does [NAME] do it telepathically?,"[7, 27]",7
I'm cringing for you. Good luck in your future after this.,"[5, 20]",5
Did you just call me a *bitch*?? You will NOT disrespect me like this TODAY!,"[2, 3, 7]",2
This is ugly af sry,"[10, 11]",11
"Don't, it's shit compared to the original. It's rather WATERed down :P Jokes aside it isn't as good.","[1, 10]",1
Lucky you got a sane dad. Get ready for a world of crazy... just don't get sucked into her toxic world. Good luck.,"[0, 5, 20]",20
The secondhand panic and embarrassment I feel from this is astounding,"[12, 14]",12
This is racist,"[2, 27]",2
"""We've won the AFC less often than you have"" is a weird flex","[11, 13]",11
This is very accurately funny and sad. 🤦🏻‍♂️,"[1, 25]",1
I wish I was there lol,"[1, 8]",8
I completely agree they got fucked on that no call. And I absolutely love it.,"[4, 18]",18
I am loving this exchange. At first I felt really really insecure that my sister and I are best friends and now I realize this person is ridiculous.,"[0, 18, 22]",22
Liberals have become the very thing they accuse everyone else of. Being intolerant and racist.,"[3, 11]",3
And KAT with 6. Weird game.,"[11, 12]",11
Old dirty Bastard?,"[2, 3]",2
Keep fighting the good fight,"[0, 4]",0
Get this religious bullshit out of here smh [NAME] doesn't give a fuck about who wins or losses a child's game,"[2, 3]",2
You're glad Australia was playing politics at a time like this? That's not a vote of confidence in the [NAME].,"[7, 17]",17
[NAME] campaign donation at work apparently. Sure didn't take long.,"[4, 22]",4
Omg I did the same exact thing LOL,"[1, 26]",1
To me he's extremely funny. Love him.,"[1, 18]",18
SHUUUUUT UP THIS IS TOO TRUE,"[2, 4]",4
Is this an /r/antijokes ?,"[7, 27]",7
"I am happy with North Sydney, Milson's Point or Kirribilli and happy with the 19th too!","[13, 17]",17
[NAME] from elfen lied is that you?,"[6, 7, 27]",7
I found an understanding of [NAME] degrees of belief and updated probability extremely clarifying,"[4, 27]",27
that made me cry tears of sadness and joy at the same time.,"[17, 25]",25
"Yep, same here. Got way too excited, then logical part of my brain kicked in. ","[4, 13]",13
"Great questions. I don't have the answer, but I'm happy that were starting to discuss it.","[0, 17]",17
"Cheers, brother. What are you doing to meet women? ","[7, 17]",17
HALLELUJAH!!!! YOUVE SEEN THE LIGHT!!!!,"[26, 27]",26
Ok this makes more sense now.,"[4, 27]",4
It pays well and I enjoy it. I travel 6 months a year. For the last 16 years.,"[0, 17]",17
Well that just sounds delightful. Where was the exchange?,"[0, 6, 7]",7
"I don't like it, simply because men never want to be just friends, and I have no interest in dating random dudes who message me.","[3, 10]",10
No it's not. It's two people legally allowed to kiss kissing. Whatever stigma you have is yours and not shared by everyone.,"[3, 10]",10
"That's gonna be a no from me, dawg.","[10, 27]",10
Notley-nomics helps grow the economy once again! Thank [NAME] we have such good governance.,"[0, 15]",15
The worst is when those moments pop up randomly. Especially when you’re feeling happy and then a mistake you did back in 2005 comes creeping up.,"[2, 17]",17
Lol kill me now,"[1, 2]",1
Can we ban this person? Post history is sketch. Thanks in advance!,"[6, 15]",15
Yeah I hope so! I really love her but I understand too that I can only do so much! Thank you.,"[15, 18]",18
There was a weirdly similar post to this on LegalAdviceUK maybe a couple of days back.,"[22, 27]",22
Vancouver is such a beautiful city! I visited it for a half a day and really want to go back.,"[0, 8]",8
Of all the stupid terms for people out there “womxn” is by far the stupidest,"[3, 27]",3
You look like a bear.... An ugly cartoon bear,"[10, 11]",11
I am so pleased for you that you are going for therapy. You can really benefit from it. I wish you the very best for the future.,"[5, 20]",5
"That's really sad to hear, I can't imagine. I'm wishing the best for you","[5, 25]",25
"my fiancé enjoys all the aspie things I do and thinks they're cute. I don't understand why, but I appreciate it nonetheless.","[0, 6]",6
Wow. A relevant and amusing Garfield comic.,"[0, 26]",26
i just don’t think we are aggressive 100% of the time,"[2, 10]",10
"Thank you noodle, very cool!","[0, 15]",15
That's true deep voices are sexy.,"[0, 4]",4
Of course! It's all good buddy! Pretty cool if that's really you!,"[0, 4, 13]",0
"Yeah lol like I'm cool with signing/drafting DL but pls not in the first like 3 rounds lol, much less at 2.","[1, 23]",1
True story? Haha,"[1, 7]",1
I'm glad that yours is getting slightly better too! Keep on working on it and you'll be a social butterfly someday!,"[0, 5]",5
"after months on months of making gameoverse, he’s had no time. it’s getting the best of him now... pray for him","[0, 5]",5
He got It from his moma,"[4, 27]",27
That's really interesting. How come?,"[7, 13]",13
Nice! I’m glad you liked it. Have fun exploring :),"[1, 17]",17
"Why did you repost this 7 hours after your initial post!? And to the same sub!? Yo, that's not cool man.","[7, 10]",7
Oh this belongs here,"[22, 26]",26
"Ohhhhh man, too real. I spent way too many years with full on raccoon eyes and just accepting that's what makeup was.","[9, 26]",26
"Thank you so much for this link, watching [NAME] was an absolute delight! ","[15, 17]",15
It's the first two themes in the themes section lol - what game did you get :),"[1, 7]",1
The lesson is to not take 4 Ambien. That is just stupid.,"[3, 22]",3
LOL at the tldr. What a crazy story. I'm glad the writer got some friendly new relatives out of it.,"[0, 1, 17]",1
Still concluding I’m disingenuous despite getting your facts wrong. Big ego you’ve got.,"[3, 10]",3
"Great piece, thanks for sharing.","[0, 15]",15
wow just shows how confused **I** was Ftfy Pretty fucking clear as day what was going on here lol I honestly don't know what to tell you,"[3, 6]",6
Wonderful sculptures. Love the expression of the Scottish mythology behind them.,"[0, 18]",18
Start taking psyllium husk and literally every poop will be your best.,"[5, 27]",5
I too think serfdom is good,"[0, 4]",0
"Exactly, last year was frustrating with our [NAME] awful home record. ","[3, 9, 11]",11
I love those possum dives!,"[0, 17, 18]",18
"That's awesome, good for you! This sub needs wayyy more posts like this. ","[0, 15]",0
"Pretty good, yourself? Edited - Saw the link, hahaha... How you doin? ;)","[0, 1, 7]",0
"If you're talking about tfue you're insane. He plays scrims for hours, every, single day. ","[3, 27]",3
"Im not a brexiter. In fact, this is my concern with a second referendum. I'm worried that remain will lose.","[5, 14]",5
"> your character is so yuck Thank you, for confirming my suspicions of who/what you are.","[11, 15]",15
"Lol ""progressive reformer"". Gotta love how gullible Chicago voters are ","[1, 18]",18
"You called me a troll and a liar and you're surprised that I sound ""antagonist and confrontational""? Wow, you're impressive. Good talk.","[0, 26]",26
PM me if you need more info. Good luck! Its tough haha,"[0, 1]",1
I was aware I would be going to hospital and would be showing the teacher up (should have mentioned it),"[22, 27]",27
OMG. How have a I never heard this before? Absolutely dying. You can tell [NAME] just lost it off mic. 🤣,"[7, 26]",7
Lol for some reason this made me snort hard. Thank you.,"[1, 15]",15
Your cat is the best thing I've read all day. Take care of your cat!,"[0, 5]",5
"When I am outside for daily errands, then it sometimes is inevitable, unfortunately ","[9, 27]",27
What type of migraine do you think it is? Hope you get better soon,"[5, 7, 20]",20
"It was. I accept that, and it taught me a valuable lesson.","[0, 4, 22]",4
yeah but FUCK devil roar. I swear a volcano happens every single time I step on land there,"[2, 3]",2
Why is it so hard for people to accept the word no? Jfc. She definitely deserved what she got lol.,"[1, 7]",1
Help that damn cat,"[3, 5]",3
"Good, hope he actually takes that to heart!","[4, 5, 20]",20
That's not true. There are people that genuinely want to cause harm to people and don't care about reactions.,"[10, 11]",10
"Well, exactly that actually, lol. ","[1, 4]",1
Praise [NAME]. Hope his health issues have gotten better. Dude should be on a contender right now 😭,"[4, 20, 21]",20
"Even while [NAME] in a America are discriminated against, they still have such warm hearts. [NAME] Bless them (my [NAME], and theirs)","[0, 5]",5
just fed up of reading subjective opinions be paraded as fact that he was the worse ever.,"[3, 11]",11
He looks like a genuinely nice guy. He doesn’t look fat and greasy,"[0, 4]",0
They apologized for that episode.,"[24, 27]",27
I feel left out... I never get invited to our new world order meetings with our elders of zion,"[9, 25]",9
"The games are that expensive, because corporations have figured out that people will pay that price point. Now bugger off.","[3, 22]",22
"Thanks for the info, appreciate it. ","[0, 15]",15
Ahahaha I’m enjoying your troll. Seriously remember commenting on it like a year ago. Hilarious people are still trying to correct you.,"[1, 17]",1
"From Rockledge, Florida in the united states. Don't know why I ended up here to be honest but it's a good time.","[0, 6]",6
I love [NAME]. But I’m not sure there is a single player in he nba who he can guard,"[6, 18]",18
Came here to say this. I thank you kindly. Long live America. 😁,"[4, 15]",15
Hey. Maybe talking can help you last till then. What's bothering you?,"[5, 7]",7
Happy new year /r/newyorkmets. Everyone in this community makes this place feel seriously special. Let's go win a world series in 2019.,"[0, 17]",17
"nsfw pls, thanks nice work doe","[0, 15]",15
What could it cost? $10?,"[6, 7]",7
>I think this is the same for most people. Exactly.,"[4, 27]",4
ya shes stressed out alot. oh ok. thanks for the advice.,"[15, 25]",15
A little girl recently died because her parents refused to get her medical treatment and insisted [NAME] would heal her.,"[25, 27]",27
What a confession! Unbelievable!,"[0, 26]",26
Some of us only play QP. I’d like to think QP is just as important as comp.,"[4, 27]",4
"It's pretty stupid honestly. [NAME] clearly pointed a bug and people are saying ""oh, it's a feature"". ...seriously now.","[3, 11]",3
This is super duper nasty,"[3, 11]",11
*looks at title* IS THAT A JOJO REFERENCE?!?!?!?!?!?,"[6, 27]",27
I don't really understand what you mean 😩 haha Can you explain please?,"[6, 7]",6
"i am a little bit confused, who are these guys and why did you ask her if she is dead","[6, 7]",6
I'm not sure what you're talking about. He removed his name off the records long ago.,"[6, 22]",6
"haha I didnt remember that Rampage was there live commentating for that one, good stuff. ","[0, 1]",1
I'm so sorry! I hope you are doing better!,"[20, 24, 25]",24
"but that’s exactly my point lol you get better at those things, the scary factor affecting skill learning becomes smaller and smaller","[1, 27]",1
"Honestly, this has got to be the most reckless way to bully and harass a kid. Kids have a tendency to grow to their expectations","[2, 3, 11]",3
"I’m from Oklahoma City. Not a small city, but a few of his patients are from there.","[4, 27]",27
"Oh wow, I am so sorry. I hope you find someone who values you for you. ","[20, 24]",24
as someone who doesn't wear a kippa at work out of concern for these things happening....what was being said? And thank you for standing up.,"[6, 15]",15
Agreed. How do you feel about the rumors that he doesn't pick any girl as an endgame?,"[4, 7]",7
"I like [NAME], but this entire sequence was hilarious. Poor guy. ","[1, 18]",1
Not offended just dont care to debate over game development or how long it takes 🤷🏽‍♂️ lol you win sir,"[1, 4]",1
"I find porn disgusting and boring, could this be a sign I'm asexual?","[7, 11]",11
It bothers me that he doesn’t respond to your texts. That’s weird,"[3, 25]",3
"True enough, I just hope there are more reasonable people than not. ","[8, 20]",20
"Wow, you’re so generous with other people’s money.","[13, 26]",26
"Sorry, I swapped back to Canada unclearly, to respond to the comments about it.","[24, 25]",24
Wow! You've put my relationship in words I couldn't think of.,"[0, 26]",26
105 strikeouts over 81 2/3 innings. that's good lol [NAME],"[0, 1]",1
I dont know.. i did message him many times but he didnt reply me.. i am worried about him. I asked his mother about him,"[5, 19]",19
Thank you! We all appreciate the kind words! 💓,"[0, 15]",15
"as a [NAME], trust me its not that great lol","[1, 10]",1
Fabies? fababies? fatbabies? but fat babies are so cute.,"[0, 7]",0
That LOD is a moron,"[2, 3]",2
Omg yes feels like being new born.,"[4, 13, 26]",13
Thank you. That's encouraging. I hope to find people like that to learn from.,"[15, 20]",15
Is this the track that’s just [NAME] cat meowing but slowed down? My memory is failing me,"[6, 9]",9
They're really cute but I'd never in a million years own one because they literally smell like week-old pissed on rugs.,"[0, 4, 9]",0
"Sorry, I’m out of the loop- are they on this season as well? I forgot about them","[7, 24]",24
Thanks for your words. I appreciate hearing from you. You bring up some very disturbing points.,"[0, 15]",15
"Here, we [NAME] are open books. Brutal, and often hilarious truth in every word we speak 😂","[1, 3]",1
Exactly. Some ammo is already cheaper than that.,"[3, 4]",4
It's so odd. He even sits in the co-pilot spot. Why isn't he now the pilot? [NAME] had never even flown into space before.,"[6, 7]",6
I'm just thinking our government sucks at Civilizations. Should have invaded them decades ago. Lots of water and farm land to use.,"[3, 8, 20]",3
LOL. Glad you noticed.,"[1, 17]",1
"Your nurse is an idiot and I'm sorry you dealt with that. Yes you are sterile, and talking to your doctor is a good idea.","[0, 24]",24
"I dunno, ""Lobbyist"" and ""Senator"" seem like mighty fine jobs","[4, 6]",4
🤷🏻‍♀️ As a wise man once said: he was a bastard in life thus a bastard in death ,"[2, 3]",2
And suck this guy off at the same time,"[2, 27]",2
Hahahahaha. That's hilarious. Oops! Thanks for pointing out my typo. I think I'll leave it.,"[1, 15]",15
Awesome! I'm really excited. Are you there too?,"[0, 13]",13
"It's ""snowflake"" to get upset over something like this 😂😂😂","[3, 9]",9
I like how the [NAME] stood there like what the fuck and then just accepted his death.,"[0, 18]",18
"Still looks pretty delicious, makes me really want an omelette rn tbh","[0, 8]",0
"Haha, glad someone was able to point you in the right direction then ","[1, 17]",17
"That's an unusual idea, I must try it out! Thank you!","[0, 15]",15
"> Literally no one cares if you stay or go, Funny you should say that...","[1, 9]",1
I just came off of watching all of his movies. Dear [NAME]. I love and hate them at the same time.,"[0, 4, 9, 18]",18
"The social cohesion after brexit is going to be super cool too, everyone with flags on the windows.","[0, 13]",0
"This makes perfect sense, thank you for explaining! ","[0, 15]",15
"Ever heard of the New Deal? Look it up, it was pretty cool.","[0, 7]",0
The fuck?! You're in the wrong subreddit with this regressive bullshit victim blaming.,"[2, 3]",2
"“Fall in love with at least one physical, one artistic, and one intellectual pursuit” — This is great advice! Thank you 😊","[0, 4, 15]",15
"I love [NAME] so much, but honestly it's great news that they refused to go back to that system. Hoping for [NAME].","[18, 20]",18
DuDE -- I aLMOst HAd yoU!!,"[13, 27]",27
"Yeah, I completely agree. I was just making fun of this sub for seeming like they only want girls wear hoodies lol.","[1, 4]",1
I wouldn’t call Sargent Peppers underrated by any stretch of the word,"[10, 27]",10
I am getting a lot of weird replies...,"[3, 11]",11
"No, she's standing in the water after she pees.","[11, 27]",27
Any time. Sorry she is putting you through this. I hope you two figure it out soon.,"[20, 24]",24
I sure hope by all falls down you mean all mine and by the workout plan you're talking about the skit and not the song,"[20, 27]",20
That was the only place I saw and their pictures looked horrible. Might just have to go to the source and vacation in southern Asia,"[14, 22]",14
My school did this too except with a gold spray-painted plunger. Kids love toilet humor. 😎,"[18, 22]",18
I’d rather give up masturbation. No time for it anyway when I work.,"[22, 27]",27
Lol. Exactly,"[1, 4]",1
"Out of curiosity, what's wrong with the tribal casinos? I've been many in Southern California that were great, are the ones on Washington bad?","[0, 6, 7]",7
I love flying out of Midway because I feel like I have never waited more than 10 minutes for security. I love the lines at Midway.,"[17, 18]",18
That is so sad. So your sisters got to ruin their bodies and forego a career? Yikes.,"[7, 11, 25]",25
Why are you comparing third world countries to a first world one? This speaks volume about the lack of a proper argument.,"[3, 7]",7
Couldn't have said it better. Just did the same over my winter break and really got to know myself a lot better. Cheers to the new year!,"[15, 17]",17
Powerful stuff. I'm sorry I gave you this much time and credit.,"[3, 24]",24
Think FARC and Columbia if you're looking for something to compare the Afghan talks to. That's the best that useless war can hope to achieve.,"[0, 20]",20
"I would have to agree. He acts for himself and wants revenge but also cares for and respects life so, chaotic neutral.","[0, 4]",4
"I love the vid, I just wish it was longer ;_;","[8, 18]",8
You've not listened to him.,"[3, 10]",10
I was having a good day. We were ALL having a good day.,"[0, 17]",17
"It's 57% upvoted, which pretty much means most people hate it. ","[2, 10]",2
Think you mean this Labour MP,"[3, 27]",27
Omg. This is just the best ever. 💜💜💜,"[0, 26]",0
That is one cute baby. I don’t think all babies are cute either. But this is a really cute baby.,"[0, 18]",0
Thats the problem you have with this? Mule kick in zombies has exactly what he wants xD,"[7, 8]",7
"Apologies, that distinction always slips my mind lol","[1, 25]",1
Great to see him involved.,"[0, 27]",0
Reminds me of that tragedy,"[22, 27]",22
Normally the posts on this subreddit are pretty innocent and vanilla.....yeah not this one I think I’ll pass on “TheDickPill”,"[4, 27]",4
[NAME] was such a fun weapon,"[17, 27]",17
Thank you! We feel hard. We just don’t express it the same way feelers or maybe just most people recognize.,"[4, 15]",15
thanks i hate her,"[2, 15]",15
Agreed! Hopefully! :-),"[4, 20]",20
Not defending [NAME] at all but this is just super sad if it’s true...,"[25, 27]",25
"Guys message got deleted, what did he say? ","[7, 9]",7
persistence that is working perfectly fine...thanks to backup scripts lol,"[0, 15]",15
that made me feel bad for nw,"[9, 25]",25
[NAME] bringing on Sir [NAME] to confront [NAME] about calling him fat is a great interview,"[0, 4]",0
"Alright dude just fuck off ok, it's not the funniest thing on the internet but it did make me smile so in conclusion fuck you","[1, 2, 3]",1
Wow this made my forehead hurt it was so cringey. I love it.,"[18, 26]",18
Thanks! We had fun.,"[15, 17]",15
"Nah I'm good thanks, I still got Netflix and the Pirate Bay","[10, 15]",15
That was the best time to be Black in LA,"[0, 4]",0
Lol... that is awesome.,"[0, 1]",1
I love the [NAME] conspiracy and this is a good addition! Thanks for sharing.,"[15, 18]",15
I know! BTW I love your choice of critter. Penguins are fabulous.,"[0, 18]",18
Don't care. Have fun. Got better things to do.,"[1, 5]",5
That’s my favorite aquarium! Wish I saw that though lol,"[0, 1]",1
">I want to believe that everyone deserves love They absolutely do! And he loves himself enough already! Too much, in fact.","[4, 18]",18
"Thanks dude, palms were very sweaty lol","[1, 15]",15
"I had a panic attack when I saw that, thinking that I slept for 3 years and Hall was a Duck.","[14, 19]",14
These are some of the best movies to watch high (esp Butterfly Effect),"[0, 4]",0
That's what makes the best reply you could paste the comment at mumble rap and 10 day tho.,"[0, 4]",0
I second that,"[4, 27]",4
I love [NAME] and totally understand. I hope she and [NAME] are able to have their healthy baby.,"[18, 20]",18
"Well, the bill was about 100+ per person. Must be amazing lunch there.","[0, 20]",0
Sad but exciting to see him in a place where he might perform well. Hopefully he stays injury free.,"[5, 20, 25]",20
Yeah I love all of my little rejects. They keep my wife warm when I've got a night shift.,"[5, 18]",18
Imagine my shock... but he does seem very representative of the left.,"[7, 26]",26
Thanks for that. Never really investigated mechanism of it. Seems to be familial as father has it too. Otherwise normal.,"[15, 22]",15
"I’ve never been in love, haha. So I wouldn’t know.. thank you for this comment :)","[1, 15]",15
Loved him in Gavin and Stacey! Thanks for the recommendation,"[15, 18]",15
Not gonna lie I’m pretty out of it for New Years so I probably knew-jerked more than necessary. Happy New Years my man!,"[13, 15]",13
"Thanks for the link, my email indeed was breached it says. I’m just not sure what this exactly means.","[6, 15]",15
You miss the sidewalk wing massacres as well I'd bet,"[20, 25]",25
I slightly hate you for triggering my OCD but at the same time it’s glorious,"[0, 3]",3
"Nice, congrats!","[0, 15]",15
USA Trash is [NAME] beloved gift to Canada. Thanks [NAME]. Nice hair though!,"[0, 15]",15
"Man, I kinda feel bad for dude, hopefully everything went smoothly past that","[20, 25]",25
"That’s true, thank you","[4, 15]",15
"Thank you. [NAME] killed it, earned his spot. Love my packers but sometimes people in this sub are ridiculous ","[15, 18]",18
"Hey thanks, I appreciate it!","[0, 15]",15
"Honestly, I respect [NAME] for doing what he felt was best for business. [NAME] can go fuck himself.","[0, 2]",0
I never said you did? I'm just going off the conspiracy that's been going around for awhile about her being a clone,"[7, 20]",7
Lmao there referring to what [NAME] said in episode 3 🤦‍♂️,"[1, 22]",1
"They hated [NAME] since the beginning of [RELIGION], they treated them like animals","[2, 27]",2
You are doing your kids such a grand favor! I wish I were raised like that.,"[0, 8]",0
"Yes, which is why I hate the term ""ranked choice voting"".","[2, 3]",2
Happy cake day,"[13, 17]",13
They love to prey on women that have just given birth. It’s so disgusting!,"[11, 18]",18
> Every billionaire is a policy failure Damn right!,"[4, 27]",4
"Thank you. Let’s not blame one parent only for the existence of a child, or the batshitness of one coparent. ","[15, 22]",15
"Brother, I am in tears, [NAME], I wish I had been there. ","[8, 25]",8
Dudeeee damnn why am I at work when this happens lol,"[1, 3]",1
This isn’t true right? That would be incredibly funny,"[1, 7]",1
why are other dashers such [NAME] 🤣who made y’all so upset,"[7, 9, 25]",7
R u a dad or did ur dad leave u both have bad jokes,"[6, 27]",6
Don't use autism as an excuse to be an asshole,"[2, 3, 10]",2
I’m not sure even know sits a fucking painter’s tool. I hate everything about everyone in this video.,"[2, 3]",2
Oh no! Poor dude!,"[9, 25]",25
I wish him good luck trying to get the video back but his chances are quite low. It's one man versus a corporate empire.,"[5, 9, 20]",20
"It would hilarious, but also kind of sad.","[1, 25]",1
"As someone with sinus and breathing problems, this makes me anxious and short of breath just looking at it.","[14, 19]",19
Thank you! I will take that warning under consideration. History is brutal but there's detail and unnecessary detail.,"[11, 15]",15
Now were talking. Acknowledge our short comings and bring in a guy that is essentially a solution to most of them. Love it.,"[4, 18]",18
This one is hitting people that knew him hard. He was such a happy guy all the time. Hopefully they catch the bastard soon.,"[17, 20]",17
"YOU'RE AWESOME, THANKS!","[0, 15]",15
Just wanna say I love you and hope the flight and everything thing else goes well👌👌.,"[18, 20]",20
This just oozes passive-agressiveness. I love it!,"[17, 18]",18
Felt like yesterday when they got married in that barn/bar/bistro. Truly the halcyon days.,"[17, 27]",27
We had some sparkling apple in our ICU tonight as well! Happy new year!,"[13, 15, 17]",17
"Cadbury is better than both of these, however they’re still solid choices.","[0, 4]",4
Nice work. I really want the full scene in this format.,"[0, 8]",0
"Very interesting link, thanks for sharing. Happy New Year!","[0, 15]",15
"[NAME]: ""She seems useless""","[3, 27]",27
"And losing to division rivals gives them the tie breaker, no? Very frustrating. ","[3, 9]",3
"I hope you’re doing well with RCIA! So sorry for your loss. Praying for you, your family, and your daughter ♥️","[5, 20, 25]",5
Are we sure this isn't the beaverton?,"[6, 7, 27]",6
Amazing. The perfect words for it,"[0, 4]",0
Haha I can drink to that! Cheers man!,"[1, 17]",1
"That’s always good to be away from toxic people like that. Try to keep yourself from those types of people, they can ruin your life.","[4, 5]",5
Mind linking the Etsy store name?,"[7, 27]",27
You're right. I forgot more Democratic seats were up for reelection! Thanks!,"[4, 15]",15
Hahaha thanks for sharing that is simply amazing. You probably gave the buyer a good laugh too.,"[1, 15, 17]",15
I can't help it. It's just so perfect.,"[0, 4]",0
These are worse than the [NAME] ones [NAME],"[3, 10, 11]",11
He will regret nothing I'm sure,"[24, 27]",24
Though i think i preferred it when it was artistic and gritty i still love that series. Listening to the audiobook he took the voices from. highly recomended,"[0, 18]",18
Worried it will be taken off the table?,"[7, 19]",19
"I suppose when discussing socialism one ought to avoid the use of the word prosperity, it does become a touch embarrassing. ","[12, 27]",12
I'd love to hear someone argue in support of our current income inequality..,"[8, 18]",18
Me too! Just figured out how.,"[4, 22]",22
"DoorDash can deliver my White Castle's at 3am, that makes me happy","[0, 17]",17
"Happy Cake Day! I, too, have been a victim of cake.","[13, 17]",13
"Its a tough thing, but our government NEEDS to be downsized drastically. I just hope the affected employees have help with the transition.","[4, 8, 20]",20
Disgusting performance. [NAME] appears clueless.,"[6, 11]",11
"""I care about the nation and the world"" and ""I'd rather let trump win than vote democrat"" are opposites of eachother","[5, 27]",27
I used to like [NAME] so much him and [NAME] were one of my fave couples but I’m over him and his BS lol,"[1, 18]",18
"[NAME] insists it went off the glass, i trust him!","[4, 27]",27
hugs back! thank you for writing and being here with me.,"[5, 15]",15
Leave ASAP. That is all. Your life will be better for it,"[4, 5]",5
I hate this and I love you for sharing it,"[2, 18]",18
"Thanks. I'm still sad till this day. But whatever happens, I'm at peace with his decision.","[15, 25]",15
Idk which is worse. The guy doing the project or me watching the video.,"[3, 6]",6
The kids aren’t doing anything stupid here... cause it’s a fake video. I feel like this is in the wrong sub.,"[3, 10]",10
I love how you are a individual just trying to be yourself. I always say sexuality is the least interesting things about yourself.,"[4, 18]",18
I don’t know where you live but just a bj should be around 80$,"[6, 27]",6
Thats fair. I know its a joke it just always struck me as odd how people wrote it off. No worries.,"[1, 4]",1
Is it bad that im really bummed he didnt get hit?,"[7, 9]",9
"me: haha im an incel. rApE sHoUlD bE lEgAl! wOmEn ArE iNcApAbLe Of ThInKiNg greaseball who stares at my chest on the bus: Well, actually...","[1, 2]",1
"I thought it went well, but then she clearly didn't I guess it started to go downhill the second she saw my face C'est la vie I suppose.","[6, 22]",22
Haha that literally made me laugh out loud OMG I'm still dying. Take this upvote man. Well deserved,"[1, 15, 17]",1
"Yeah, might just grab a coffee and be done with it.","[4, 27]",4
"Huh, I was just wondering if something like this existed. I'm working in food manafacturing an this would be epic.","[13, 26]",26
Somebody has got to be a parent lol,"[1, 17]",1
Who tf told you that weirdo is left?,"[3, 7]",7
"Thanks for the detailed reply friend, much appreciated. I’m a history buff and love learning about these things.","[0, 15, 18]",15
Breathing out like a dragon keeps me from gagging when i brush the back of my tongue,"[25, 27]",27
I feel so bad anytime I see anyone fall on their face... I just want to make sure they are ok.,"[5, 9, 25]",5
Gotta love trailing for 59+ minutes,"[17, 18]",18
Thanks im going to get that on a shirt u are awesome and must love everyone thanks for the help [NAME] is still president,"[0, 15]",15
"I agree, I love acdc, I just don't love the comments on their songs cause so many of them are dumb lmao","[4, 18]",18
Literally what happened.,"[7, 27]",7
"HEY! Once I was out on my own, I **loved** getting socks and underwear as gifts. My son just realized the same thing.","[18, 22]",18
Glad to see Tael (wabi) on the list but surprised its not at the top.,"[17, 26]",26
They have THE BEST tortillas too. Made right in front of you. Mmmmmm!,"[0, 27]",0
"To be fair, the world (especially politics) has been kind of a shit show since 2016","[3, 9]",3
Where did people get this? It’s hilariously wrong.,"[1, 7]",7
Yup. How sad is it to admit I'm jealous of the ravens run game and defense 😣,"[9, 25]",25
That's unfortunate but can't blame that lawyer for doing his job.,"[10, 25]",25
"Love The Weasle, I've grown to like him a lot ","[0, 18]",18
Ah the high life. Must be sweet.,"[0, 1, 17]",0
why would you have kids? why would you chose not to be with that girl with big boobs? you dumped her?!,"[6, 7, 9]",7
"[NAME], [NAME], [NAME], prime [NAME] + [NAME] was fun. ","[1, 17]",1
So the watering down continues. When will the democrats stop losing the battle before it's fought?,"[6, 27]",27
"all 10’s left tbh hoping for a clarity win, we found love second, rather be third, and titanium fourth","[20, 27]",20
"Yeah, for sure. I've definitely come pretty close to panic attacks at the dentist as well.","[4, 14]",4
You are AMAZING. I especially love the woman !! :),"[0, 18]",18
That's the perfect intro for a panic ult.,"[0, 14]",14
"Now I guess the question is, were they dipping their brush in their own paint pot, or were they sharing with a friend ?","[6, 7]",6
Sorry then. My bad. Let's hope there is no full scale war any time soon btw.,"[20, 24]",24
oh yes! i did not know pizza could possibly ever be disgusting until i moved to florida.,"[11, 22]",11
That such a sad flop [NAME],"[9, 25]",25
Glad [NAME] found some love in his life,"[13, 18]",18
Solid r/ThisIsMyLifeNow material. I love it. They’re such gorgeous dogs!,"[0, 18]",18
"I love playing [NAME] against everyone. Main fire for 2 seconds, alt fire in the head, 100🔥 ","[13, 18]",18
"Thank you! When I have more, I'll post it.","[15, 20]",15
"You ""finally"" realized this? This sounds like a journal entry from 2003.","[7, 22]",22
Thank you! I agree. We’ve decided to back off. No need in feeding into it. :-),"[4, 15]",15
Amazing work!. I truly enjoyed reading this and read like a page directly from the book.,"[0, 17]",0
Cordovan in the mech with the loudspeaker really makes me smile. It is just so bonkers. I love it.,"[17, 18]",18
"“excuse me, sorry im next”. “oh sorry”(moves behind you). “thank you”","[15, 24]",24
[NAME] lines especially. They're all so good because originally [NAME] was going to play that character.,"[0, 4]",0
B-But big pharma is great! Vaccines everyone! Vaccines! We love big pharma! They never lie! Come on start circlejerking!,"[0, 13, 18]",18
Uh oh. I think I love Calabro. That was a hilarious call. Gotta love it!,"[1, 18]",18
Guys. Our defense is bad outside of like two guys.,"[9, 10]",9
"I love and stan Manila , I always will. BUT the fan base worshipping the ground she walks on is getting so irritating ngl","[3, 18]",18
Nooooooooo I was a student staff member at the WCC and this makes me so sad and angryyyyy,"[2, 10, 25]",25
Nice try cat daddy ;),"[0, 15]",0
Everyone panics when they are on fire.,"[14, 19]",14
you would love the episode of the boondocks called the return of the king.,"[18, 27]",18
"As a BMW owner, I don't understand what this meme is even talking about.","[6, 10]",6
So I've just read your whole post. Wow. Your mum is a piece of work.,"[0, 26]",0
"If you’ve never been to DSA you’d be surprised by how many amazing, smart people you’ll meet. ","[13, 26]",26
"I mean, if I make it look like an accident, just think of all the ribs I can buy with the insurance money... ","[4, 20]",4
"I’m so glad you had a lovely time! And you gave so many other people a good experience, too!","[0, 17]",17
I would love to see [NAME] play all 60 minutes but nah. [NAME] needs to chill.,"[8, 10]",8
I Will as soon as I get out of The mental hospital lol thank you for recommending it. I love [NAME],"[1, 15, 18]",15
EVERY POST YOU MAKE IS AMAZING THANKS MY MAN,"[0, 15]",15
I'll have a look and see if I can find it. Cheers for the info!,"[13, 17]",17
Thanks I got sorted here anyway.,"[15, 22]",15
*Hey just noticed..* it's your **6th Cakeday** ThaJarseff! ^(hug),"[13, 26]",13
I'm so sorry. Read about you getting kicked out at home. That must be devastating,"[24, 25]",25
Apple can still go kindly fuck itself tho,"[2, 3]",2
Damned straight.,"[2, 27]",27
I agree but I can’t force him.,"[4, 5]",4
Since [NAME] are technically [NAME].,"[3, 27]",27
Congrats keep going,"[15, 21]",15
Never heard of the artist or the song. But it sounds really great! Thank you for sharing!,"[0, 15]",15
I guess [NAME] are especially good at making heaven sound boring 😂. I'm also an [NAME],"[0, 4, 20]",0
"You can thank [NAME] for that. He wouldn't commit to taking [NAME]. He wanted to play for [NAME]. He shunned uncertainty, not the Jets.","[4, 15]",15
I want it!,"[8, 27]",8
Does it say how many servings are in the bucket? I'm really hungry.,"[7, 27]",7
I saw this entire movie on YouTube and loved it! But it doesn’t seem to be on YouTube anymore :/,"[18, 25]",18
Good retort! Thank you for your contribution to the discussion.,"[0, 15]",15
"Lol at the caption, but I believe it’s Netflix’s new original movie Close.","[1, 4]",1
"Seems fun, wonder how she would have ended up if the ca er was not there","[1, 26]",26
"Are you located in Wellington? Just interested to see where garage project is available in New Zealand, because i've heard its limited... ","[7, 13]",13
Sell all bch for bitcoin and hope for a bull run. Best decision you probably will make in your life.,"[5, 8, 20]",20
"Ahhh, the old ""if you don't vote the way I do, you're a big dumb idiot"" gambit. ","[3, 11]",3
"I'm not sure about bigger, but according to Google search algorithm, definitely as relevant.","[6, 27]",6
"Hi, [NAME]! I just wanted to stop by and wish you peace and happiness! -HappyFriendlyBot","[8, 20]",8
That magazine cover after her first surgery was awful. She got a chin implant or something I think. Receipt:,"[10, 11]",11
"Thanks. I knew DH, but that one was confusing me.","[6, 15]",15
Love the new intro song.,"[17, 18]",18
Thanks boss. Finally got a sibling for the Glock!,"[13, 15]",15
"No, every movie shouldn't be like that. But a good protagonist is a good protagonist! ","[0, 10]",0
Sakura drops & Goodbye happiness,"[17, 27]",17
Good always love him,"[0, 18]",18
"Ok, I will take this with a pinch of salt, but take it into consideration nonetheless. Thanks.","[4, 15]",15
"I would not be that mad though. Just disappointed. I am angry at people like you, not the show in itself.","[2, 9]",2
Disinfected or sanitized maybe. No way an entire exam table is sterilized.,"[6, 10]",6
"Thanks, Now I hate you, and will have dreams about this tonight.... Just what I needed","[3, 15]",15
I recently won a match going 12/19. Always ends the same way you thanking them profusely and them being slightly annoyed.,"[3, 21]",3
Oooo I love that theory! I hope we do find out her name one day,"[18, 20]",18
Great! Can't wait :),"[7, 13]",13
Not exactly the cream of the meme crop there. And on a personal note I don't think ironically bad memes are funny.,"[1, 22]",1
One week sounds like a good timeframe. Good luck on your channel! I hope that expected revenue goes up for you.,"[5, 20]",20
Okay. The wall that he's mentioning. What wall would that be? ***on the border?? Oh my! Big surprise***,"[7, 26]",26
"No way. [NAME] was annoying. Arizona left a huge gap in the cast, she was great ","[0, 3]",0
Bee happy! ' v'),"[5, 17]",17
I loved coming across this today! Nice work!!,"[0, 18]",18
[NAME] is honestly really badass and he has a great design I hope they give him something good to do in 11,"[0, 20]",20
I had to look those up.lol. That's awesome. Do you make money by doing so or just pure hobby?,"[0, 1]",1
I hope. Sirens got me excited,"[13, 20]",13
Argentina is with you! Be strong comrades!,"[4, 5]",5
^ This. You know the guy's a liability when multiple teams openly admit to taking advantage of his defensive inconsistency at the left.,"[10, 27]",27
Thank you to share your opinion and I’ll appreciate this (=,"[0, 15]",15
It's always been Marfeles. Was 30 years ago when I first visited.,"[4, 22]",22
This’s didn’t hold up too well.,"[9, 10]",9
Oh wow this is big. Thanks for the heads up. Indeed! So many great memories that I still like to reflect back on. Thanks!,"[15, 17]",15
I'm still so sad we never got to see [NAME] witnessing his miracle baby's first steps. ☹️,"[9, 25]",25
At least he let you use an envoy. Those are seriously reliable. What color was the envoy,"[3, 4, 7]",7
Wow.....,"[13, 26]",26
Lol nice. I can't say the same yet. What do you do for a living if I may ask?,"[1, 7]",1
good to hear my man!,"[0, 17]",0
You just need to live your best life. Do the things that make you happy and don't dwell on any of the negatives.,"[4, 5]",5
Hope + Sabres = Mistake Just remember that you love hockey and do your best to enjoy the ride.,"[5, 18, 27]",18
they're shite - disgruntled OCSC fan,"[2, 27]",27
I always wondered where it was on ormond. I managed to find the toolbox last week on yamaoka as killer.,"[7, 26]",26
"I know! It amazes me every day, but I'm SO, SO thankful for those lists.","[0, 15]",15
Because I have no self-control and I hate myself.,"[2, 24]",2
Well I did have one balanced meal...before a few alcoholic beverages.,"[4, 27]",27
"Like [NAME] said at the very end of the stream, “You’re still here and you can still do amazing things.”","[0, 4]",0
Facial hair ability: [NAME] Looks like [NAME] got a bloody nose a week ago and hasn’t washed the blood out yet.,"[3, 27]",27
"So what is then, the race of western peoples? You're treading in very problematic territory friend","[5, 7]",7
"Ah yes thank u, now the image is very funny","[1, 15]",15
❤️ you are a strong individual and there is an amazing amount of support behind you,"[0, 5]",0
Also put icecream under the taco for a nice sundae suprise 👍,"[0, 26]",0
love this! makes me want to go hiking at superstition this weekend.,"[13, 18]",18
Here in the UK I’m pretty sure I’ve never seen a taco,"[4, 22]",4
Why not ask a friend to do that?,"[7, 27]",7
"more like consistent*winner*, i hope you find a lasting happiness","[5, 20]",20
"I need more videos of this cat, love its face xD","[8, 17, 18]",18
"Geez, we still got about an hour left lol","[1, 22]",1
Funny. The only people who have ever attacked me were conservative [NAME].,"[1, 3]",1
You can love both [NAME] and the person you are with.,"[4, 18, 27]",18
"The US and Canada are great allies, it's really a shame they've elected their worst. ","[0, 11, 12]",11
I forgot the Olympics was gonna happen there 😂 hopefully the signs and stuff will stay!,"[4, 20, 22]",20
"Thanks a million, because I was very much thinking the opposite hahaha","[1, 15]",15
"I don’t understand your question, why are you nervous if you are happy with the arrangement and he seems interested? ","[6, 19]",6
"Obviously, as long as [NAME] commanded it then it's moral. Morality brought to you by stone age goat herders!","[4, 27]",27
What is the job you are going to college for? Now days some jobs are more accepting with tattoos,"[7, 22]",7
CONGRATS! So happy for you. May life treat you kindly from now on.,"[15, 17]",17
"Your mental health. You might think its fine, but having to live a double / fake lifestyle is wearing on the best of us . ","[5, 10]",5
I don’t set an alarm I naturally wake around 4am. Love my mornings.,"[4, 18]",18
awesome thank u!!,"[0, 15]",15
"It is good game, they are good generation!","[0, 4]",0
"Wait, so do you have a source or not? Genuinely curious, it’s been three comments since the other guy asked","[7, 22]",7
"I thought it got a nerf when the spirit got released. My bad. But I still stand by, healing against the legion is pointless. ","[9, 27]",9
Awesome! Hope you had a good holiday,"[0, 20]",20
"I do that anytime I see something pointy. I'm just like, ""I wonder how it would feel to stab my eye with that.","[4, 26]",26
"Imagine knowing the world was going to know you're going through puberty, with pictures! And thanks! Huge online comic fan. ","[15, 20]",15
Great news. Hopefully we can get a PLP that is more representative of the membership.,"[0, 20]",20
Steakspeare in Love,"[18, 27]",18
"That's great to hear, we need more Maki lovers","[0, 8]",8
"Nice strawman. I can see now that you're not compensating for anything, lol. ","[1, 4]",1
You know what happens when we make assumptions!!! Good point. Thank you.,"[0, 15]",15
She’s still not gonna message you dude I promise,"[4, 5]",5
Oh that’s terrifying,"[14, 26]",14
Actually this is very clear thinking. This is the best answer on this thread. Thank you.,"[0, 15]",15
Lol looking through old posts of .53 being the year of release 😒,"[1, 3]",1
Good. Thanks everyone but finnaly some reading material. Many thanks,"[0, 15]",15
I was expecting her to come in to work looking like [NAME] from the [NAME] show...,"[8, 27]",27
"Most of the people on top aren't even very relevant anymore, at least not nearly as relevant as they used to be","[10, 27]",10
Lol no.,"[1, 10, 27]",1
She has started therapy with an addiction specialist. That is a hopeful sign IMO. Wish she had started a while ago.,"[5, 8, 20]",20
Haha cheers for the kind words mate,"[1, 17]",1
I’m not crying... I’m just cutting onions... I-I’m making lasagna..,"[10, 27]",10
"I just hate the ""I don't know"" people","[2, 3]",2
"Bat Out of Hell is awesome start to finish, I'd love to see a musical based on it.","[0, 18]",18
Damn MLM at its worst,"[3, 9, 11]",11
Please get them into it. Toronto needs a better barn,"[8, 27]",8
Sweet thanks for the update. I hope the kitty finds a good home,"[15, 20]",15
TIL [NAME] is a real girl,"[0, 27]",27
im glad to know that it's not that likely that I'll be sent immediately. thank you for the kind words :),"[15, 17]",15
"This is a customer service gig and you’re flipping people off, maybe you should find another line of work 😂","[3, 20]",3
"Yeah pretty much. People do change, but never ever do they change because someone else demands it from them.","[4, 22]",4
In fact I plan to start using them in my videos since I plan to make this year feel like 2009.,"[4, 22]",22
You're ugly,"[10, 11]",11
they seem confident and chill,"[0, 27]",27
"[NAME] will be gone. Although I think end of the first is where he should go, he will go super early","[0, 20]",20
"I'm fairly new to this group and just realized my nightmares started the day I joined. However, I still somehow love it!","[18, 22]",18
"Ohhhh, that makes sense. Cheers mate ","[13, 17]",17
But why? I have enough awkward moments in my life. I just want to see comedy when I watch a show labeled as one.,"[7, 8]",8
"Hahaha, that's a good one. ","[0, 1]",1
But this isnt about a comic book movie. It's a cartoon. Also this is a right wing website...so how does this not count?,"[6, 7, 10]",7
I love Wayfair! Just started using them and am impressed. Sounds like UPS sucks. Enjoy your couches! Haha,"[0, 17, 18]",18
I think you misunderstood me. I wanted to say that it was beyond stupid 😊,"[3, 9, 22]",3
The chicken and bacon one sounds absolutely baller. I’ll have to check it out! Thanks,"[0, 15]",15
What a weird thing to say.,"[3, 11]",3
Hey i used to work at Sams and i was a check our supervisor COS. It fucking sucked. I say that with the biggest grin.,"[1, 3]",3
This is fantastic and I'm happy for her!,"[0, 17]",17
I’m so very sorry that happened to you!,"[5, 24]",24
I am twice as proud of my baby [NAME].,"[0, 21]",21
Born and raised in New Britain. Love these sodas.,"[4, 18]",18
"True , when this song started playing, I got my first “ Gone Fishing” signature. Loved that game. Thanks for sharing.","[15, 18]",15
"Wow, that sounds like it could be great.","[0, 26]",0
That awkward moment when you fully embrace misogyny but believe homophobia is wrong.,"[3, 10, 12]",10
"Our country is in no way, shape or form ready for the risk of a giant inflation wave.","[10, 27]",10
you too! And I'm glad to hear you support your daughters rock/fandom love:),"[4, 5, 17]",5
it’s just a nice gesture. don’t make it so deep lol,"[0, 1]",1
"Yes - summer, and I was with my parents who did all the actual work so I just got to relax with the baby! ","[4, 17, 27]",4
I apologize. Wasn’t aware but thanks for letting me know.,"[15, 24]",15
Get off my property,"[2, 27]",27
man whenever [NAME] talks i feel like a deaf person because well I just can't hear shit,"[3, 11]",3
It's not so uplifting that it's guaranteed to die in the Senate...,"[10, 27]",10
"Happy cake day, just in case","[13, 17]",13
This is terrifying. Good luck to you and your family. Hopefully they figure out who the creepers are very soon.,"[14, 20]",20
"A Reddit couple! That's good to hear, hope yous stay safe :)","[5, 20]",20
Cuba's great. There's shredded pork everywhere,"[0, 13]",0
"I do not, sorry! I am not talented in the ways of making/editing videos.","[9, 10, 24, 25]",24
"Idk, but it is cringe so i posted it here lmao","[1, 6]",1
Are 3.0 still active? I was really hoping they would have gotten signed after their tryout camp a couple years back.,"[7, 20]",20
"Holy [NAME], our hope and handmaid of the [NAME], pray for us!","[15, 20]",20
"He loved [NAME] ""old man in a park"" painting!","[0, 18]",18
Hey. I like you,"[0, 18]",18
Oh sorry I gotcha,"[12, 24]",24
"Wow, this is bizarre. Well, I agree too. A wealth tax is exactly what we need.","[4, 26]",4
I call even my dog my love (in local language) as a way to be caring to others.,"[18, 27]",18
Sorry but $200 wouldn’t help. Good bye beautiful world!! I’m gonna pray to the ether god to help me :),"[0, 24]",24
[NAME] is a creeper and hangs out with underage girls n shit.,"[3, 11]",3
"Have you visited any of the car subs? They may be able to help you diagnose the issue. Good luck though, I hope ya pull through. ","[7, 20]",20
You're not retarded. It's a natural reaction to a lousy upbringing. Love your username BTW.,"[4, 18]",18
Those not a part of the Austinfred bashing hive mind at the other sub will find themselves here tomorrow. 🙄.,"[10, 20]",10
[NAME]. I really loved your hustle for 35 yards. That's why it was so hard to cut you.,"[4, 18]",18
"Sir, you have been warned. You antagonistic attitude will not be tolerated. Please try harder at being a model citizen. Thank you for your cooperation.","[2, 10, 15]",15
"Thanks man, hope the holidays were good to you and yours. ","[15, 20]",15
"Haha, thanks, bot! How's your day going? ❤️🌈🚀","[7, 15]",15
"I know how it feels being in the hospital alone, I hope you get well soon","[5, 20]",20
Press fucken charges the moment they use your info.,"[2, 27]",27
I would be surprised if [NAME] doesn't let you in. I would write a letter to [NAME] and explain the situation they might make an exception.,"[20, 26]",26
That was brutal as hell. Loved it,"[18, 19]",18
Probably in the same way I find a little cellulite hot. Anyone up for starting a subreddit with boob veins? Lmao,"[1, 7, 20]",1
Thanks for your insight random person on the internet. Did it make you feel better typing that out lol?,"[1, 15]",15
"I used it for a while. It made me way more sociable and generally happier, optimistic Less anxious and stuck up Until it didnt, so enjoy it while it lasts","[0, 4, 17, 22]",17
I’m not high and that sounds like a good sandwich.,"[0, 20]",0
Thanks for sharing! I loved [NAME] interview too haha. Looking forward to his on-court reunion with [NAME].,"[15, 18, 20]",15
"Not sure how you could put [NAME] there, he's been our worst defender ","[3, 6, 10]",6
Science was wrong in the olden times so we should force people to learn from our old book of the really olden times.,"[22, 27]",22
"Thanks for being a brave troop, comrade. [NAME] annoys the shit out of me too.","[0, 3, 15]",15
Lol!!!!!!!!!!!!! I love it.,"[1, 18]",18
You win! This made me laugh. I would have been mortified if I did that.,"[1, 12]",1
It is true. But the real reason for the problem is the selfishness of the people.,"[4, 27]",4
"Yeah, I realized from your comment that you don't agree with it, I was just being confused about how the other guy believes it.","[6, 22]",6
I'd prefer her as an actual character,"[4, 8, 27]",27
My nightmare is having an iphone.,"[14, 17]",14
"No problem, I hope that you are able to accomplish what you wish :)","[5, 8, 20]",20
What would that do? So you’re saying I’m 100% gonna be diabetic,"[6, 7]",7
Oh well I guess. Can't blame you for that. We aren't all [NAME] though.,"[9, 22]",9
"This makes me so happy, having a step parent can be a sensitive thing but you are definitely a good example of what to do, congrats!","[15, 17]",17
So there's hope for the rest of us! Thanks for sharing. What helped you get to where you are?,"[7, 15, 20]",15
"Thank you! It has its perks, but sometimes I do think to myself that I’m not where I belong haha","[1, 15]",15
I bet you this will lead to a new Revolution. [NAME] keeps on screwing himself.,"[3, 27]",27
"[NAME] learned to fight smarter, not harder. I love her development so much","[0, 18]",18
You contradicted yourself,"[5, 27]",5
Lol I'm literally an anarchist but okay,"[1, 27]",1
Enjoy your gold!,"[17, 27]",17
I'm confused. If she remarried isn't his income counted as support for the child if they intermingle their finances?,"[6, 7]",6
I’m blown away by how many people know this.,"[7, 26]",7
This is the scariest thing I think I’ve ever read on here. That is just so horrible.,"[14, 19]",14
[NAME] can still betabuxx and have an easier life than you will if you have to be alone and support yourself with no help.,"[5, 27]",5
"That's cute, pizza*kitchen*! No, we call her Kitten to annoy her. :) ","[0, 3]",0
No. That is creepy and weird. If you don’t trust her .... move on.,"[3, 11]",11
Love that lane. It's like the best part of Rome.,"[0, 18]",18
"It seems like the problem predates the current administration, which makes me think it has more institutional roots.","[4, 27]",4
your post is awesome. People need to hear this more. Thank you.,"[0, 15]",15
Same. Body hair (on my own body..I don't care what anybody else does with THEIR body hair) grosses me the fuck out.,"[3, 11]",3
I want [NAME] and [NAME] in Top 3 so I’m feeling the omens girl,"[4, 8]",8
Well I was balding at 22 so I didn't have choice lol,"[1, 22]",1
"If reincarnation is real, I hope next time I have a name that's half as awesome as [NAME].","[0, 20]",20
"Why is assuming the Hereditary Chiefs ""speak in their name only"" the rational assumption to make? What kind of assurances would be sufficient?","[6, 7]",7
Which is fair. But they're not respecting you.,"[10, 27]",10
Sooooo much upper body strength. My GOD the muscles. He's positively rrrrrrrripped!!,"[0, 27]",27
Dallas didnt play our schedule lol Even with VJ we could have beaten that team lol,"[1, 27]",1
Great to hear that. Scary few hours for y’all.,"[0, 14]",14
Shocking description of the criminals. Never could have guessed that,"[22, 26]",26
"Yah he is right, just find it hypocritical.","[3, 4]",4
Calm down [NAME].,"[5, 27]",5
Damn sorry to hear bro. You guys still friends though?,"[7, 9, 24, 25]",24
How did they not know internets is a point reward in 4chan?,"[6, 27]",6
"Thank you! I was thinking, man, I’ve never been corrected about this before. 😐","[15, 22]",15
"That was the same sunset! Very cool, thanks for sharing.","[0, 15]",15
"Whoa. I appreciated this, thank you.","[0, 15]",15
"I think this is very relevant, u/lilhan2","[4, 27]",4
Not complain. She could not complain since she made no effort in the beginning.,"[3, 10]",10
Fuck,"[2, 11]",2
"Accidentally clip through a bathroom wall, get slapped","[25, 27]",27
What a fantastic combover! What brand of comb do you use?,"[0, 7]",7
I love this guy. He does amazing impersonations. Thanks for sharing.,"[0, 15, 18]",15
[NAME] AND [NAME] ARE SO GOOD AT DRAWING FOULS ON 3'S,"[0, 4]",0
Anyone link r/causalchildabuse yet? No? Allow me. r/causalchildabuse,"[6, 7]",6
Lol I still reference this clip with my gf ha this dude is a legend,"[0, 1]",1
"That's not the first time I've heard it said that a GA acted assholic, not apostolic in real life. ","[10, 27]",10
This is the best thing I've seen so far in 2019. As a gamer and a human being this is love in video form 😊,"[0, 18, 22]",18
"Congratulations on your shiny spine! I really hope your boyfriend backs you up but even if not, we all do! ","[15, 20]",20
"Both look great, but I like the second one better. I'm a dude though and I have no sense of what works for other guys.","[0, 4]",0
"Lmao if that's insensitive to you, you'd better stay off the internet. ","[1, 10]",1
Finally some news from [NAME]. Hope he goes with DAZN. Would love to see him face [NAME] next.,"[18, 20]",20
Thank you. I appreciate it.,"[0, 15]",15
Start acting mature. Don't get into fights with security guards about how you look.,"[3, 27]",3
Finally the UN gets off their ass and does something. So glad she’s finally safe (for now).,"[5, 17]",17
I have no confidence to boost,"[9, 10, 19]",10
That is a good idea. It may be hard for him to make any progress with him coming over so often. Thank you for you input!,"[0, 15]",15
"Yeah, there are trees that are far older than 521 years.","[4, 27]",4
Go check out the survey recently posted on AskFeminists. There are a lot of [NAME] openly admitting it.,"[4, 27]",27
Sad... RIP,"[16, 25]",16
Why is that insane? What specifically?,"[7, 27]",7
Man hope he recovers fast. Looked really painful,"[5, 20, 25]",20
I'm sorry for your loss. Truly. I hope you and your family are doing okay.,"[5, 16]",16
Honestly took me by surprised. Good job!,"[0, 26]",26
I’m sorry but I don’t think you do,"[10, 24]",24
"That makes sense, I’m over explaining and I shouldn’t have to. Thank you! ","[4, 15]",15
Agree completely except that I would switch [NAME] and [NAME],"[4, 20]",4
Damn these refs actually fucking hate us.,"[2, 11]",2
"They’re both good towns. Personally, I prefer Westfield. It has a better downtown, better schools, and the traffic is less awful. ","[0, 11]",11
"Funny, but why do I care what his name is?","[1, 7]",1
Grey’s Anatomy is still on the air? I thought it was cancelled years ago.,"[6, 7, 22]",22
"I have always loved [NAME], love the deadpan humor of him and peavis, and he's just a talented and amusing guy.","[0, 18]",18
Just found UPPERROOM a few months ago and really love them! All the rest are staples in my playlists too!!!,"[18, 22]",18
"you are trying to use post-modern mumbo jumbo deconstruction of words. Go away, idiot.","[2, 3]",3
"Hi, [NAME]! I am here to offer you a robot hug, and to wish you the best day of your life! -HappyFriendlyBot","[5, 20]",5
All the best to you truly. I hope you can find balance in yourself which is what we all secretly need,"[5, 20]",20
It was shocking to me when I realized this! Best of luck on your journey!,"[22, 26]",22
"So just for the record, I’m with you on the football end: Love the Broncs, hate the Pats. 🏈","[2, 4, 18]",18
"Thanks. And I suppose, but I think I gave up on justice. It’s too late. I just want revenge now.","[2, 15]",15
This is awesome. Thank you!!!!,"[0, 15]",15
"Forgot he had been sent down and was really confused, but happy about this post.","[6, 17]",6
I wish I could get the entire interview but it's from a SiriusXM Radio Show,"[8, 9]",8
I actually liked them. I love the idea of Conqueror being a rabid and maniac dog.,"[0, 18]",18
"Penis who, now?","[7, 27]",27
Wow you're so moral you've changed my outlook on remainers,"[13, 26]",26
"Congratulations, there are success stories in this group. Forge on with your life but watch out for other (jerkfaces). ","[0, 15]",0
"I completely agree, and I love Space Jame. But Back in Action was just amazing and incredibly satirical and witty.","[0, 18]",18
"Yes!!!! Great weekend. As others have said, I can now enjoy the rest of the playoffs","[0, 17]",17
I flew off the handle and that's my bad.,"[9, 25]",25
Talk about a fucking hot take. Quality shit posting from [NAME] (not you [NAME]).,"[2, 3]",2
Oh. I never heard that before.,"[22, 26, 27]",26
I agreed with your comment until you told people they shouldn’t be parents for not knowing the difference between deodorant and antiperspirant.,"[4, 10]",4
Thats one way to make political and economic instability sound super fun,"[4, 17]",17
Haha ik I SHOULD be. But I still love em both like a red headed step child.,"[1, 18]",18
Lmao doesn’t even try to refute.,"[1, 27]",1
"12 is ambitious!! I’ll do this with you, but my goal would be 4 ","[8, 20]",20
Wow! You were either a very precocious child or still lived at home when your wisdom teeth came in.,"[13, 26]",26
I noticed that too. How cute.,"[0, 18]",0
"You’re right. Thanks so much, appreciate it. ","[0, 4, 15]",15
I’m super proud of him. Great guy!,"[0, 21]",21
I think [NAME] is the best QB Prospect since [NAME] and I would kill for my Lions to get him.,"[0, 4]",0
Ahem...of the savoury kind.,"[0, 27]",27
I just wanna know the name of the Dornish princess who reigned before [NAME] ‍♀️,"[7, 27]",7
Hmm it seems fun enough to build on my own but thanks!!!,"[1, 15]",15
"Y'all just introverted. It's cool to be akward we extroverts, at least smart ones, love you anyway","[0, 18]",18
I am glad I'm not the only person who noticed that bit of WTFuckery. 🤣,"[17, 22]",17
Let's get petty! Love it,"[0, 18]",18
"Look at you, Mr Independent! You're such a big boy! I'm so proud of you!","[0, 21]",0
"i enjoyed this a lot. i especially enjoyed ""Everybody bleeds a little when they brush their teeth ""","[1, 17]",17
Its not gonna happen.,"[10, 20]",10
I’d be interested in reading more about this if you have a good place for me to do so. Thanks.,"[7, 15]",15
"Yes, when I need to get my jush, it’s freaking epic.","[3, 4]",4
"Suns fan here, I firmly believe you guys keep number one. Just having a bad game ","[9, 20]",9
Lol [NAME]. Everyone ignores me. This just sounds like something a child would say. Sad.,"[1, 25]",1
"I tried it that way first and thought this was better, thanks for the input though! ","[15, 22]",15
He said i am being rude to her,"[2, 3]",2
>It'd be good for Venezuela That's the hallmark of U.S. invasions; invaded countries always do well as a result. /s,"[0, 4]",0
Holy shit. Amazing response.,"[0, 13]",0
[NAME] might steal this format if that’s ok with you lol,"[1, 27]",1
They’re proud about having liberals make themselves look stupid with covfefe memes.,"[1, 21]",21
"I'm floored by their solution for ""landing"" the drones. It's so brilliant. I love this channel!","[0, 18]",18
"Wow, sorry, bruh. I didn’t realize we were in the presence of genius. Please elaborate.","[24, 26]",24
"Nice, Butt Stallion just chilling in the background","[0, 17]",0
His Batman/TMNT book is a really fun read with great art.,"[0, 17]",0
My mistake. Didn't see it was already posted. Cheers.,"[22, 27]",22
"i meant that either one has no scientific backing and was just made by random people, knowing how much people love lables","[18, 27]",18
dear... husband,"[18, 27]",27
"I am and have dealt with the consequences, hence my amazing son. Like I said before, hopefully you don't procreate.","[0, 20]",20
Sounds like a good deal to me. Where do I sign?,"[4, 7]",7
"I need a thick 10 inches too, thank you. ","[8, 15]",15
"I'm sorry but did anybody else read the first paragraph and get flashbacks to My Immortal? \x45\x62ony [NAME], is that you???","[7, 24]",24
"Love the top logo although I’d gladly take the bottom one, the goat head, or a poop emoji any day over the buffaslug.","[15, 18]",18
Yes! Im glad you see where he got that n-word take from 😂😂,"[4, 17]",17
Not sure about “better” but women artists have an intuitive grasp of color theory and tend to use color in a more pleasing way.,"[0, 4]",4
Yeah. You obviously can read the mind of all the voters.,"[4, 27]",4
Oh thank [NAME],"[15, 23]",15
he ded.... and why the fuck these POSs have cellphones in prison.,"[2, 3]",2
I love [NAME]. He's another great option for 6th man.,"[0, 18]",18
It's almost a shame we won't get a second leave/remain referendum because it would be fascinating to see the result.,"[9, 12]",12
ITT: People defend delusional shitposts.,"[3, 27]",3
"Season 3 onward, pretty much anything with [NAME] makes me laugh. My fav character for sure. ","[1, 4]",1
"Yeah, I guess you’re right! I’ll definitely try talking to him. Thank you","[4, 15]",15
I don't bother diagnosing it in people with BPD. The handful of genuine DIDs that I was referring to were people who didn't have BPD.,"[10, 27]",10
I’m sorry where is that?,"[7, 24]",24
"Hey, [NAME]. You still with the mafia?","[6, 27]",27
"Nah, it's still funny. I think it would be less funny if it was my country tho ","[1, 20]",1
Hahaha thanks. I didnt notice the spelling dammit. Edited now.,"[1, 15, 22]",15
Shoot i posted this in the wrong place. Here you are several sources. Happened last summer.,"[12, 22]",22
"Maybe? But his foot goes waaaay up lol. Maybe I'm just blowing smoke, idk much about good QB form","[1, 6]",1
This is amazing!,"[0, 13]",0
"Haha username checks out, but I thank you all xx","[1, 15]",15
"I LOVE [NAME]. I truly do. I will be happy to vote for her, but pointing out clear differences is not negative.","[17, 18]",18
Ok for what it is fake or not this is fucking hilarious lmao,"[1, 6]",1
"Very well said, thanks and couldn't agree more!","[0, 15]",15
"Sure you can, it’s called abortion, we’ve done it literally millions of times","[4, 22]",4
you seem like the kind of person i’d like to be best friends with! :),"[0, 18]",18
No matter which you pick ([NAME] or [NAME]) the dance and the date scenes were great. It genuinely makes me happy seeing [NAME] happy.,"[0, 4, 17]",17
can you send the patch notes? i cant ever find them online.,"[7, 27]",27
I wish AOC was old enough to run for president,"[8, 20]",8
Do you not give your snowmen brooms? I feel like that's a thing people do,"[6, 7]",7
"""Sad"" but ""true"" There you go I fixed it for you.","[5, 25]",25
"Lol, oh man. Well, if we can laugh at our kids, what can we laugh at? Never a dull moment.","[1, 7]",1
Yeah I laughed when I remembered it. Random.,"[1, 22]",1
"Oh sorry dude, I was just looking for the WiFi password. [NAME], but I hope you stay safe","[5, 20, 24]",24
I thought it was funny lol. The whole situation was dumb and both sides were in the wrong.,"[1, 3, 22]",1
Sonic boom is funny as hell. I love the writing so much.,"[1, 17, 18]",18
I made a post about a month ago saying [NAME] was trash and it got over 100 downvotes,"[9, 10]",9
And [NAME] just got laughed off the stage. How things would be different if he had won. Seriously timelines would be so different.,"[1, 17]",1
"Point is, you’ll have to come clean. Sooner rather than later. And if she loves you, she can forgive you. ","[18, 20, 27]",18
My man.,"[21, 27]",21
Agree with everything here. Going to med school abroad will always put you at a disadvantage if you want to practice in the states,"[4, 5]",4
"omg I remember be exactly like this and being so excited, gahhhh I might even believe I’m more excited than you hahahah.","[1, 13]",13
You're right! Color me wrong! I sincerely apologize. Smack MY darn head!,"[4, 24]",24
"[NAME] living in y’all heads rent free lol. It’s kinda sad ngl. EDIT: Thanks for proving my point, guys 😘😘😘","[15, 25]",15
"i personally don't think that is true, but thanks for sharing your view on this.","[10, 15]",15
"Apparently a 3 year extension for DACA is what's on offer. No pathway to citizenship. That's gonna be a ""fuck no"" from me, dog. ","[2, 3, 10]",2
I just hope [NAME] doesn't lose hope. Dudes got a great heart. But knowing our organization...,"[0, 8, 20]",20
What happened? I can’t stop thinking about this post. Her poor family. Those kids. 😢,"[7, 9, 25]",25
Ayyy you're welcome! x),"[13, 15, 17]",15
>Even though [NAME] quit live performing after he got diagnosed but ok,"[4, 27]",4
I wonder what would happen if you did the same thing to him.,"[7, 26]",26
"How about French speaking parts of Africa? Legit question, have never been to Africa. Every airport I've ever been in has signs in English.","[6, 7]",7
That's super fricking cool I love it,"[0, 18]",18
"Obviously a degree in veterinary medicine, in case Mr [NAME] has the sniffles","[4, 27]",27
There's a guy that died after he let a horse do that. He'd probably have survived if he sought medical attention sooner.,"[16, 25]",16
Yeah you are second. Time to move on lol,"[1, 4]",1
"You guys are heading toward healing, that's amazing.. Is it possible that you are wishes on true healing ","[0, 7]",0
"Thank [NAME], good luck and hope you find the happiness you seek","[15, 20]",15
"Really? I live down the street from there, thanks!!!","[15, 26]",15
My DW made this realization. She is a smart one...and a keeper.,"[0, 22]",22
where else would one buy the ingredients from? Like are their dozens of ice cream suppliers?,"[6, 7]",7
"Don't worry, I'm sure you'll find a way and a time that works for you, you deserve to be yourself!","[5, 20]",5
In my favourite clubs pretty much always. The people there are lovely. In any other club very rarely.,"[0, 18]",18
Makes me sad I'll never be with a beautiful woman.,"[9, 25]",25
This actually took me a minute. I underestimate the skill and knowledge of people in this subreddit. Very good.,"[0, 24]",0
>This game is dying because toxic people like you ruin it. Speak for yourself,"[3, 9]",9
"Thanks, this really helps!","[4, 15]",15
"As much as I love cold fries, reddit karma is oh so good!","[0, 18]",18
It's definitely alive. Not sure it's doing quite so well...for 99% of people anyway.,"[4, 6]",4
"You know this is really messed up and unacceptable, but it mainly forced the realization that I’ve never played with Omniknight.","[10, 22]",22
"I cannot remember the dude's name, but I used to LOVE to watch him on Poker After Dark.","[10, 18]",18
That sucks I'm sorry. Ive always been dismayed at how flippant people are.,"[24, 25]",24
"Well the last sentence reallt hurts, but still I'll do my best to stay with her and keep her happy. I really love this girl","[18, 20, 25]",18
"Great. So increase prices 20% overall, give the waiters the extra money. I'm happy with that. 20% is a great tip.","[0, 17]",0
"I sure hope this dog is reunited with its family. It is one of the cutest dogs I’ve seen, a very unique looking pup!","[0, 20]",20
Hope you will beat this crap and achieve your full potential man. Best of luck for you :),"[5, 20]",20
It’s literally a meme ideology. Sstaaaaahhhhpppp,"[3, 27]",27
Sure you can. A class of preschoolers can be replaced by their parents in the space of four years.,"[4, 20]",20
"If you ever wondered where ISIS got their method of killing homosexuals, wonder no more. Source: al-Jawab al-Kafi p. 260-263 as Quoted by Islamqa: ","[26, 27]",26
It would do us ALL a great deal of good.,"[0, 4]",0
[NAME] is letting [NAME] play 3 :0. That is good news.,"[0, 17]",0
Sounds like you have a great doctor. Most are scared to give you any sort of advice like that.,"[0, 14]",0
"Yes, listening to loud noises can damage your ears. Temporarily and permanently.","[4, 5]",4
Thank you :) I was starting to seriously wonder if something was majorly wrong with my maternal instincts haha,"[1, 15]",1
Yea sounds like a great way to teach your children that stalking and harrassing = love. Husband only hits you bc he loves you!,"[0, 18]",18
I want to be a rapper. I also like to write poetry and stuff. So to be successful with those things also I want to design clothing.,"[8, 20]",8
"And Mac and cheese is shit too. If a grown man has to eat children's food, then STAHMs can get minimum wage jobs","[3, 10]",3
"well the irony is that felons are discriminated against, even non violent offenders.","[25, 27]",27
This dude was super cool,"[0, 4]",0
haha I'm realizing now that's what they meant. I'm just a salty liberal nurse lmao.,"[1, 22]",1
I'm just glad everything came out okay.,"[15, 17]",17
"Oof, that's rough. :( Sorry that happened to you, mate. ","[24, 25]",24
Aww that makes me happy!,"[13, 17]",17
I like it. I hope that answer is okay with you because I might lose sleep if it's not,"[18, 20]",20
It makes me wonder if Old Money New England families are into their own cousins a bit much.,"[7, 26]",26
"Dragon bender has even more negative value than [NAME] haha. But yeah, they’d need atlesst a 2nd for [NAME] crossover ","[1, 4, 10]",1
it's ok to need an equal partner,"[4, 27]",4
"Oh I didn’t realize you were saying that, my bad . And yes that’s a great idea that would help develop him ","[4, 22]",22
I'm sad that you are against abortion. Can I drop my unwanted baby off at your door ?,"[7, 25]",25
[NAME] i was mostly curious about the background because it's very good.,"[0, 7]",0
Go take a shower your personality stinks,"[3, 11]",11
"This is heartbreaking. She always meant well, and really wanted to see people get along. She deserved happiness.","[8, 25]",25
I genuinely just for once want to be in a situation where everyone applauds. That’s my New Years resolution.,"[0, 8]",8
"Thank you, what kind of lawyer would be best in this case?","[7, 15]",15
I hope that's a bug because it looks downright embarrassingly bad,"[12, 20]",20
[NAME] did that to [NAME] and let's just say that didn't end to well for anyone,"[10, 27]",27
[NAME] with the beautiful backtap,"[0, 27]",0
Woooooo theres the boeser we know and love,"[13, 17, 18]",18
Love when the run away joke always ends up with someone who isn’t funny ruining it,"[1, 18]",1
"Sorry, I wish I was wrong, but Mathews is over rated","[10, 24]",24
That’s downright creepy. It’s as if he’s testing if $50 will keep you quiet if he does inappropriate things.,"[11, 20]",20
" yay!!! Congratulations! You are so pretty, make up is going to look awesome on you! Your hair is beautiful too ^_^","[0, 17]",0
"Honestly, I have a hard time sleeping in socks. The fuzzy ones are the worst because they slide around on my feet.","[2, 11, 25]",11
This is so good! Thank you I love this way of thinking of it. That might be helpful to explain it to them.,"[0, 15]",15
Back in the day was the best ever than. I giggled nearly to the point of drenching my depends. Ty ty very much.,"[4, 15]",15
"Thanks, I had missed that. Just read this article today.","[9, 15, 22]",15
VP pick guaranteed - and the pivot will be hilarious,"[1, 17]",1
The Guardian are covering it. Naturally they think we're far-right activists and misogynists whose displeasure proves the necessity of the [NAME] campaign...,"[4, 27]",27
I hope this season [NAME] wins everything:,"[0, 20]",20
It's funny cause OP is trying go against the mindset that most men are predators but in inadvertently reinforcing it :/ awkward.,"[1, 12]",1
I can’t wait to try the cleric class again!,"[7, 13]",13
Glad things came out alright for you...,"[5, 17]",17
"We love you, this sub is always there for you, remember that behind every meme and comment, there is someone who supports you","[5, 18]",18
"Sicko mode is on a whole new level, it cant be compared.","[3, 10]",3
"Thanks, I hate it. They're out now though.","[2, 15]",15
Happy to hear this! Stay strong and continue fighting! We believe in you <3!,"[17, 20]",17
What the hell- they're paying for cars they don't and won't ever own?!,"[2, 3]",2
[NAME] I wish that were me.,"[8, 20]",8
What a nice [NAME] sentiment!,"[0, 4]",0
Oh how lovely and vague. Your non-committal form of conversation is delicious.,"[0, 1]",0
Irrational anger especially certain family members,"[2, 3]",2
"Yep, that's my daily commute.","[4, 27]",4
"DDR is enjoying a bit of a renaissance at the moment, thanks to DDR A. Hopefully this will lead Konami to considering a new home release.","[15, 20]",20
"I am well aware of how immature and inconsiderate men are capable of being, but thanks for the reminder. Baby.","[15, 22]",15
Hot damn it takes some real self-confidence to say you can't do things in MS paint,"[3, 10]",3
Legend! Cheers bro,"[0, 15]",0
"Sweet home alabama No but for real, is that even legal? You should stop having sex with her.","[7, 10]",10
Yayy we agree on something. I mean everything's on fire but we agree haha,"[1, 4]",1
Wait project players magically become great without showing any improvement who would have thought!!!,"[0, 20]",0
"Without fail saying ""moist panties"" makes every woman cringe.","[14, 27]",14
That’s! How you defeat a bear!!!!,"[7, 26]",7
What strain?,"[7, 27]",7
"Yeah, everyone goes through this phase during their Junior year of high school. ","[4, 22]",4
"I will say, this tanking season is a lot more enjoyable than [NAME] cause we don't see [NAME] looking confused on the sideline every game.","[6, 17]",6
"Interesting read, thanks. Still a 40% bust rate. Sucks that someone's job is on the line with that high of a chance of failing. ","[0, 9, 15]",15
Thanks man! This was great. :-),"[0, 15]",15
This is actually really good! Thanks for posting this man!,"[0, 15]",15
Horrible waste of time.,"[11, 14]",14
"This is nonsense. How is some random noise ""proof"" of anything? How is this relevant to this subreddit?","[3, 7]",7
Why does [NAME] also steal [NAME] revolutionism,"[3, 7]",7
Why did no one check [NAME] for her comments though?,"[6, 7]",7
[NAME]! Scoring ridiculous goals while missing sitters. Love it :-),"[0, 18]",18
Thanks I was wondering what the sparks from his head were about.,"[15, 26]",15
"This made me laugh, have an upvote good sir ","[0, 1]",1
What country have you move to?,"[6, 7]",7
I like your colour choices and I can feel your love of the city. Keep up the art! Sending you lots of love and healing.,"[5, 18]",18
Horray for Persona,"[17, 27]",27
So sorry about your loss. It's so heart wrenching xoxox,"[16, 24]",24
He makes Talking Thrones look good.,"[0, 4]",0
I know! I'd buy this for my unit my coworkers would love it 😂,"[18, 20]",18
I like [NAME] but I disagree with him here. Then again it's not much surprise that a mega rich globetrotter that lives next to [NAME] would hold such views.,"[10, 18]",10
Adorable little buggers.,"[0, 18]",0
Be brave Star Wars fans. You've likely been analyzing RotJ wrong your entire life. OP has it all figured out. Amazing. I love you.,"[5, 18]",18
I saw a youtube video once where someone was a “failed abortion”. They were perfectly normal. I guess the doctor was just an idiot.,"[3, 22]",22
Congrats! Glad it went well for you!,"[0, 15, 17]",15
I understand just so hard feels like I’m being thrown away like trash I don’t want to imagine a life without her in it,"[19, 25]",25
Would of been slightly awkward for someone to walk into my building haha,"[1, 12]",12
You da best thanks,"[0, 15]",15
Ok cheers mate thank you,"[13, 15]",15
I miss [NAME] and [NAME]. :(,"[9, 25]",25
"I am real excited for this, I just hope they don’t ruin it.","[13, 20]",13
Double doink Love it,"[17, 18]",18
"It's my birthday today, so thank you, I guess? I hope something nice happens to you too.","[13, 15, 17, 20]",15
So sorry to hear about your abnormal growth. I'm now green with envy. Are there other celestial gods that can identify with existence?,"[7, 25]",25
SHE MAKES ME CRINGE :(,"[3, 14, 25]",14
I wish I could be you. Our thing is dragging on forever and I’m heartbroken af.,"[8, 9, 25]",8
"Thank you, I didn't know about this sub but I'm subscribing immediately","[10, 15]",15
Thanks!! I missed all of this.,"[9, 15]",15
"Is this the place that had the creme filled donut holes, if not does anyone know where to get them","[6, 7]",6
Yup this game just gets worse and worse,"[9, 11]",11
"Oh, the boat was already on its way out lol","[1, 27]",1
I like how it's also a subtle girls>guys,"[18, 27]",18
"When the etiquette ""shitpost"" is 100% accurate","[0, 4]",4
"I love Chinese buffets. All the ones in my town are gone, all buffets are gone, sucks ","[9, 18]",18
"That sounds really agonising, to ask for help and have no one hear you. What's going on for you right now?","[7, 9]",7
"The world is backwards, nowadays. Where people defend _GaNgStAs_ because it's culturally and politically correct, and then shame those who protect and serve. Makes me bleed rage.","[2, 3]",3
It looks like it's from the Molecule Effect on Santa Fe. Great quirky spot!,"[0, 13]",0
"Nice play! But, why would u play [NAME], in tribute?","[0, 6, 7, 15]",0
Look at CBG as well. It's got anti inflammatory properties. Wifey feels its the best medicine for her cramps.,"[4, 5]",5
"Huh, so there should be no more men's and women's sports, bathrooms, prisons, etc.?","[3, 27]",27
"The latter is a good description of the last 16yrs of my marriage (now over, thank the gods). ","[0, 15]",15
Hahahaha!! I was thinking the exact same thing. But you could really feel the excitement while reading! 10/10,"[1, 17]",1
"Such a cute baby, and yet his life begins with stupid parents doing stupid stuffs...","[0, 3]",3
I agree. More stupid ideas by ''the adults in the room''.,"[3, 4]",4
For me it's how much I love canned black beans that take a minute and forty five seconds in the microwave lol.,"[1, 18]",1
Those mindsets are extremely dangerous to our democracy.,"[14, 19]",14
"Thank you, love. You too! ❤ It's nice to find kindred spirits.","[4, 15]",15
"I don't do the things you mentioned above, I just draw shit ^all ^^sfw ^^^ofc But hey, thanks for that ;-)","[10, 15]",15
So we need a jewelry store and a tv show. Bet lol,"[1, 22]",1
Plus [NAME] has won before. [NAME] is a perennial loser. All he has ever done is played on teams that were the worst in the NHL.,"[10, 11, 27]",11
No matter how hard you scrub it WON'T COME OUT.,"[10, 27]",10
"Appreciate the update, hope this one is the right one though ! ","[0, 20]",0
[NAME] getting off beat the dribble is hurting me a little inside /: Edit:words,"[25, 27]",25
That unfortunately still doesn’t stop the thoughts or really address any issue I raised in my post. thanks for your concern though mate. I appreciate it,"[0, 15]",15
Purple are lowkey great value properties.,"[0, 4]",0
Could be something limited to my branch too.,"[6, 27]",27
Nice to see someone actually posted something useful here. :D Thanks!,"[0, 15]",15
"Dammit, [NAME]! You're only hurting hardworking doggos with this shutdown!","[3, 9]",3
Thank you! That’s good to hear. I like presenting the place as it is.,"[13, 15]",15
I like long hair but it's never been a huge consideration in love.,"[4, 18]",18
im shaking and crying right now this is so powerful,"[14, 25]",25
"An interesting video, though the title's lack of an Oxford comma is bothering me.","[9, 13]",13
What the fuck I thought it was normal to pee before taking a shower and like not pee in the shower Especially if it’s a shared shower ew,"[3, 11]",11
"I couldn't even get an internship for Human Resources without having 2-3 years 'Real World' experience. Still in customer service, with a ton of debt. ","[9, 25]",9
I'm glad you had such a positive experience on the sub and congrats on the relationship.,"[15, 17]",15
It’s really hard to watch for some people because of how awkward and... just how stupid [NAME] is in this episode,"[11, 12]",12
GOAT FLAP. Thank you! I am in the middle of hormones right now.,"[0, 15]",15
Exactly. Thank you.,"[4, 15]",15
HOW MUCH IS IT,"[7, 27]",7
I mean I'm no fan of the series either but who cares? It makes a lot of people happy.,"[7, 17]",17
"Yea it's pretty fantastic. I got lucky that despite being fairly TBM she enjoys passionate, frequent sex.","[0, 13]",0
I agree with this post times a billion and also: Save [NAME]! Love the name. Huge Fight Club fan.,"[4, 18]",18
I miss [NAME],"[9, 24, 25]",25
"Honestly, I really liked being 32. The 30s in general have been great. Happy birthday!","[0, 13]",0
So its not mum and dad then.,"[10, 22]",10
I have no idea what your post means but I love your name and you are one of us,"[6, 18]",18
Yes I'm trips fail like that nothing you can do about it but brush yourself off and try again tomorrow,"[5, 20]",5
"satisfying, really.","[0, 4]",0
I love the burn,"[17, 18]",18
[NAME] was the worst Of any sports team Unis!!!,"[2, 11]",11
[NAME] couldn’t get them to the playoffs. Pulling out [NAME] for him is dumb,"[3, 27]",3
Is that you [NAME]?,"[6, 7]",7
I'm glad you like doing - you can feel the darkness taking over haha. This honestly sounds like an animated short?,"[1, 17]",1
wow thanks for the explanation. it's been like 3 hours and still looks like this,"[15, 22]",15
That’s strange logic that it triggered you.. they will use any retarded attempt to hoover you he probably hoped you would notice and get triggered by it.,"[20, 27]",27
I wish I could get a lazy Malinois. I love their look and Mal puppies are so cute! But I’m not a run-everyday dog owner.,"[8, 18]",18
*Fuck extremists.,"[2, 27]",2
Nia even in its current state vr can help you with that. And maybe even more 5 years from now.,"[5, 20]",20
Looks like donkey foals are going for between $50-$100. That’s quite the herd.,"[4, 22]",4
Idk you seem pretty miserable and really bitter and angry. It must be exhausting and I hope you find happiness some day.,"[2, 5]",5
"I keep wondering about armpit waxing, but the potential pain scares me. ","[14, 26]",14
"Wow, I love the car ride idea. Thanks for sharing that!","[15, 18]",15
You are right OP didnt think this 1 through,"[4, 22]",4
You sound like my brother. I only have one tip. Calm the fuck down. You cant think when youre upset,"[3, 5]",5
Hard. Social anxiety/general fear/uggoness kept me from actually getting dates and i was extremely awkward when I finally stopped anxie-puking to actually go on the date.,"[12, 25]",12
I meant one sided comment. My bad,"[3, 9]",9
Wait so did you permanently lose sight in one eye or is this just temporary?,"[6, 7]",7
I'm not a jealous person. That's not an emotion that comes naturally to me. I wouldn't try to cultivate it or maintain it.,"[3, 10]",10
"Find a better partner. It's past time to move on! He sounds very lazy, selfish, and he doesn't care about your needs.","[3, 5]",5
"The government won't let scientists do studies on it, so we're stuck with anecdata until they stop being assholes.","[3, 10]",3
"Only through surgery, steriods, and a high income. Personality is not a factor for woman, looks and status are","[22, 27]",27
What is this an excerpt from? [NAME] was a treasure. I should read more of his stuff.,"[0, 7]",7
I was talking about have a more positive outlook on life if it's meaningless anyways.,"[5, 20, 22]",22
Nice mix of trashy and classy.,"[0, 4]",0
At least we aren’t getting blown out. And Vegas is hot right now,"[4, 13]",4
"Wow, they are actually struggling against the Hawks for 3 full quarters. ","[13, 26]",26
thanks! yours inspired my to post mine lol,"[1, 15]",15
Alicorn then maybe?,"[6, 27]",6
"Haven’t seen that movie either, haha. ","[1, 10]",1
Reddit is so right wing I can’t even believe it,"[10, 26]",26
I’m excited!,"[13, 17]",13
"Cheers, guys! We are never drinking alone when we are here! But in person, I love drinking alone. ","[17, 18]",18
There were lots of awkward silences. The farewell didn't seem natural.,"[9, 12]",12
That’s because it’s stupid and nobody wants it!,"[3, 11]",3
"Welcome home, sister (assuming from your username)! May [NAME] love always burn in your heart!","[5, 15, 18]",18
That's an excellent point. Who would be a good '[NAME]' for the Oilers?,"[0, 7]",0
I really appreciate you saying that And yes he is the cutest,"[0, 15]",0
"I'm sorry to hear, come see me when you die.","[24, 25]",24
"Congratulations! I know it’s a hard thing to quit, I’m proud of you. ","[15, 21]",21
"Thanks and what even mean ""nobs""? ","[7, 15]",15
My score per minute is terrible because I only snipe so asking the wrong person. Sorry dude,"[24, 25]",25
I don’t even like [NAME] that much but she completely failed to engage with his work critically. Her interpretations of his arguments were shockingly poor.,"[9, 10]",10
You can be a good writer or arguer and be absolutely retarded,"[3, 20]",20
I’m finishing that right now. Very fascinating.,"[0, 4]",4
How dare you say that. He's a toad of the people! Not some rich frog!,"[2, 3]",2
Nice try Lumi,"[0, 4]",0
How many times do you have to watch The Office. lol!,"[1, 7]",1
Lol. I realize that. I know plenty of people like y'all,"[1, 22]",1
So excited for this!! Thanks to all who have worked so hard to put this together <3,"[13, 15]",15
Love the [NAME]. They have a great dynamic and it looks like a genuine friendship.,"[0, 18]",18
"But once it's born, if its parents can't afford food, shelter and medical care, it can go fuck itself.","[2, 10]",2
I know how you feel :( I hope you start getting more good days soon. <3,"[20, 27]",20
"Ahhh, I was curious about that since I do both Postmates and IC at the same time.","[4, 7]",7
"Oh, Boy. You into phrenology too.","[26, 27]",26
Hahahaha. I can picture it as if I was a fly in the walll. I love mj like [NAME],"[1, 18]",18
[NAME] damn I need a cigarette now,"[3, 9, 22]",3
UNLIMITED POWER!,"[0, 27]",27
I have literally been waiting for a “ [NAME]” I’m from Ontario Canada and love Texas.,"[8, 18]",18
"Screw the watch stuff, I wanna hear about the porn","[3, 8]",8
I would like to suggest one that's like Would You Rather. More of a dark comedy but oh so good. Cheap Thrills is amazing,"[0, 17]",0
This is perfect,"[0, 4]",0
"Honestly many of these games that they lost they didn’t even play poorly, to me they looked pretty good and just unfortunately lost the game ","[0, 9]",9
Praying for you. Willing to chat if you need it.,"[5, 8]",5
I love it. I just joined the Streetwise Facebook page to catch up on some of the kids.,"[4, 18]",18
Mr. [NAME] Moderate himself. I do hope the DCCC pours money into [NAME] rematch campaign when he declares.,"[20, 27]",20
"I love it when ""bad"" picks actually have fucking amazing ganks.","[0, 18]",18
That’s a great idea! Thank you :),"[0, 15]",15
Beautiful and thank you for the inspiration.,"[0, 15]",15
Ha! You're right! I don't know why I assume you were male. Sorry. :),"[4, 24]",24
"Ah, I see. I wasn’t sure if I was supposed to make contact. Thanks for the info!","[6, 15]",15
That's so sad.,"[9, 25]",25
I'm glad you called it because it really is a beautiful and beautifully honest statement.,"[0, 17]",0
Pretty sure the plate is completely visible in the article...,"[4, 22]",4
Why did I read “roommate” in the title as “comerade.” How many memes have I viewed?!,"[6, 7]",7
Where's your helmet?! Gotta love helmets.,"[7, 18]",18
It's the giant robot penis. Texas favorite.,"[0, 18]",18
Thank you ! I thought it was funny guess no one else noticed it or thought it was funny:/,"[1, 15]",1
"It's good, good, good, good - good good good!","[0, 13]",0
I'm just saying you are demanding things of us while being nasty yourself.,"[2, 3]",2
"Really wow, what a steal","[0, 26]",26
When you look back at your picks and realize you’re laying pretty much entirely chalk Tenn -8 Bowling Green -4 Akron -1 NC STATE -1.5 Duke -21 MSU This should go well lol,"[1, 22]",1
"I don't even know how to begin explaining something this preposterously self-evident to you, so I'm just not going to. ","[6, 10]",6
Well they do have cheap surgery there lol those lucky bastards,"[1, 3]",1
Aww that's so sweet !,"[0, 13]",0
It's hard to make friends. :( I sit alone.,"[9, 25]",25
My partner and I have 17 years between us! Best and healthiest relationship I have been in :),"[0, 22]",0
Done that. Body dysmorphia makes them look the same to me 🤷,"[4, 22]",4
And how she can’t cry bc of her “expensive lashes.” 🤦🏼‍♀️,"[7, 25]",25
"Thank you, kind Internet stranger.","[0, 15]",15
Wow... congrats,"[13, 15]",13
"Thanks for gping to the effort, but i would be surprised if he read it and gave it the chance he have trump. Pleasantly surprised, though.","[15, 26]",26
I think you overestimate the ability of politicians to rig the vote c.f. May 2017,"[10, 27]",27
Gotta offload this crap somehow.,"[2, 3]",3
"I feel like I say this a lot but I wish we'd run the mudiay frank back court more, I like their chemistry together","[8, 18]",18
My condolences. Lost my cat Zoey over a year ago. I still miss her like crazy. she was only 3 years old too.,"[16, 25]",25
When are people going to learn that it's OK to cheer lead dance in front of an old misogynist lol,"[1, 17, 20]",1
Chuckled. Upvote!,"[4, 27]",4
"Thanks [NAME] for moderating, I appreciate the hard work you guys do!","[0, 15]",15
Wow I typed that out before my eyes were awake 👀,"[22, 26]",26
Thanks :).. My issue got solved :) . YT on Twitter never helps.. they just do the basic troubleshooting.,"[3, 15, 23]",15
A different joke. Scenic!,"[1, 27]",1
Are you being stupid again?,"[2, 3]",3
That's good to hear. I'm admittedly highly judgmental about this kind of thing but I'm trying to open up my mind a bit.,"[0, 4]",4
The picture in the thumbnail looks like the kids in the maga hat that fucked with the native [NAME],"[3, 27]",27
I can totally see it. I’d be very interested to see them interact.,"[4, 13]",13
I live in Raleigh and all the Canes fans I know love it. So the players love it and the fans love it. Everyone else can chill,"[17, 18]",18
"[NAME], [NAME] and [NAME] just yelling over each other and [NAME] looking around like what the...?","[2, 27]",27
"Real fact, Elephants see us as cute in the same way we see dogs and cats as cute.","[0, 18, 27]",0
It would be nearly impossible to get to the point of being immobile/bedbound without someone enabling you hand and foot.,"[10, 27]",27
Unless you have actual ADHD lol. But I think this was mostly meant to be funny,"[1, 17]",1
Wow thank you! I’m gonna do that!,"[15, 22]",15
"It's rigor mortis but don't change it haha it's funny, good r/boneappletea material","[1, 17]",1
I LOVE google voice! IT's the only way I can get my parents to reply to anything!,"[4, 18]",18
"Yes, I am 100% superior to [NAME]. If you're not, I'm sorry ","[4, 24]",24
He’s got no options. Not your problem. Have another wine! 😂,"[10, 17, 22]",10
I really hope she wasn’t trafficked. It’s more prevalent in the US than a lot of people realize :(,"[20, 22]",20
ok that's kind of cool....,"[4, 23]",4
That would expand his torso and ribs which probably hurts,"[20, 25]",25
It’s like bombs over Baghdad to a whole new level... I LOVE IT!!,"[17, 18]",18
...And what's impressive is she managed to sell two internets before she was so rudely interrupted...maybe your Land Lady should consider telemarketing. :P,"[0, 27]",0
"You monster, I hate it. Well played.","[0, 2]",2
It is like how I imagine [NAME] and [NAME] people seeing wooden ships across the water the first time.,"[7, 26]",7
"Lmfao, so true. ","[1, 4]",4
Pre buff outlaw the rest just took time. [NAME] was pretty easy for me though.,"[22, 27]",27
Appreciate you homie,"[0, 15]",0
i understand that means i will have no luck for compensation,"[20, 22]",20
"I was expecting the surprise birthday, not seen this twist on the sister before. ","[9, 26]",26
You sound like a great mum,"[0, 4]",0
This is so true!! I'm vaping mango right now! Weird... Wish I was a kid.,"[4, 8, 22]",8
Anywhere skytrain wants to expand my tax paying dollars will be ok with it.,"[4, 27]",4
"Wow, I wonder who's going on about Tahiti in the background.","[13, 26]",26
I'm suprised I didn't see more of these. Thanks for the support :),"[15, 26]",15
It most definitely is! You’ve gotta pick some up!!,"[4, 27]",4
"You're the one making a positive claim, give studies or shut up.","[3, 4]",3
Cheers brother. That’s very interesting. First time I’ve seen that article.,"[0, 13, 17]",13
Omg sorry I just laughed out loud and also died inside for you.,"[1, 24]",24
Thank you. Hugs to you too,"[15, 18]",15
"Haha Thank you. It got hard to choose who is with what after OSU, PSU, Michigan and Rutgers","[1, 15]",15
Opposites attract! I thought the same thing when he helped her cook Thanksgiving.,"[15, 22]",22
So smart it looks like he shut his fingers in the door. That’s a nasty bruise under his fingernail.,"[0, 3, 11]",11
Fascinating! Thanks for the info!,"[0, 15]",15
[NAME] doesn't seem to have based this on anything. The owner of the nightclub says there was no altercation at,"[10, 27]",10
"Yup! Was a great shoot, can't wait for the video to debut so people can enjoy all the hard work. ","[0, 13]",0
1. Dr. [NAME] job is just cause drama and look frustrated 2. I wanna know the mothers of people ITT,"[7, 27]",27
Man pre ASG Yankees were absolutely fun to watch. Judge hitting that homerun was awesome,"[0, 1]",0
Well ya but it's kinda too late for that unfortunately,"[25, 27]",25
[NAME] is just awesome. I have vacancies for long range adoptive grannies if she's not busy?,"[0, 7]",0
"Dentist did this to me I hate it. I knew i should have waited until ""it wad worse"" but i didn't. I regret it ","[11, 24]",11
I am still confused a bit lol,"[1, 6]",1
For a sec I thought I was on NoSleep. I'm glad no one got hurt.,"[17, 22]",17
You'd better get to work then! See you in 10 years!,"[4, 20]",20
"Interesting point about how *guanxi* ""makes corruption an intrinsic characteristic of the Chinese government.""","[7, 27]",7
Best day of the week!,"[0, 17]",0
Are you actually serious? I'm really interested in the details lol,"[1, 7]",1
"Doubt is an integral part of faith. Dont worry, it will help you in the long run","[5, 20]",5
I know it's so amazing. Too bad all the people that hate the game haven't thought of giving it a try.,"[0, 9]",0
Happy New Year you wonderful mummy you! I was thinking about you today and hoping you were doing okay ☺,"[4, 13, 20]",20
Look how pretty she is. YES QUEEN YESSSSSSS,"[0, 4]",0
In a few years she will probably be claiming to be in her 30s!,"[20, 27]",20
Mother of [NAME]... Im not grossed out very easily. I can stomach just about anything. But this made my fucking skin crawl....,"[2, 3]",2
"Yeah, I’m going to do my best to avoid a fight. She’d probably kill me. ","[4, 20]",4
And then what would The Bulls do if he says he won't be the head coach anymore? Put an assistant in there?,"[6, 7]",6
I hope your life is as lovely as you are,"[5, 20]",20
Yeah and I love my dog and I'd miss my dad.,"[18, 25]",18
"Wouldn't it just be enough to be really interesting is to go through the arguments. However, I would guess this is the most symmetric of these.","[7, 20]",7
I know this is a joke but people on this sub actually think this way lol.,"[1, 17]",1
"Whoops, I'm* dying. But I wish, they make so much money. ","[8, 25]",8
“I wish there was a way to know you're in the good old days before you've actually left them.”,"[8, 27]",8
FUCKING YES BEST PLAYER ON THE PITCH TODAY ABSOLUTE WARRIOR BOW DOWN TO THE BALON DOR WINNER TRULY WORTHY,"[0, 21]",0
"Thanks, I hate it.","[10, 15]",15
One of the rare times I actually laugh out loud while browsing online.,"[1, 17]",1
"LOL. The one in the bed, when [NAME] is walking in with the candle. It was just awkward. ","[1, 12]",1
"Hey, it's working again! Somebody at YouTube must have given the server a whack, because suddenly the recommendations are making sense. I wonder what happened today.","[17, 26]",26
That actually sounds pretty bloody hilarious. Maybe I'll work that into one of my one-shots.,"[0, 1]",0
Ok now I’m wondering what you’re on,"[7, 26]",26
"Wow, I know he is the voice of [NAME], but I did not know he basically IS [NAME]","[22, 26]",26
I know he lives in Texas and I have his phone number and things like his name and age but nothing else really.,"[4, 27]",27
"I'm sorry, when did a subreddit become a sacred institution? That's a false equivalency.","[7, 24]",24
I'm not white.,"[10, 27]",10
That is utterly horrifying. I'm so sorry that your kindergarten teacher was such a heartless old bat.,"[24, 25]",25
Kill whitey!,"[2, 27]",2
Haha. This is awesome. And I can't unsee it.,"[0, 1]",1
Pickeks are nice idk how many calories I eat day to day lol,"[1, 15]",1
Woo! New sci fi! Thanks!,"[0, 15]",15
"Given that you're not a conservative and this isn't a debate sub, how about you just get the hell out and stay out.","[2, 3]",2
Fair enough ;),"[4, 17]",4
there's no limit when it comes to owning dogs.. more dogs = more love,"[4, 18]",18
Eagles fan here. is this goalpost an old meme here? or was it due to recent circumstances?,"[6, 7]",6
I love Arkansas. /s.,"[0, 18]",18
I agree. The timing is really funny to me,"[1, 4]",1
"I just bought these, they look amazing! Thank you, Internet parent! ","[0, 15]",15
"Lol, I’m surprised more people didn’t catch that. Thanks for the med check! ","[15, 26]",15
You have to find the right woman honestly and its sad that divorce is so punishing,"[9, 25]",25
"Well tickle me pink. Thanks for following up, I enjoyed the read.","[15, 17]",15
That would be fantastic!!,"[0, 4]",0
You are welcome! Love to you on the journey!,"[15, 18]",18
Exactly right! It would help if my fingers could type properly lol. Burr smh!,"[1, 9]",1
"I appreciate it, that's good to know. I hope I'll have to apply that knowledge one day","[0, 20]",20
"don't worry, the funding will arrive the year after!","[5, 20]",5
I feel horrible for the government workers caught in the middle of this. I hope it ends soon.,"[14, 20, 25]",14
I used to watch it’s always sunny with my cat. She loved it. Now I can’t watch it without crying.,"[18, 25]",18
Ugh. Gross,"[3, 11]",11
"Not sure why it matters but i imagine shes as old as all the other v3 ultimates, so around 16-17","[6, 27]",6
"Is this in the US? 30k per year blows my mind, my tuition is like 9k ish a year+rent","[26, 27]",27
We got a great view around 9pm before the rain!,"[0, 4]",0
"Ooh, I wanna be [NAME]!","[8, 13]",13
Jack torrance can be nice,"[0, 27]",0
Excellent work thank you for this. This is why I love Reddit.,"[0, 15, 18]",15
I know right! Lego really hurts!,"[22, 25]",25
"So, a kid?","[7, 27]",27
The next [NAME]. Welcome [NAME].,"[0, 15]",15
">It would also open the possibility of selling the [NAME] arms, I guess. That would be a terrible idea.","[11, 14, 20]",14
"""Cute dog, what's his name?"" ""[NAME]"" ( ͡o ͜ʖ ͡o)","[0, 18]",0
HE SHOOTS AND SCORES!!!!,"[0, 27]",27
"You just worded it badly, like we all SHOULD want to see it change, which many of us don’t.","[3, 10]",10
"Oh such a embarrassing mistake, or was it?","[7, 12]",12
I'm...not going to let him see me cry.,"[25, 27]",25
Great minds more like... And youtube suggestions.,"[0, 27]",0
">""Le Painting""??? What hell is that? - [NAME], 2019","[2, 3, 7]",2
You're right! What a nightmare.,"[4, 14]",4
What is this fucking r/niceguys bullshit?,"[2, 3]",2
A successful centralized ratings company?,"[7, 27]",27
"Yes! I used to do this all the time actually, especially go to the mall alone. It was actually really nice.","[0, 4]",4
"Flat out getting our ass kicked. Gotta give it to Memphis, they have just shut us down","[2, 9, 12]",2
This is so bad and I really don't get that politicians or party's like ovld don't realise this. Why block actually defends this.,"[6, 7]",6
"Honestly, it would be even better if she handed the reigns to a brick. Then no deal definitely happens and everyone's happy ever after :D","[17, 27]",17
Thats weak as fuck.,"[2, 3]",2
"I wish there was hope, but we are all bracing for hard brexit. My country is a laughing stock right now. ","[1, 8]",8
Cute and acts like a puppy but sexy at the same time. Totally exists btw,"[0, 4]",0
I agree because the issues run much deeper. In your opinion what would be the best way to deal with it? Regulation?,"[4, 7]",4
He's been holding back for the last 2.5 years. Seems to find it easy for some reason...,"[22, 27]",22
Damn that must feel great!,"[0, 15]",0
Is that the one with [NAME]?,"[7, 27]",7
Omg congratz for you guys!!!!! That is amazing news :) good luck with twins.,"[0, 15, 20]",0
I can when enough time has passed. I've got each of their playoff games from that year and it's fun to relive it during the offseason.,"[1, 17]",1
He was credited in commentaries as the inspiration for Cletus. I always loved the way he just wants that dog.,"[18, 27]",18
"I'm afraid you're completely correct. Sad, but true.","[4, 14, 25]",25
Can you explain how she could block all three spots? I don’t think we understand.,"[6, 7]",6
Have vid to reaction ?,"[7, 27]",27
"Not much? Oh honey, it's everything! You two are beautiful! Congratulations!","[0, 15]",0
The characters and story are really enjoyable. The dungeons are awesome. Generally decent sidequests. Fun items. Cool art style and character designs,"[0, 13, 17]",17
"Out of interest, what’s a chibi? Is it basically a furry?","[6, 7]",7
I’m not sure why I just laughed so hard at this. It’s not but it’s funny!,"[1, 6]",1
Don't let a few hard months get in the way of a possible beautiful future.,"[10, 20]",10
"I fucking love that you actually educated me a little about punk. Thanks for the suggestions, I'll definetly listen to them.","[15, 18]",15
Putting your finger and a loose cloth inside the 3 jaw chuck to polish the inside is insanely dangerous,"[14, 27]",27
"She was so excited, oof the comment hurt","[9, 13]",13
"Right, I never said it wasn't. There's been a lot of unjust laws. I was just curious if you actually agreed with that.","[4, 27]",4
Thanks man I appreciate that! I just feel like I'm in a tailspin of not being good enough and idk how to get out of it,"[0, 6, 15]",15
No the bubble is love. The bubble is life. With the bubble comes zero expectations and a sweet sixteen appearance. Such is life in South Canada.,"[18, 27]",18
I love your Grandma! Good for you for not just giving in.,"[4, 18]",18
oh happy cake day,"[13, 17]",13
But where is the center of the Overton Window?,"[7, 27]",7
It's pretty clear if you understand basic math.,"[4, 27]",4
the excitement when they all first come in always makes me happy,"[13, 17]",17
I've wanted this for so long.,"[4, 8]",8
"ok, so there are no checks client side, thanks for the information and all the best luck on the project!","[4, 15, 20]",15
"This is not a good relationship. It doesn't seem like she is ever good to you, only manipulative.","[3, 10]",10
"Well, its been hours and I was correct. The OPs comment was totally 100% incorrect. Have a great day, thanks for playing. LMAO!","[1, 10, 15]",15
Well said man. I hope you’re doing better now. Love the username btw.,"[18, 20]",18
Thank you! I am surprised with the amount of feedback I am getting. I was not careful with my word choice.,"[15, 26]",15
he'll be hurt next year too,"[20, 25]",20
It's ridiculous that [NAME] has inspired way more people to join rather than leave but there are way more media articles by people who have left.,"[3, 27]",3
"Lucky you, our low is only gonna be 3°","[0, 27]",27
Do you dislike the concept or the way they use prepositions? Does your first language lack the concept as well? :),"[7, 27]",7
"[NAME] is both pretty and strong, I think it's a great name!","[0, 4]",0
"Dude, let’s just offer them a choice between remaining and staying. Democracy, lmao.","[1, 4]",1
I'm hopeful but going in with tempered expectations. There have been some remasters in which I was really disappointed. BioShock comes to mind.,"[9, 20]",9
"That actually makes sense, thank you for answering my question. Did you try training your dog?","[7, 15]",15
You should come. You'd enjoy it.,"[4, 17]",17
Coinbase LOL people think place is the answer. I think it’s Cancer.,"[1, 6]",1
this is why I love reddit,"[18, 22]",18
No. You are not.,"[10, 27]",10
"One of my best friends got caught up in Primerica, it was both sad and hilarious ","[1, 25]",25
I am sorry little one,"[24, 25]",24
To bad your mother didn’t swallow your dumbass,"[2, 3]",2
"If u see the show you would realize that swearengen it's motivating the journalist, everyone will run in to painful situations some give up, some fight back","[4, 22]",22
Wow what's it like to be so petty? (Fixed),"[7, 26]",26
When did you apply for this? The new AFI was published Oct of 2018. Have you already PCSed from Korea?,"[7, 27]",7
... but he LOVES you. Perfect.,"[4, 18]",18
How do you hire the former DA? That sounds super helpful...,"[0, 7]",7
You're the best kind of person. I hope that you find great family and friends in your mother's family.,"[0, 8, 20]",0
This is perfect!,"[0, 4]",0
"Haha thank you for all of this! I’m sorry you can relate to it all, you stay safe out there!","[5, 15]",15
I’m not a republican,"[10, 27]",10
And this is why I park my car in the woods when I wanna just chill. Thank you south jersey pines,"[15, 22]",15
I believe you copied and paste from somewhere or previous answer. We are definitely not talking about the same thing. Hope you get better man. Cheers.,"[17, 20]",20
Did you do the frame check by yourself or someone else did it?,"[6, 7]",7
"Fox News devoted 42 seconds on [NAME], wow.","[0, 26]",26
Did it taste good; I bet it tasted good.,"[0, 4]",0
"Sksksksk omg, I think I must’ve got confused then, yeh top for ep8 right? And that’s the makeover or the ball?","[6, 26]",6
"OOOOOFFF, now that'd be a kick to the head","[2, 27]",2
I've had good luck reselling on StubHub. They take a cut but it is secure and easy to do.,"[0, 20]",20
"This is simply beautiful <3 thank you for sharing this, it touched my heart to hear such a wonderful success story <3","[0, 15]",15
This is horrifying,"[14, 26]",14
"Thanks? Lol. Pairing [NAME] or [NAME] with [NAME], defensively, though? Yikes, to say the least.","[1, 15]",15
"Even though I'm not the poster thanks for this, I had no idea it was a thing. I'm going to check it out.","[6, 15]",15
I wouldn’t recommend expensive brands in this subreddit. People get irrationally angry and condescending.,"[2, 10]",2
How is it the worst though? Me and my friends all use it and love it (since 2016),"[7, 18]",18
Until he goes back to school on Tuesday and all his friends are SO RELIEVED that he’s back safely.,"[23, 27]",27
I can't imagine how scary that was for you. What is wrong with people?,"[3, 14]",14
"Thanks. Though tbh I think some 3D characters, [NAME] etc could fit in. Though they might be some unlockable characters hidden maybe. ","[6, 15]",6
I loved how [NAME] feels like everyone in the office is her family. Her relationship with [NAME] is so cute and innocent,"[0, 18]",18
Good luck trying to get out of the membership. They won’t make it easy.,"[10, 20]",20
"Perfect, thank you!! [NAME] this week and [NAME] next week, I’m getting closer and closer to having them all!! :)","[4, 15]",15
Oh lol. Thanks for the clarification. I just thought that’s the texture of the tongue.,"[1, 15]",15
Thank you I very much appreciate it.,"[0, 15]",15
Such a cool pic! Really wish the moon was in the dead middle though 🙃🙃,"[0, 8, 20]",8
"hope he keeps his shit together, he can become great","[8, 20]",20
The American way is to show some empathy for others come on dude,"[4, 27]",27
That would be greatly appreciated.,"[0, 15]",0
As a college student that played football I'm with you lol. My team smashed mcdonalds all the time and it was great,"[1, 13, 17]",1
"Lol, thank you!","[1, 15]",15
Thank you! I suddenly see the benefits of Fahrenheit.,"[15, 22]",15
I hate when I get extremely bored doing something that was once all consuming.,"[2, 3]",2
Totes! I love walking round and round and round in circles all afternoon and still not finding the store I need.,"[9, 18]",18
Well at least we won't have to spend as much time watching this.,"[22, 23]",22
"Wow! Thanks! We’re working on it! Glad you liked it (this is [NAME], the [NAME] one)... appreciate your support!","[15, 17]",15
It’s awful. I couldn’t even see the ending at all.,"[11, 25]",11
"Oh so you're not even a believer..Yeah, there is nothing for us to discuss. Thanks though.","[3, 15]",15
"Lol I don’t disagree, but the perimeter defense let them walk into the paint. You can blame [NAME] too.","[1, 10]",1
Ignorance is the worst thing that can happen to someone,"[11, 22]",11
Thank you for correcting me on these! I have taken them down. I will do more research in the future.,"[15, 20]",15
"So, so many hugs and high fives! You are an awesome momma. ","[0, 17]",0
That would be terrible. I liked the way private Practice ended (more or less) so hopefully [NAME] doesn’t go for something cliche.,"[18, 20]",20
He knows he's not playing as well as he should be. By that logic [NAME] wants out so he should go too.,"[9, 27]",27
Lol nah i’m not playing your game dude. Have a good night,"[1, 5]",1
Glad you had fun! Your gf sounds like a keeper!,"[5, 15, 17]",17
Seriously! Like can any foreign power just come in and appoint a president?,"[7, 26, 27]",27
"No, you're supposed to get angry and yell that you're right when someone corrects you","[2, 10]",2
Wow that has to be the best advice I’ve ever gotten. Thank you,"[0, 15]",15
This is a restaurant in a hotel so it had a strange vibe.,"[22, 26]",26
This is actually a beautiful picture lol,"[0, 1]",1
sorry. emotional writing bot! you dont know what its like to have an amygdala! lol,"[1, 24]",24
Fantastic news for supply - hopefully it translates to less pressure on rents. This market desperately needs more supply and this is great news.,"[0, 20]",0
See as sad as I am I can’t hate anyone here.,"[2, 25]",25
Article is good. Not sure how it relates to “carve outs” for law enforcement.,"[4, 6]",6
HOW DARE YOU!!,"[2, 27]",2
"This is not a why were they filming. The person filming clearly saw it from further away, and then got closer after turning on the camera.","[4, 27]",27
"Shit, I wish I had your skin and those blackheads. I’m 38 and still get acne and have scars!","[8, 9]",8
"Sorry if I was insulting, I just took your post as some commie type smugly trolling how stupid [NAME] is ","[9, 24]",24
He goes after my Wisconsin teams all the time... so I live that one haha. Pisses me off but still love em,"[1, 18]",18
"Intrusive thoughts happen in anxiety disorders, although I'm not sure if that's what you're describing here","[6, 19]",6
Drive thru is the worst. The number of times people would sneeze in my face at the window was infuriating.,"[2, 11]",2
Good news. Makes me feel BCH is way underpriced and has a huge upside.,"[13, 17]",17
The most my dad did to help with the housework in 35+ years of their marriage was to lift his legs while mum vacuums around the couch,"[2, 22]",22
This should be the norm instead of the exception. Sadly the leaders in law enforcement are almost always more into politics than principles.,"[10, 25]",25
That is absolutely brilliant. Thank you so much for your help and support.,"[0, 15]",15
I am legitimately confused as to why don't they do what Warhammer does with its video game licenses.,"[6, 7]",6
"As a matter of fact I do plan to go to germany, and I am already at B2 level in german","[21, 27]",27
Id buy those shoes and walk in the dirtiest places just to piss [NAME] off.,"[2, 3, 27]",27
"If being bisexual means I'm in a cult, I'm kind of pissed because I haven't received my cult robes yet.","[3, 11]",3
So happy for you I am crying too.,"[17, 25]",17
"I really want [NAME] out of these two, but I’m curious who he would tap as OC.","[7, 8]",7
"That's right, always be extra careful around the corner.","[4, 5]",4
People are idiots! No one should shame [NAME] for doing her job as a mom! Shame [NAME] instead for putting her kids' life in danger!,"[2, 12]",12
I feel so sorry for [NAME]..,"[5, 24, 25]",24
"I thought this was about [NAME] from Melbourne bc of the flair, until I started reading it. ","[22, 27]",22
yes and I'm glad that this nonsense stops with me,"[17, 23]",17
"I have no idea what ""[NAME]"" is. These billion and one denominations are getting kind of ridiculous.","[3, 6]",3
And here we see the incel in his natural habitat: an imaginary dream world catered to his vision.,"[4, 27]",27
Are you serious? Open up a fucking history book,"[2, 3]",2
Aww! congratulations!,"[0, 13]",13
I'm doing a lot better. It means a lot that you checked in on me. Thank you!,"[4, 15]",15
Yea I'm poor :(,"[25, 27]",25
Why is this being downvoted lol?,"[1, 7]",1
Kinda sad if that's what you got out of the ad lol,"[1, 9]",1
That cat's jump when the coyote takes his eyes off him.. Ouch!,"[11, 27]",27
Thanks I hate it.,"[3, 15]",15
So basically Syracuse needs two starters out and a bunch of circus shots to compete lol. Is what it is I guess,"[1, 7]",1
That guy face was soul crushing,"[9, 27]",9
That's what I would recommend too. Go for righteous deflection and second wind as your t2 and t3 for additional anti-gank potential,"[4, 27]",4
I still want BO4 multiplayer prestige 0 Level 55 icon PepeHands,"[8, 27]",27
This one tilted concrete square in my neighborhood that I keep fucking tripping over.,"[2, 3]",2
"Congratulations, the most poorly written video game story in history made you think twice. You must be a genius. ","[0, 15]",0
That's so amazing! I am happy for you both!,"[0, 15, 17]",17
"What's the name of it? I googled Anker and there are several, but I want an included SD lol","[1, 6, 7]",1
Sure hope #4 includes subsidized housing. I'm terrified.,"[14, 20]",20
It's to save you the hassle of scooping the brains from the ground,"[5, 27]",5
I love it lol!,"[1, 18]",18
I was living for him. Now he left me. I'm not gonna live anymore.,"[9, 25]",9
"I don't know why, but the thought of that hat on smoke makes me smile...","[6, 17]",6
"Thankfully I had supportive and patient friends, lol.","[1, 15]",1
"No, no the PTA has not disbanded!","[10, 27]",10
I love the way you phrased that. I do believe she is terribly afraid to look inward at herself.,"[14, 18]",14
So. Damn. Greasy.,"[3, 11]",3
It makes me mad when people steal them lol... chances are if you're nice I'll just *give* it to you,"[1, 3]",1
Damn it!,"[3, 9]",3
"I guess not, thanks for clearing it up mate","[10, 15]",15
I literally didn’t know that it was a interlocked I and U. Holy cow that’s crazy.,"[22, 26]",26
This is amazing. This is how Christmas should be.,"[0, 4, 13]",0
[NAME] sure are afraid of brown women.,"[14, 27]",14
"I don't get your point. I love the grind as well, that's why I tried to get dark matter and prestige master. ","[6, 18]",18
LWX YOU SEXY BEAST,"[0, 18]",0
"They played a lot worse on Saturday. Saturday was really, really bad for me.","[9, 25]",9
yuck no I'm waiting until marriage obvs,"[10, 11]",11
lmao... okay buddy,"[1, 27]",1
Enjoy wes virginnie,"[17, 27]",17
I’ll keep that in mind lol thanks a lot!,"[1, 15]",15
"Oh, the Custom is a great guitar. But it doesn't have same snarl of the Epi.","[0, 9]",0
"what a lovely gift, you are blessed my friend, she picked you!!!! use it in good health","[0, 18]",0
"Thank [NAME] , surprising he doesn't want the mets deal","[15, 26]",15
I did not post this. I really do find it funny tho,"[1, 10]",1
Hahaha okay that actually made me laugh. Thanks man,"[1, 15]",15
That sounds frustrating!,"[2, 3]",3
Right back at ya! Also love the username!,"[0, 18]",18
"Thanks to the finicky nature of the reddit app, i accidentially gilded this post. Congrats :p","[0, 15]",15
Thank you! And may [NAME] shine His love upon you!,"[15, 20]",15
"Wow, you really missed the point, didn't you?","[7, 26]",26
I like they think that it’s bad that we are thinking about the fucking POTUS. It’s almost like his actions effect us all,"[3, 9]",3
I'd love it if we could just put everyone into work camps as soon as they turn 12. Property come would be a thing of the past!,"[18, 20]",20
True but I think that's what the other poster was thinking at least,"[4, 27]",4
"No,no, you are right we should murder everyone we hate other wise hateful people win. ","[2, 10]",10
"Thank you, and I am. I'm definitely fine with regretful parent, I'd flair myself that if I had an actual computer at hand.","[15, 20, 24]",15
*my fat normie slut*,"[3, 27]",27
Btw how do you use conditioner is it something before or after the soap,"[6, 7]",7
Very good to know! Thanks!,"[0, 15]",15
lol dont try and fucking blame [NAME] for not passing it to a guy who has been bricking all night.,"[1, 2]",1
This is actually really sweet... 46 g of sugar per tattoo sweet,"[0, 4]",0
Reading this made me pretty damn happy. Congrats hope it works out for you two.,"[13, 15, 17, 20]",17
how'd you know? they're soooo good,"[0, 7]",0
Congrats to your wife and you! Hope everything goes well!,"[15, 20]",15
"I wish they would have focused on them in the first movie, and slowly handed the torch off to the next gen by the 3rd.","[8, 20]",8
"Like women don’t have enough things to be judged on, now everyone is talking about our eyebrows..this is the most ridiculous trend to me. ","[2, 3]",3
Maybe she realized that what she did was extremely stupid so she was trying to hide her face so that her shame would somehow disappear.,"[12, 22]",12
"Yes, I will GI A+B6 LH more often, it's really good. Thank you for the tip!","[0, 15]",15
"he's a fantastic director, i've actually never heard of memories of murder! definitely will add that to my to-watch list :)","[0, 20]",0
"Yeah, the gauntlet ruins everything","[4, 9]",4
"I wish there was a bridge there, because then that would have been worth it. This river is the biggest pain in my zone!","[8, 25]",8
And you can't really see the bottom part so that's probably small too. Really grosses me out,"[3, 9]",9
"I think [NAME] is starting to get too much blame, everybody on the roster sucks with the exception of [NAME] ","[3, 9]",3
"Lol now that I see it put in this way, it's even more sad. Thanks :(","[1, 15, 25]",15
Good. I'm glad that you are getting help.,"[0, 17]",17
What did you use to kill them all? Sorry I’m kinda a noob,"[7, 24]",24
Good to hear - I am glad you at least have that choice.,"[15, 17]",17
"I have a solid plan in place, definitely not an impulse decision. Just curious about other people’s experiences. ","[4, 7]",7
Sad if step kids are nice children I am sorry they are in this dynamic,"[24, 25]",25
Over 9000 IQ Tracer. Cheers love.,"[17, 18]",18
Japanese Raws? This manga is ongoing and next chapter is 217 as far as i'm concerned,"[5, 27]",27
Happy cake day man!!!,"[13, 17]",13
"Suddenly, the **average** block confirmation became an unchangeable API paramter? Wow. Just wow.","[0, 26]",26
I knoooow like why do people exist just to make things worse I’m so tired of all these alts/ weird question askers,"[3, 11]",11
"No i know, was pointing it out for humor, not for any sort of accusation","[1, 10]",10
Sorry English is not my native language. I love weed but I worry about my lungs too. What do you mean?,"[6, 18, 24]",24
true... good luck! You're doing the right thing.,"[4, 20]",20
Love the place but be ready to wait. They really do take the time to make sure you look good and fresh.,"[0, 18]",18
Studid fuckin idiot,"[2, 3]",2
I think this is my favourite story of the year so far.,"[17, 18]",18
"This is why bars should have poly nights. It would be nice to be in a room of like minded people, maybe they will talk to me.","[8, 20]",20
"I'm curious as to how HIMYM affected you, if you would like to explain. I've watched it so many times. ","[7, 22]",7
Agreed I also love the snot physics towards the end of the game.,"[4, 18]",18
"[NAME] has been really blunt about things lately, I love it.","[0, 18]",18
So you're not a incel LMFAO. Go bang more women bro better then that get some friends bro. I'm not Livestreaming with you.,"[4, 5]",5
My error has already been highlighted thanks.,"[15, 22]",15
Can’t believe people still fall victims to those machines.,"[9, 26]",26
[NAME] face looks so cute here. What happened. Too many fillers ?,"[0, 6]",0
"Lol- nah, she is pretty cool as far as that goes. She loves hosting people. 95% of her wardrobe is [NAME] though :(","[0, 1]",1
"Thanks buddy, looks pretty cool.","[0, 15]",15
"So you are in Finland or Israel? Edit: that is kind of funny, I said that, THEN clicked on your profile, and sure enough ","[1, 7]",1
This is child abuse. No decent parent would force their kid to starve just because they don't understand science and nutrition,"[2, 10, 11]",10
Can’t believe no one said [NAME] when she slept with [NAME]!!! I love [NAME] and I felt personally betrayed. Wish they never reunited.,"[8, 18]",18
I am so sorry for your loss. I lost my Brother a few years back. My thoughts and heart is with you.,"[24, 25]",25
I sub white mocha for the classic. Delicious.,"[0, 27]",0
I love the snail's smile. It makes me happy :),"[17, 18]",18
"This is honestly hilarious and will remain hilarious.... dare I say, forever!? Well done [NAME].","[0, 1]",1
"Oh shit, that makes a lot of sense, thanks for dumbing it down!","[11, 15]",15
"""Oh no, my blue heroes died, it's probably very bad, time to concede"".","[9, 16]",9
"Spriefs ( spandex/athletic boxer briefs). Feels like nothing, keeps your junk in place, breathable and is super cool looking.","[0, 4]",0
"I workout to ""the grid"" a lot. It's a 20 minute piece that continually builds. Its wonderful.","[0, 13]",0
"[NAME], the ""launch more satellites or threaten to sue [NAME]"" one made me lose it.","[9, 27]",27
"LOL, had me confused for a second. Didn't realize you had responded to another comment of mine as well. ","[1, 22]",1
Using Vtrigger and Vskill buttons!? Oh My.,"[26, 27]",26
It goes a long way to explaining American mental health issues. Have you ever bothered to read anything?,"[3, 7]",3
Can a lad please send me one of whatever the fuck this is plz.,"[2, 3]",2
"Don't be, this is funny. I love it when [NAME] shows his emotions.","[1, 17, 18]",18
"Come to Melbourne [NAME], my wife cooks a rest roast we would love you over for dinner","[17, 18]",18
"Great, now my balls hurt and I’m yawning uncontrollably. ","[0, 9, 25]",0
Also i think that person is really shitty and I’m sorry you experienced that. People are animals sometimes.,"[2, 24]",24
Sad for the people who contracted measles. Angry at the parents who didn't vaccinate their kids against measles.,"[2, 25]",2
OMG this Extreme Love commercial. Yikes.,"[18, 26]",18
"Thank you, I had no idea if it was normal or not lol. I felt like I was the only one until just now. I appreciate it ","[0, 15]",15
I miss wally he was so likeable,"[18, 25]",25
Not delusional at all imo,"[3, 10]",10
The only objectives elements I read is : industrial farming/industrially farmed. The rest is only self-godism.,"[4, 27]",27
"I have many a screenshot of blatantly false posts that my older, conservative, religious relatives share on Facebook ","[22, 27]",27
Wonder which one belongs to [NAME] and what would be his final carbon footprint tally for this trip alone.,"[7, 26]",26
It's not that bad. Not even the employees were cringe worthy. I'm glad that they were all enthused about having fun with the seniors.,"[10, 13, 17]",17
I agree. But shooting him left me feeling bad too.,"[24, 25]",25
Her absence is probably the greatest present she can give you. Enjoy it while you can.,"[0, 17]",17
"These are lovely, I have one.","[4, 18]",18
"I'm proud, Reddit. This is a big deal to a fan. I'm genuinely happy for him. ","[17, 21]",17
"Or a ""what if"" episode where [NAME] and [NAME] didn't die!","[6, 7]",7
It's scenes like this that make me remember how truly special this show is.,"[0, 22]",0
that's fair. problem was that some of these responses make a fairly incorrect generalization.,"[4, 22]",4
I'm sorry I like to actually spell things out,"[4, 24]",24
...Great. Hope your insurance doesn't fuck you.,"[0, 20]",20
YES. Thanks man. Now I can feel less weird about my 20-year long passive aggressive rivalry with my sister. That means a lot.,"[4, 15]",15
Nice Map. I love the fact line 6 is pinkish red rather than silver,"[0, 18]",18
69 levels in one week?,"[7, 27]",27
Hm okay. I’ll tell the technician that’s what I believe it is and do some googling now. Thanks for the quick response!,"[15, 20]",15
agreed. excited to see how this team looks on opening day.,"[4, 13]",13
"Love their king onion soup! Such a gem, also they have good local wine there","[0, 18]",0
"Therapy NOW! Who hurt you? First of all, i'm very sorry that happened to you but you are loved...","[18, 24]",24
/uj this looks fucking delicious,"[0, 13]",0
"Her reply is immoral and disgusting but it is also brilliant. She's not trying to convince intelligent people, she's trying to motivate angry jealous people.","[0, 4, 11]",11
The worst!! I don’t get cramps so much but my back will kill me,"[2, 14]",2
"Seriously, [NAME], if you happen to see this, I love not just your work, but who you are. Thanks for being awesome. ❤️","[15, 18]",15
Someone did this when the roommate was breaking into her room and trying to leave dirty cat litter in it,"[11, 27]",27
Thanks for sharing this with me btw. I shared the video with [NAME] and it was a hit,"[15, 17]",15
[NAME] damn it [NAME].,"[2, 3]",3
Did you just say suck a fuck?,"[2, 6]",2
I am very happy with the changes. And also very pleasantly surprised the dairy industry didn't manage to make them include more dairy.,"[17, 26]",17
But you’re so so loved! Please find some to talk to! I hope you can overcome this sad part of life.,"[18, 20]",20
"Best time to stop lurking, you know why? So I can see your handsome face ","[0, 4]",0
Totally understand and love this.,"[0, 18]",18
I for one am with you on this train. I loved [NAME] man but this sub is losing its damn mind lol,"[1, 18]",1
This sounds like disgusting wasp propaganda. You're being paid by Big Wasp aren't you? Confess!,"[7, 11]",11
oh is that it,"[22, 26]",26
Of course it was a huge hit for him. I hate people,"[2, 3]",2
My only issue is he keeps blowing draft picks on QB’s that are terrible.,"[14, 27]",14
"That they will always love me despite how erratic I am and that they will always care about me, even if I haven't seen them in years.","[5, 18]",18
That’s an amazing photo. Thanks for sharing!,"[0, 15]",15
That's a cute spider.,"[0, 18]",0
shit. Sorry man :( They have great deals from now and then though via stacksocial. Check them from time to time.,"[0, 24]",24
"Thank you for your thoughtful, insight-filled post, which makes so many valid points.","[4, 15]",15
"#""""Haha so relatable omg so me""""","[1, 17]",1
I’m so happy for you! Keep doing the damn thing! :):),"[0, 17]",17
He is like a bad cartoon that’s hard to turn off.,"[3, 9]",9
Good luck! It's a long road ahead for us :P i have a job interview next week and i'm going all in for it.,"[13, 20]",20
[NAME] I hope this permanent.,"[8, 20]",20
"Hi Disappointed, I’m Dad!","[9, 27]",9
you guys are mean lol. teacher said talk to a forum if there's no existing church. thanks anyways,"[1, 15]",15
Yes!!!!,"[4, 27]",4
"Me too, I've heard before that I'm too blunt and I feel bad about it at times","[4, 25]",25
"great another filler episode, not like we have had enough of them","[0, 15]",0
"This exchange made my day. From a female doc, thanks for getting it. ","[15, 17]",15
That is awful. :(,"[0, 11]",11
That convention center sized groan right after the reveal.... No one wanted this. I have no idea what they were thinking.,"[6, 9]",6
Thank you!! I really enjoyed the first song and the song by The Avalanches. Both were very melodious and charming.,"[0, 15, 17]",15
Pretty cool that the same building is there just a different use.,"[0, 13]",0
I'm still testing the waters. Hazelnut mocha latte with almond milk is da bomb!,"[0, 27]",27
LMFAO! Thank you but I was inquiring about the OTHER one.,"[1, 15]",15
"I love this place. I have multiple things from them, and the employees are super great.","[0, 18]",18
"Awesome, thank you! :)","[0, 15]",15
Drink up before it gets cold,"[5, 27]",5
You are not intereating. You are an annoying cunt who should have never been concieved.,"[3, 10]",3
it's an amazing feeling! I love being happy :)))),"[0, 18]",18
Now ask me if I care. It's irritating and stupid.,"[2, 3]",3
Whatever dude dong worry about it... it’ll get handled,"[5, 20]",5
I hope you have good people around to support one another.,"[5, 20]",20
You are correct. I was mistaken. My apologies. I appreciate the correction.,"[0, 4, 24]",24
"Hahaha! Omg, that’s so funny. Thanks for taking one for the team. I heard it was bad but not that bad. ","[1, 15]",15
"Ohhh, thank you for enlightening me 😂😂","[4, 15]",15
My girlfriend and I watch it all the time and love making love while it’s playing in the background!,"[13, 18]",18
"I've been in China for years. I love it. Great job, apartment and love my city. I've never had a single problem ","[0, 4, 18]",18
"I either know you, or know someone who has done the exact same thing. Either way I hope that makes you feel better xD","[4, 20]",20
"Why would the landlord pay it if electric isnt included. Sorry to OP, need to cut the heat down","[10, 24]",24
[NAME] reaction is Like she really wanted to say “Thank God. Now I have a reason to leave”,"[15, 27]",15
“Got caught talking about meditation” Sounds terrible I am so sorry you had to go through that kind of thought policing.,"[14, 24]",14
Yep. I'm glad I never did. I'll gladly use their service for free when it suits me and give them nothing in return,"[4, 17]",17
Glad to hear this. Thank you.,"[15, 17]",15
That would be a hoot wouldn't it? Thank you!!,"[7, 15]",15
"Thanks, that's exactly what I needed to hear 💜","[4, 15]",15
"It was tough at first, but I'm slowly learning to love again.","[18, 22]",18
"This is so damn cute, I love it!","[0, 18]",18
Let's be honest here if [NAME] played last night the Canucks win. This defense is a major concern and needs a complete overhaul this offseason.,"[4, 27]",27
Great Photo. Really showcases what most outsiders expect when they come to Nashville for a show!,"[0, 4]",0
Oh boy is this gonna be the new thing? Cause I like it.,"[0, 7, 13]",13
I am glad the media got everyone all riled up before this information came out.,"[13, 17]",17
Thats great :) just dont shy away and embrace that you will go down a unique journey.,"[0, 20]",0
Holy crap! I want to hear this story!,"[8, 13]",8
"Please keep your head up, things get better, stay strong. :)","[5, 20]",5
"Why is it ghetto, though? You could've used any other word to describe the house.","[7, 22]",7
"What am I missing here? It's a noun, so no past tense?","[6, 7]",6
"Yay, another second tier free agent over 30. Thank God we're making a market for these players. Go Mets!","[4, 15]",15
"Don’t be clinically depressed, go outside! Be happy! 😊","[5, 10, 17]",5
should've rolled into battle with a sword brad. that would have fuckin' rocked,"[2, 27]",27
"You are not stupid, just overthinking, it will get lost in countless other posts and in the future it won't matter, good luck.","[15, 20]",20
"I like spicy, but I have made poppers with mini bell peppers and they came out great. Good to have options","[0, 17]",0
What will the UN bring anyway? Turkey will be victorious. I love my country.,"[7, 18]",18
One can only dream about having such a good team one day again. Now we have Sansores y Vilchis no mames haha.,"[1, 8]",1
"Awesome photo, love the bricks in the background and the color suits you chose. Very nice gents! ","[0, 4]",0
Almost all cars go through auctions at some point. It's nothing to worry about.,"[5, 27]",5
Here we go boys. Have a good game,"[13, 20]",13
"Oh, I think I misread it somewhere. Good news then! Hope [NAME] will use him next season. L","[20, 22]",20
Wow such a story! This is great art. Can I find more stuff like this somewhere?,"[0, 7]",0
"That’s kind of what makes the “guest” response funny, how did it get there?","[1, 6, 7, 17]",1
"Omg this is awesome. What a witch, I’m so glad they escorted her out. ","[0, 17]",0
Thank you.. Makes my heart happy that someone can appreciate this thread :),"[15, 17]",15
"Thanks for the great response. Btw I’m not British, I’m an [NAME].","[0, 15]",15
Ur right. It was a loose comparrison.. I hope i got my point across at least.,"[4, 20]",20
My wife is out for shabbos and I'm so lonely without her :(,"[9, 25]",25
"My knees, I had to quit running because they got so bad. Even hiking starts hurting after awhile, especially on long downhills Also glasses and deep voices","[9, 25]",9
"Said to my very white-looking brunette coworker once: ""Are you an oriental?""","[4, 7]",4
Yeah I've become extremely cynical since I started making these sorts of realizations.,"[4, 22]",22
"I think it was more hope, we all make mistakes. I thought [NAME] was going to step up.","[20, 27]",20
Wow so brave!,"[0, 26]",26
"Uh, I have no idea.","[6, 27]",6
Beautiful part of the world. Heading back up in a few weeks once the snow finally settled!,"[0, 20]",0
I remembered it slightly differently. My brain is terrible for coming up with this one: [NAME] Long Thick Penis Has Come To Town.,"[4, 14]",14
That's a good policy.,"[0, 4]",0
You definitely have a sexy [NAME] look going on.,"[0, 4]",0
"Weird, I thought I had a different twitter handle than that","[11, 22]",22
You forgot >Having a $1500 debt on LES due to Finance fucking up,"[2, 3]",3
Thank you. I realise I have to start from scratch,"[15, 22]",15
You are amazing! Proud of you!!!!,"[0, 21]",0
[NAME] brought in a guest writer for this so hopefully it gets rectified soon. I still really like DrawTwo but this has to be fixed,"[4, 20]",20
"If I met a woman that loved me and I her, that stuff wouldnt cross my mind. Its life. You make it work. ","[4, 18]",18
"I just got there and saw ""Chicken Pox"" When the image is about smallpox","[26, 27]",27
"This is a good point, thanks :)","[0, 15]",15
"Wow! What a big beautiful terrific post, thank-you OP for enlightening us to these hidden truths.","[0, 15]",15
"Nice, I didn't know that! Thanks for the info.","[0, 15]",15
"Sorry, it’s just my absolute favorite thing ","[0, 24]",24
"I would just like to say that this is an excellent comment. Well-written, and very insightful. Thank you comrade.","[0, 15]",15
"Hahaha exactly, and deciding on even the most simple of things","[1, 4]",1
Awesome. Thanks man.,"[0, 15]",15
Dude you’re honestly unhinged. I think you need a break from the internet for today... it’ll do you some good.,"[4, 5]",5
So sorry that happened to you. Let’s hope that person has some food they didn’t order tonight.,"[20, 24]",24
After christmas. January 4th. Lol,"[1, 13]",1
"Only joking, love the show and almost any meme involving it gets my upvote. 👍","[1, 18]",18
Omg i love you hahahahgaha,"[1, 18]",18
I live for this comment 🙌🏻 i just thought it was me getting older and losing touch with whats “trendy” but am glad its equally hated,"[17, 22]",17
Lol. What a great way to start off the morning,"[0, 1]",1
I sorry know I can't watch it lol Edit: got 3 seconds in and had to abort. Walls started coming down.,"[1, 24]",1
I really love playing him and going against him. Legion is overall my favorite killer. I respect everyone hating him although I dont understand why.,"[4, 18]",18
"Jeter been enjoying the Miami nightlife a little too much maybe, dulled his senses. ","[17, 25]",17
"Thanks, I was confused, too. I was like, ""how did your grandma rinse vegetables??"" Lol","[1, 6, 15]",15
"Great for him professionally, but the employees he takes the credit from? Not so much.","[0, 10]",0
Np just passing it forward from another comment haha. Love the sudden silence in this video. Love the look on everyone’s faces.,"[1, 18]",18
You deserve better. Good things will come. Hang in there.,"[5, 20]",5
I don't know why that omni-directional treadmill in Ready Player One still isn't being mass produced.,"[6, 9]",6
Are you joking??????,"[1, 6]",1
Why'd I get downvoted? Am I not allowed to watch Spider-man?,"[7, 10]",10
"I can't read Korean. Out of curiosity, what are the others?","[7, 10]",7
You nailed the crazy eyes. She scary.,"[0, 14]",14
Death approaches! -[NAME] 2013 (I think),"[16, 27]",27
You are uninformed. Its not just because of the wall.,"[10, 22]",10
"I love your username, btw. Happy new year! ","[13, 18]",18
[NAME] has no jump at all. If he’s injured he should sit and get better.,"[4, 5, 27]",5
"Tried to fight multiple times, cried, fallen over, and refused to eat... Sounds like my toddlers...","[3, 27]",3
"Great story, but I'm on PC and didn't get a chance to play ;c.","[0, 9]",0
haha. I think he means this in a good way. Just poorly verbalized.,"[1, 27]",1
"Actually good point, I should have asked for the source their too. It was only a rumor when I first heard. Might be wrong, sorry.","[4, 22, 24]",22
"Moose is pretty underwhelming tonight, I miss JV","[9, 25]",25
Just ask him what he’s looking for. It might be awkward but honesty is the best policy. Good luck!,"[5, 12, 20]",20
"Lol. I'm gonna try this with my wife. As I always have to tell myself: ""Don't 'should' on yourself.""","[1, 4]",1
"Because lost media presents a question with no answer. Humans are curious creatures, so presenting them with knowledge that cannot possibly be learned is extremely frustrating.","[3, 7]",3
"Couldn’t agree more, and glad there are folks in the media that recognize this","[10, 17]",17
Where does religion have anything to do with this? There are plenty of [RELIGION] people that are cool with whatever you're babbling about,"[4, 7]",7
What absolute garbage,"[3, 11]",11
Thank you! I'm so glad you liked it! I did finally get a new belt lol,"[1, 15, 17]",15
Did you guys personally pay someone for the banner? Because that's incredible.,"[0, 7]",0
Then go fucking cry you weak minded piece of shit.,"[2, 11]",2
"And in adult spaces in general. Let adults have things to themselves, damn it","[3, 27]",27
I’d want to know what happens after,"[7, 8]",8
I love [NAME] so much,"[0, 18]",18
"Disgusting. This is blatant nepotism, and that man should be ashamed.","[2, 11]",11
Hot take: [NAME] sucked after he went away to anger management and he suddenly changed into a moron who was completely incapable of doing anything even remotely correct.,"[2, 27]",2
At least you admit it. That is good.,"[0, 15]",0
"It took me, like, 3 hours to finish the shading on your upper lip. It's pretty much the best drawing I've ever done.","[0, 4]",0
Wow. Very thorough explanation. Thanks!,"[0, 15]",15
I love going out in treacherous weather. For real.,"[17, 18]",18
I'm sorry.,"[24, 25]",24
This thread is being brigaded by atheist/agnostics. They are just here to cause trouble. Look at OPs post history.,"[3, 27]",27
"You know what's coming, right?","[6, 7]",7
If you like that I got one that you may like. makes me laugh everytime here,"[1, 17]",1
That's a really interesting article. Has effectively nothing to do with myth making though.,"[4, 13]",4
Overhead fans are absolute shit. They literally do nothing but blow dust around.,"[2, 3]",3
So he gave something different? It will be fine,"[4, 20]",4
I'm glad you found your way. And even missing one day of effexor gets me sick so I feel for you,"[17, 25]",17
"I like your attitude :) yeah, you're awesome!","[0, 4]",0
"[NAME] was our second best hitter, [NAME] was the best","[0, 4]",0
"I like your enthusiasm and hope for the same outcome, but as the old saying goes- don't count your eggs before they hatch. ","[0, 18, 20]",20
"This made me laugh until i tried to ""like"" the post. Dammit. I am the old people on the Facebook. Shit.","[1, 9]",1
"I'm really worried :( I sent a DM to them, I hope they will be okay... ","[9, 14, 20]",20
So sad—but not surprising. It would be interesting to know if there’s a difference between countries with and without socialised health care.,"[7, 25]",25
I'm ordained. When's the wedding? 🙋 This is a terrible idea. I don't know what I'm doing.,"[6, 7, 14]",6
Shit yeah. Awesome fatality!!!,"[0, 13]",0
The funny part about it our club has the hide to tell us eels fans that it was the game of the year. 🤣,"[1, 22]",1
It’s so fucking creepy,"[11, 14]",14
"Just got back from TWC, and they were great! Thank you. 90% they were fried. Will try these others next ","[0, 15]",15
Thank you for saying that I just haven’t felt right and I’m so sad constantly,"[15, 25]",15
This hurts me,"[9, 25]",25
"Nah it's not that, [NAME] is just boring and sad","[25, 27]",25
I did thank you. Can’t wait to get back over for some games.,"[13, 15]",15
Hope it works for you OP.,"[5, 20]",20
This just made me laugh loudly in public causing uncomfortable stares.,"[1, 12]",1
"Another church stolen from us. That’s okay, we will get it back in the great Deus Vulting. ","[4, 20]",20
"*insert [NAME] talnkig about how they will love you but they will hate you, but it's [NAME] instead of [NAME].*","[2, 18, 27]",18
Well I guess there's one positive of no deal at least,"[4, 20]",4
I’d love to get my hands on a 4th gen z28,"[8, 13, 18]",18
It's very frustrating. I'm just crossing my fingers that something will help me soon. Thank you. xxoo,"[3, 15, 20]",15
CHUCK THE WAGONS MAMA IM GOING WEST,"[3, 27]",27
There's DOJ guidelines that he cannot be indicted.,"[10, 27]",27
The only time petty revenge backfired lol at least from what I understood unless I missed something,"[1, 22]",1
"Yep, especially if the mob on reddit is any indication of the group-think that’s going on in 2019.","[4, 22]",4
"That's funny stuff, there","[1, 17]",1
Thank you guys so much! IM FINALLY IN THE KNOW!,"[13, 15]",15
"Oh, real cool! Thanks for the references.","[0, 15]",15
"Nice quote, not sure if it was worth the time to pull up though.","[0, 6]",6
Are you serious?,"[6, 7]",7
"Haha thanks, I'm not cool at all but that comment made my day! Genuinely made me smile. <3","[1, 15, 17]",15
"Oooh, edgy!","[19, 26]",19
"Thank you for your feedback, I was just trying to tell you my reasoning behind it sorry if I came off as angry.","[15, 25]",15
THEY ARE SO CUTE TOGETHER!!,"[0, 18]",0
You ladies are awesome. Thank you all so much for your kind words.,"[0, 15]",15
"Nice picture, hope we keep him!","[0, 20]",20
It really does. Great point,"[0, 4]",0
"yeah [NAME] can eat glass, that guy fuckin sucks","[2, 3]",2
"This is wild omg. Also, happy cake day twin!","[13, 17]",13
Lol this is so true [NAME] thanks for sharing,"[1, 15]",15
What the fuck Edit: YOOOO I SWEAR MY DOOKU JUST SAID ONE OF HIS EMOTES IN A DIFFERENT LANGUAGE,"[2, 11]",11
Great article. Thanks for posting,"[0, 15]",15
"Thanks for this gootecks but unfortunately this sub is a bunch of casuals that won't appreciate it, I'll see you in the SF sub","[9, 15]",15
"I appreciate it, thank you. I will discuss consequences with my husband. It will probably be me taking my daughter elsewhere until [NAME] leaves.","[0, 15]",15
Why do you think many feminists are angry?,"[2, 7]",7
"Sure, okay.","[4, 27]",4
">[NAME] I don't know why, but that gave me a good laugh. Thank you. ","[15, 17]",15
They are angry virgin children because he plays the game like it was supposed to be played. SOT has the most pathetic community ever.,"[2, 25]",2
I love it. Enjoy your upvote.,"[17, 18]",18
I'm glad you could relate and that you also found some peace and resolution in your relationship. I'm glad we didn't give up!,"[0, 17]",17
"A ""Texas DUI"" sounds like a weird sex move. ","[11, 27]",11
What the hell are you on about now? Those are some weird examples to go with your clarified opinion.,"[2, 3, 11]",3
“I doubt I’m done writing” Kill me,"[2, 6]",2
Yes. I hate everything that has to do with my depression.,"[2, 9, 25]",2
You're saying [NAME] sucks at drafting...?,"[3, 6]",3
"Lol, try harder next time bud. Your swearing really shows who is actually mad here and your stupidity is starting to get really grating.","[1, 20]",1
Look at the spine on that kid - he must get it from his mother!,"[26, 27]",27
Oy! NOW THAT'S REALLY PISSED IT OFF!!,"[2, 3]",3
Hell is a great town. Don't you dare conflate it with those maze and blue bastards!,"[0, 2]",2
Yeah transgenders are stupid.,"[2, 3]",2
That is some serious dedication... He must love his job,"[0, 18]",18
You honestly think a law did away with straw purchases? Stop lying.,"[3, 7]",3
Wow this is getting huge,"[13, 26]",13
Look at all the trash at that festival. Fucking gross.,"[2, 11]",2
Hope he takes a break before managing again... I love the guy but he needs to update/reevaluate some of his tactics and methods,"[18, 20]",18
love this!,"[0, 18]",18
To clear his name I guess. If he’s actually innocent this will be vindicating,"[7, 20]",20
"[](/ironwillthumbsup) True! Weird, but true!","[4, 11]",11
Why does everything have to be a debate?,"[7, 27]",7
You're welcome! Glad you're enjoying them.,"[15, 17]",17
Was there for a game v the lions in in 2016- WELL WORTH IT!,"[0, 27]",0
i’m with you bro best of luck🤞🏼,"[4, 5]",5
Can relate. The spirit kept telling me to move to the Morridor. Total decade+ long disaster in almost every way. Shoulda stayed where I was.,"[9, 27]",9
This isn't a meme its a cry for help,"[10, 25]",25
Thank you! Don't be afraid to stand up for yourself otherwise you'll ended up in your late 30s exhausted and unhappy!,"[15, 25]",15
TSA agents are like tow truck drivers. Everyone hates them.,"[2, 27]",2
"I was able to catch the first half and his D looked great (thats what she said?), did it decline in the second?","[0, 6]",0
Thank you kind stranger. You might have just made my eyes mist a little.,"[15, 20]",15
Haha! I love it. That’s exactly how it would go.,"[1, 18]",18
The saddest part is that just this morning when we were laying in bed I was thinking about how much I love him.,"[18, 25]",18
Wow thanks. Didn’t know there were any others glad to hear,"[15, 26]",15
"[NAME], feel bad for that streamer, everyone has their moments on this game, it’s understandable","[9, 25]",25
"Yeah, I haven’t kept up with that show lol ","[1, 10]",1
"Instinct and Intellect are opposites, never said they were the same","[10, 27]",27
A couple things: Fuck Nazism. Enjoy the ban for trolling!,"[2, 17]",17
Dude is really nice. But I’m gonna be so upset if we ignore our huge need for a small forward again.,"[0, 9]",9
"Sorry man, you’re a great person and all. But margarine??? Downvoted*","[10, 24]",24
"Hell yeah my dude. And the best part is, if I had the money, I could get either or both of those right now :)","[4, 20]",4
These people are so full of hate it's disgusting and disheartening at the same time. How do you de-radicalize these people?,"[2, 9, 11]",11
"Yes, you said you are dying, I cannot do anything about that, hope you find peace","[4, 20]",20
Funny how picture comes with no article link... typical BS post..,"[1, 17]",1
Stop spraying chemicals daily in the sky.,"[2, 10]",2
Thanks so much for this pic! It’s even funnier the third time in ten minutes it’s posted here.,"[1, 15]",15
Surprised [NAME] didn't add his hatred of interracial couples in the movie.,"[2, 26]",26
Honestly? No. I just feel sad for you guys,"[7, 25]",25
"Excellent idea, thank you!","[0, 15]",15
"Oh, haha Gladstone is a town in North Qld Australia as well... thanks Reddit","[1, 15]",15
"there's no ventilation shafts in the dumb things, block the exits and make a bonfire.","[3, 10]",3
Did you accidentally buy the Australian model of the camera?,"[7, 27]",7
Thank you for sharing your beautiful and continuing story. It's comforting to see growth and deep love in relationships. I wish you both the best!,"[0, 15, 17]",15
Arguably this post is [NAME] favorite post on Reddit one hundred percent. Lmao #muglife,"[1, 27]",1
Wow! That sounds like an interesting dream! Thank you for your perspective.,"[0, 13, 15]",15
What's the name of the artist that featured him? Can't remember it,"[6, 7]",7
At least we’re in this together? 😓,"[7, 23]",23
"That’s fair, I disagree with you, but I’m not here to change your mind. Was just curious. ","[7, 10]",10
"fuck these dysfunctional, insecure mattresses","[2, 11]",2
"[NAME] [NAME], you made me think I was going colorblind for a second! How are there more colors in your rainbow than in mine?","[6, 7]",7
Oh whoops haha,"[1, 17]",1
My favorite!,"[13, 18]",18
"Damn, chairs can communicate with eachother now? What a time to be alive!","[3, 7]",7
Well I'm not to sure what country your from but my school has started integrating more modern views and it isn't all black and white anymore,"[6, 10]",10
Is that how you deal with people you disagree with? Nice personal fantasy you have there.,"[0, 7]",7
The whole thing is poetry. That finish is magic. Nose to the mit. Love this !,"[0, 18]",18
"Nope, in reality this does never happen indeed. Cant we see what the problem is here?","[7, 10]",7
100% yes. My sister's ex is an actual monster but my niece still sees his family.,"[4, 5]",4
"Love this, and the comments are great, thanks for sharing.","[0, 15, 18]",15
"I literally teared up reading this. That poor, poor guy. He has a great attitude, but that's heartbreaking.","[0, 25]",25
"Definitely not the norm in KY or other bible belt states, sadly. My extended family looks upon my CF lifestyle with nothing but bingo's.","[25, 27]",25
This must have been totally horrifying for you. I'm glad to hear you found peace in the second birth.,"[14, 17, 19]",17
Thanks for the info. Not sure if it’s even worth it then.,"[6, 15]",15
I love rock music but I enjoy draft punk too.....*feels bad man*,"[9, 17, 18, 25]",18
That lady is experiencing pure joy,"[17, 27]",17
wow that's amazing. i wonder what that feels like,"[0, 26]",26
ngl his total thievery of the lwymmd lyrics was highkey annoying to me but the song is actually pretty damn good lol,"[1, 3]",1
The medical examiner's office was on-scene at the fire pit from the get-go......so far the investigations looks very different from the TH case.,"[6, 27]",6
Soooo.... He basically just admitted he didn’t get his kid shit for Christmas. What a fucking asshole!,"[2, 3, 9]",2
Lmao that’s actually pretty good.,"[0, 1]",1
"Reject your humanity voluntarily and put the pure hatred, lack of moral, sociopathy and sadistic altitude inside of your soul with no way to turn back.","[2, 10]",10
that missed dunk is so symbolic of [NAME] lol,"[1, 27]",1
#Go Knights Go!!,"[4, 27]",27
"Oh, it's thor","[26, 27]",26
Why did [RELIGION] take inspiration from stoicism and neoplatonism and aristotelianism if outside sources are verboten?,"[6, 7]",7
"Anyone remember Space Dandy? It was short and stupid, but the animation was great. Very tounge in cheek.","[0, 7, 22]",0
"Nasty, pigeons are nasty.","[3, 11]",11
"Fair, although you'll get caught pretty easily like that","[4, 20]",4
I love how they keep getting smaller 🙊,"[18, 22]",18
I used to do the same exact thing! Now I love the fat on my steak and watching them cut it off in japanese restaurants makes me sad.,"[18, 25]",18
"Wow, you probably live in a messed up place.","[20, 26]",26
We still have this?!!!!!!!! What?!,"[7, 26]",7
I feel like this happens to me every single time I shop there. I dont go in anymore because I'm tired of being followed.,"[3, 9]",9
how do I know who's who scared emoji 😪,"[6, 7]",6
"Good point, I never thought about that. I guess I don't see enough commercials regularly to separate them from just other company agenda videos. Thanks!","[0, 15]",15
nothing I dont owe anyone any explanation.,"[10, 27]",10
Are you forreals?! I had no clue at all. Maybe i need totake a better look at the menu damn thanks dude,"[6, 15]",15
I’m proud of you and I’m happy for you!,"[17, 21]",21
True. But I think it’s only [NAME] that pull the belly out of themselves to articles about the empire!,"[3, 4]",4
Ayyy! Thanks for finishing it up. Glad someone did. LOL @ your username 😂😂,"[1, 15]",15
Great company. I added it. Let me know if you have any,"[0, 7]",0
You didn’t sell that stock did you? I am sorry i hope the company rebounds.,"[20, 24]",24
[NAME] ruined religion. It’s the only good thing they’ve done.,"[0, 4]",0
Exactly. I thought charcoal would be same like graphite pencil. I need to learn more of this stuff. Thanks for criticizing x),"[15, 22]",15
I friggin love [NAME]. Are we sure she aint [NAME] in disguise?,"[7, 18]",18
[NAME] voice actor by the end of the game was phenomenal. So much rage and sadness,"[2, 25]",25
Boogie Nights is my favorite movie by the way,"[18, 27]",18
"Not only do they make me cringe, I become angry because usually or is my nmother and her flying monkey daughter posting them. Just horrible.","[2, 14]",14
Love reading these kind of posts! So happy for you.,"[17, 18]",18
I'm sure the guy i lease my space from will love it when I ask to transfer some BAT to cover next month's rent.,"[18, 20]",18
HA! HAHAHAHAHAHA!!! That’s amazing. Thanks for starting my morning off with a good laugh. What a couple of idiots.,"[0, 15]",15
"> I know plenty of religious/semi-religious [NAME] who are not [NAME] in practice or belief. What term do they use to identify themselves as, though?","[6, 7, 27]",6
I love this. Hopefully it is more successful than [NAME] (RIP).,"[18, 20]",18
I'm not attacking you. Which part of our conversation gives the impression that I'm attacking you? Honest question.,"[7, 10]",7
Wow that’s actually a great idea lmao,"[0, 1]",1
He wasn’t drafted and is properly rated imo. Had a crazy career for sure. Beat the odds many times,"[17, 27]",27
"Yeah, but what if he didn't have a camera? You see it in Russia all the time, which is why everyone has a dashcam.","[6, 7]",7
"Glad to see [NAME] getting a point, he's been overdue. Now for the 3rd period [NAME]? ","[7, 17]",17
"I like these cultures and would be happy to tell you what sort of work qualifications/licensure/certification have you acquired, if any?","[7, 18]",7
Definitely.... I wake up at like 3am work at 6am... I hate morning people though LMAO,"[1, 4]",1
Oh really?,"[26, 27]",26
I wish I loved anything the way [NAME] loves playing hockey,"[8, 18]",18
Thanks for sharing your story. I hope you are doing okay now.,"[15, 20]",15
Sorry buddy I think that one is permanently dead. :(,"[24, 25]",24
Love the whole lebatard community but she has the most confidence speaking and it shows up on all the shows she does,"[0, 4, 18]",18
Yeah people used it as precedence. That’s very sad. What’s your point? What abhorrent treatment?,"[7, 25]",25
ok thanks. i guess that's why there are none of them on reddit to respond to my inquiries lol,"[1, 15]",15
It more effective if you do it in person,"[4, 20]",4
Its a weird thing they do south of the border... they throw flour at each other. No idea why that's a thing.,"[3, 6]",6
"That whole video was very interesting, thank you for that!","[0, 15]",15
Hey! Anyone have the DL on this MLM ? Would love some links to send a victim!!,"[18, 27]",18
"It's like [NAME] said. They get motivated by a bad loss, they win a game, get unmotivated, and lose badly again","[3, 9]",9
"lol, it is. At least the leftist communities flat out tell you that you'll be banned for it.","[1, 27]",1
"Sounds fancy, is there any in flight entertainment?","[4, 7]",7
.... You do realize they will eventually hit a glass ceiling since that's unsustainable.,"[22, 27]",27
Lol it’s one of those right wingers pretending to be a leftist to sow division. They’re pretty bad at it.,"[1, 11]",1
Think you need more gin with it and you will be alright next time,"[5, 27]",5
That's funny because I used to hate him but researching more just made me like him more,"[1, 18]",1
thats.... not the type of disco that i remember,"[10, 27]",10
"Huge loss. Good job boys! Now go out there, give your best and prove that [NAME] didn't die for nothing!","[0, 15]",0
"Damn, I'd better avoid you then. I don't wanna die.","[3, 10]",3
"Thanks, I hate it.","[3, 15]",15
How to delete spam: Learn how to punish sigs you fucking idiot,"[2, 3]",2
There are Germany radfem groups on FB? I'd love to know some names. Danke! (Can anybody PM me?),"[7, 18]",18
Great. I guess they learned from previous shutdowns.,"[0, 27]",0
That couple were jerks. I am glad you made them move.,"[11, 17]",17
"I hate this comment. More-so, I hate how likely this comment is to reach fruition. ","[2, 9]",2
I feel you girl,"[5, 27]",5
dont let the spirit of rock die motherfucker aroooooo,"[2, 27]",2
Im sorry dude. Drumming Octopuss.,"[24, 25]",24
I want a DL thats about 800€ for a month is the one who's new here lol.,"[1, 8]",1
🤷‍♂️ weird flex but ok,"[4, 11]",11
We don't deserve them but I'm so grateful they're here 🙏,"[10, 15]",10
Nope nope nope,"[10, 27]",10
Because sloppy seconds is a childish concept and I dont see bargain basement girls.,"[3, 10]",3
This one is my favorite.,"[17, 18]",18
"So he's a twitch streamer who plays fortnite, thats cool. But How does he end up being the DJ at a concert? Lmao","[0, 1, 7]",1
Ugh. It makes sense why you spend so much time with him. Still please please don't marry him.,"[5, 22]",5
I was wondering the same thing?,"[7, 26]",26
Thanks for the responses y'all. I'm going to do the gig anyway and hope that nothing too sinister happens! I'll update if anything interesting happens.,"[15, 20]",20
Clean your room before daddy [NAME] gets home.,"[3, 27]",27
You're making yourself look more stupid with every reply. Google what the heck model organisms are.,"[2, 3]",3
I was scrolling through and thought “who is [NAME]...” for a minute before I remembered. It was the best 10-20 seconds of my life lol.,"[1, 6]",1
She likes her dogs despite this incident. But thanks for your input Mr. [NAME].,"[15, 18]",15
But how's the breathing through the nose. That's the important question. Can he nail it?,"[6, 7]",6
Wait what’s wrong with [NAME] lol I’ve never had any problems listening to him personally,"[1, 4]",1
*With Great power; comes great responsibility.*,"[0, 20]",0
This is the worst I've ever seen. It really is,"[3, 11]",11
Yeah it is not stupid to get heated. I would've told her off too and tell her she's nuts straight to her face.,"[3, 20]",3
[NAME] is so cute! And [NAME] is a very dashing name.,"[0, 27]",0
That's so frustrating but I'm glad you're all safe.,"[3, 9, 17]",17
These honestly are getting infuriating. The creator of this made this whole thing up yet Facebook old people take it as reality.,"[2, 3]",2
In my experience I've also noticed his friends and got ditched by my girlfriend.,"[22, 25]",22
Thank you love. I really appreciate your input,"[15, 18]",15
WOOO!!! You go boy!!! Good job!! That’s a huge milestone checked off and SURVIVED! Yay!!!,"[0, 13]",13
"Is it cruel to give your kids medicine when they don’t know what it is and why, if they need it?","[2, 6]",6
"Haha get it, they're taking it literally haha.","[1, 17]",1
"I want an autographed copy of this, framed and on my wall. ","[4, 8]",8
Love scary podcasts at work. Thank you!,"[0, 15]",15
"Thanks for that. It seemed fishy, but it is what comes up when you Google it!","[3, 15]",15
"100% agree. Double standards are ever present. Young girl is sexualised, the whole world goes nuts, but a young boy is somehow perfectly acceptable. It's disgusting. ","[4, 11]",11
Yeah ik that should be unacceptable too lmao,"[1, 4]",1
I enjoyed when they learned what New York City billionaires really think about guns.,"[13, 17]",13
Oh gosh it's on the website too.... Here we go,"[13, 17]",13
"The best one ever, a four year old girl: “You smell old.”😦 You’re not wrong, kiddo...","[0, 4]",0
Good for you man. Enjoy.,"[5, 17]",17
Love those freckles! You’ve got that girl next door kind of beauty,"[0, 18]",18
A hope inspiring article; thanks for posting! Probably best not to read the comments under it though. Neurotypicals are the worst sometimes,"[15, 20]",15
Interesting to see the bulk of people in that thread are pretty anti-[RELIGION].,"[7, 13]",13
It was [NAME] I think? And I only remember because I was surprised and then disappointed.,"[9, 26]",26
"Yeah, I guess you’re right","[0, 4]",4
> I’m tired of being realistic and open minded. Me too! Now it is all about being selfish and aloof. Not even kidding.,"[3, 9]",3
I like the way your brain works OP. Always did enjoy bugs bunny humour.,"[17, 18]",17
"> we get a minimum of $11 Wow that's pretty generous, no wonder people don't need to tip.","[0, 26]",26
"Our love is like, a violent game between children baby.","[4, 18]",18
Why is this downvoted? It’s right.,"[7, 10]",7
And then the rest of that thread devolves into [NAME] supporters arguing against and downvoting anyone who disagrees with the wall or hates [NAME].,"[2, 3, 10]",10
"Damn, this is some cold, hard reality. Hope everything works out!","[9, 20]",20
Now I really want to see them. Stupid brain!,"[3, 8]",8
Cuties! Love you!,"[0, 18]",18
>only ones who really suffer are sport and competition shooters. Which is likely the whole point What makes you think that?,"[4, 7, 27]",7
Yeah. You probably dint [NAME] the cut. Sorry :-(,"[4, 24]",24
What a complete and utter cunt.,"[2, 3]",2
"If he saw it as something regrettable and possibly embarrassing, and has grown, eh. We all have something embarrassing in our past.","[12, 24]",12
Seriously! Such an odd way to ask a question about traveling.,"[3, 26]",3
"My dog knows when I say ""BRB"" on the mic he gets up and runs to the door.","[13, 27]",27
I sent this to my two friends and one said “haha.” And the other left me on seen : ),"[1, 27]",1
Anyone have a link to the unedited footage?,"[7, 27]",7
Took devils -1.5. Gotta love sports betting in Jersey.,"[18, 20]",18
"Wow, I said he doesn't have any respect, it's not exactly proving my point to show how little you have, but thanks anyways.","[3, 15]",15
That was a bad fastbreak lol,"[1, 3]",1
You didn't come here to debate. You came here to excuse abhorrent behavior.,"[3, 10]",3
"I really appreciate this perspective, man.","[0, 15]",0
I love [NAME]. I hope she can hold on in 2020.,"[18, 20]",18
What about [NAME] arm ?Is [NAME] replacing [NAME] cannon ? I was more bummed about losing [NAME] arm than his bat .,"[6, 7]",7
OMG you guys rock lol,"[0, 1]",1
"I think men take pockets for granted, once you're without pockets you'll understand the pain. ","[4, 9]",4
no thanks,"[15, 27]",15
State of [NAME] trying to be funny and spelling ‘lose’ wrong,"[1, 27]",1
So you think I can not find it anywhere? I love that sweatshirt yes you help me! thank you!,"[15, 18]",15
"I don't get it. Are they upset that men aren't all using the blue nametags because blue is the color for boys, or what?","[6, 7]",6
Lmao stopping a tracking working dog haha.,"[1, 27]",1
Thank you for reminding me about how much I love the JJBA abridged series.,"[15, 18]",15
Thank you so much. I'm really glad you found yourself. I hope to get there.,"[15, 17, 20]",15
Must be a nice feeling...unless UDG is counted.,"[0, 20]",0
I’m interested!,"[4, 13]",13
"Yeah, you should probably get some help first and take a break before going back.","[4, 5, 20]",5
Yeah...I mean I love him! But he is to smart for his own good lol.,"[1, 18]",1
From one finale to the next finale should be one whole year so she’s gonna be pregnant for a whole year lmao,"[1, 27]",1
You ok bro?,"[5, 27]",5
"I'm not covering for anybody, trump included.","[10, 27]",10
Thanks man I hope I can get it before the end of the week,"[15, 20]",15
Binged through this last night. Interesting and entertaining. I'd love to see more.,"[0, 13]",13
Even weirder way to spell [NAME].,"[11, 27]",27
I'd expect this from an actually attractive person but this is just lol,"[1, 8]",1
"Oh, I like this! Where’d you get it?","[7, 18]",7
"Do you have any recommended places? A lot of the sites I’ve looked at want you to pay, kinda hard when your broke lol. ","[1, 7]",1
"Great deal for us, happy he's back. Up next, [NAME]! ","[15, 17]",17
Congrats and best wishes. Build on progress.,"[0, 15]",15
As you wish the hard path is a good one :),"[4, 8]",8
"I think I get this reference, GradeAUnderA?","[4, 27]",27
I’m downvoting because it seems like r/iamverysmart material.,"[3, 10]",10
I was having a good day and it still really made me feel good. Had a bad day yesterday and it's still affirming to hear so thanks!,"[15, 17]",15
I fucking love this,"[0, 13, 18]",18
You just know he liked his own comment,"[20, 27]",27
Argh. The most stupid and needless abuse of power teachers do. Some particularly stupid ones at least.,"[2, 3]",2
"Thank you 👏👏 looking like she's going to the gym, yet wearing heels? Looks awful","[7, 11, 15]",15
Well that’s dumb. The question is about this sub.,"[3, 10]",3
Stay safe. Love from KY!,"[5, 18]",18
Sold bridges and essential oils?? Please elaborate on this reference man. I ask because it’s hilarious and I’d love for it to be original,"[7, 18]",18
Throwing the book to see what sticks you think?,"[2, 7]",7
[NAME] got heart,"[4, 27]",27
Given the situation I actually think it was the best possible outcome. A great success.,"[0, 22]",0
"It's disturbing that this tweet got so many likes. Like, this is why twitter has a cancerous reputation.","[3, 9]",3
"The angle makes it look like he's 15 feet tall, but otherwise, very good.","[0, 4]",0
I'm so glad I grew up playing a shooter made for kids rather than a shooter made for kids.,"[15, 17]",17
"This is profoundly unsettling to me for some reason. Thanks, I hate it ","[2, 15]",15
Of course! You deserve the recognition and exposure. Your work is extremely comforting !,"[0, 4]",4
I want him to change and realize he messed up and he needs to do better,"[5, 8, 22]",8
"Wow, now that you say that . Although, we do have [NAME], South Park, Family Guy and American Dad now. Mmmmm, [NAME] ","[13, 22]",13
Do something about what?,"[7, 27]",7
"Great game, great soundtrack. He was like 19 or 20 when he did that too.","[0, 4]",0
Younger and younger he goes and where he'll stop no one knows. Sorry you had top be in such a situation. Thanks for the post op.,"[15, 24]",15
">just because I miss [NAME] and [NAME], who played them. You forgot to add the rest of that sentence ","[25, 27]",25
"Sorry, what?","[6, 7, 24]",24
I know but for that one moment he was more than that guy who snuck in [NAME] room at night and wore his helmet,"[0, 27]",27
I wish I could get 9 usd per hour in my job. (not American).,"[8, 20]",8
"Fair enough. But remember, the sooner you spawn, the sooner you'll have that sweet free labour around the house ","[4, 20]",4
Don't cope,"[3, 10]",10
"Ugh, that contour looks so incredibly natural. I love this look; it's stunning and smooth as hell.","[0, 18]",0
"Fucking monophanie looking ass floating with the dead, nice.","[2, 3]",2
"A sea of red flags. Make this guy your ex, you deserve better. ","[4, 5]",5
That is amazing! Congratulations! Such a great news!,"[0, 15]",0
Nope. I don't think so either. Same thing I noticed with a couple of accounts that posted here at ESS recently.,"[10, 22]",10
Funny they decided to show a bunch of T2 images demonstrating the chronic microvascular ischemic disease and omitted the diffusion which had the more interesting findings pertinent to TGA.,"[1, 27]",1
FUCKING READ IDIOT,"[2, 3]",2
Thank you so much. Happy New Year to you to.,"[13, 15]",15
I am just a regular guy. Maybe you guys should talk to a specialist....especially if you are trying to conceive. Good luck!,"[5, 20]",5
People are barbaric even though they are peaceful? You’re not making any sense.,"[3, 10]",10
Lol I’d love to.,"[1, 18]",18
Watched this while eating hash browns covered in ketchup. You SOB. NSFW lol.,"[1, 27]",1
Hahahahahaha you 100 percent got my ass first time in months I’ve been got. Thank you.,"[1, 15]",15
Good luck!,"[5, 20]",20
love how nobody decides to run over to him and help,"[3, 18]",18
"It's spelled HIPAA, not HIPPA. It also doesn't do what you think, and at best it's the ADA that discourages employers from asking.","[10, 27]",10
"I have no idea what's going on, but I hate when people surround the car like that. ","[6, 10]",10
facetune is hard work you fucking pore. I work all day to support this family and this is the thanks I get?,"[2, 3, 15]",15
I have a cold too 😿. Hope you feel better!,"[5, 20]",20
I love spaghetti... Can I have your recipe?,"[7, 18]",18
Oh! I didn't realize they were also vegan.,"[22, 26]",22
Thank you! Looks delicious.,"[0, 15]",15
I didn't know that communism was a subject,"[6, 22]",22
We might now be almost maybe nearly ready to potentially maybe play finals. I think [NAME] will make the finals this year. They'll be the surprise team.,"[20, 26]",20
"on the subject of meltdowns, stay calm yourself and try your best not to escalate them.","[5, 27]",5
"I know, right? What an embarrassment that local news would call that thing a ""tractor"".","[7, 12]",7
This guy also has scorching speed on the bases.,"[0, 27]",27
"Yikes ... that's a bad one. Thanks, and good catch.","[0, 15]",15
This is how it should be. I'm so happy to see this post.,"[4, 17]",17
I love this! Wish I lived in the city!,"[8, 18]",18
"I wish mine believed in it. Haha. He was just bouncing on his bed and laughing, then crying. Maybe he’ll get it eventually.","[1, 8, 20]",1
That’s adorable! I love it!,"[0, 18]",18
Nononononononononono this is not happening,"[9, 10]",10
"I think the number seems plausible, but I don't see why the number matters - elaborated here.","[4, 6]",6
I'm so sorry,"[24, 25]",24
Did he say skinny wieners?,"[6, 27]",27
I'd love [NAME] to smash some faces in.,"[13, 18]",18
"Too bad no crossprog with PS4 thanks to Sony, though I heard gamedevs are trying to talk it out with them","[3, 15]",15
That’s wonderful to hear. :) I hope you get your guy!,"[0, 20]",20
Great bit of info. Thanks for the reply.,"[0, 15]",15
"Yes, good communication is key and we all see the world through our own unique perspective. Thanks for sharing!","[4, 15]",15
"I'm pretty jelly now, lol. Esp. The pear shape 😧","[0, 1]",1
I agree it was just funny with the timing. I'm guessing you don't usually order AT the gym. :),"[1, 4]",1
"Let's wait for January patch, and hope that your problems will be resolved soon. I have too much fun in this game right now :) ","[17, 20]",20
Well this is frustrating.,"[2, 3]",3
Welcome to the club....,"[15, 17]",15
Lol really?,"[1, 7]",1
OK thanks 😂 I just typed she automatically and then realized I had actually no idea if she was a she hahaha,"[1, 15, 22]",22
"Saw it. Loved it. Wasn't hating on [NAME] man, was just commenting on what I was watching lol. ","[1, 18]",1
So the term Londoner is now Sunderlander? Thanks for the update.,"[6, 7, 15]",15
"I’ll never understand people who freak out at that, just say they were born a different color.","[4, 6]",6
"Not that hard, but definitely time consuming, especially to gather a dataset fit for video training.","[10, 20]",10
His truck was never used by ISIS.,"[4, 27]",27
I kept hoping [NAME] would walk out and shame DG.,"[12, 20]",12
Thank you. I’m sorry that happened to you.,"[15, 24]",24
That’s good,"[0, 4]",0
"Yeah. Hard not to catch feelings sometimes, even if they are just a bunch of writeoffs.","[9, 16]",9
"It'll get better. I know sometimes it's hard to believe that, but it's true. Promise.","[4, 20]",4
Their stuff is actually really amazing! Everything from brushes to lipsticks I've loved,"[0, 18]",0
You just defended him with a bunch of doublespeak bullshit so I’m gonna have to disagree. You’re a fucking idiot.,"[2, 10]",2
>You do realize that video is from a movie right? >Mentions [NAME],"[7, 27]",7
I wanna see [NAME] up there 90 points let's do this,"[4, 8]",8
I might have accidentally brought some back when I went to Peru. 🤦🏻‍♀️ Ah man I loved pisco.,"[6, 18, 20]",18
yes but this is a crazy person. That's like telling Two-Face he doesn't have to flip a coin before committing a crime lol.,"[1, 3]",1
I’m not sure this was a while ago. No major injuries were sustained so probs not.,"[6, 23]",6
You're not wrong. Hahaha,"[1, 4]",1
I hope she will. I will regret it until she does and even after that I may still regret all I did.,"[20, 24]",24
"Like the op said, [NAME] is more of a giver, so I think [NAME] would be happy as long as [NAME] would be happy","[5, 17]",17
This was the most fun I've had watching a game since [NAME] 35 point game,"[1, 17]",1
This dvd must be pretty hard to come by if it’s going for $49... thank you though I appreciate it.,"[0, 15]",15
I really hope [NAME] is in mk11. Hes such an awesome character!,"[0, 20]",0
How is the surf simulator open if the pool area opens in march?,"[6, 7]",7
lol this is good.,"[0, 1]",1
"I just wanna say, I appreciate you making it into a gif. I wouldn't have watched the video. So thank you.","[0, 15]",15
You should be proud. I hope that I'll have the will to keep myself held to such a standard when the time comes.,"[20, 21]",20
"[NAME]: ""I wish I won't get robbed of a victory again"" [one finger of the monkeys paw curls]","[8, 20]",8
"Gotta share the love, have an upvote :) ","[18, 20]",18
Good mythical morning. Hope you get better soon,"[5, 20]",20
I'd love that,"[18, 20]",18
If they could get a psychologist/therapist maybe they would have a better life.,"[20, 27]",20
"Great to hear that. Go beyond, plus ultra!","[0, 5]",0
Cause emotions are difficult and people fear rejection,"[14, 27]",14
Hey now. Kirkcaldy is a lovely place to see in my rear view mirror.,"[0, 18]",18
"Thanks for sharing, it really sucks that people would do this. I barely slept last night because I was so frustrated with the situation.","[2, 15]",15
I appreciate it so much! I'm gonna message you!,"[0, 4]",0
It's cool to see more organised stoners too haha,"[0, 1]",1
No...how dare you bring factual evidence into this conversation! /s,"[2, 3]",2
A new apartman will give you peace of mind. Start saving up.,"[4, 5]",5
Now I’m crying before work thanks a lot 😭,"[15, 25]",15
Science damn you!,"[2, 3]",2
"52k upvotes in 2 hours. That's Reddit for you! Congrats, guy!","[15, 17]",15
There is nothing worth saying about that insipid shaving cream ad. I haven't seen it and nothing will convince me to change that.,"[3, 9, 10]",10
Was there a new episode this week?,"[6, 7]",7
Real Person. I'm just saying I like the merchandise.,"[4, 18]",18
Right! I wish that fool would throw in some examples.,"[3, 8]",8
"Get a handkerchief, ridiculously helpful.","[5, 27]",27
"Are you [NAME]? Haha Kidding but shouldn’t feel that way, you tried it and now try to look for something that will keep you going. ","[1, 5]",5
" Therapy really is the only way. It's not easy, but maybe therapy will help you learn to love yourself enough to love someone else one day. ","[4, 18]",18
Unlubricated is the best unicorn there is :),"[0, 4]",0
Haha and [NAME] is calling the Chicago crew the most triggered bunch. Then proceeds to scream at them like the little triggered bitch he is.,"[1, 3]",1
I love Simpsons alternative art because it really drives home how great these characters are and how relatable they are.,"[0, 18]",18
hmmm interesting... i guess your an interesting lady. PM me then. :),"[0, 13]",13
"Hahaha. Oh, you.","[1, 27]",1
Wow this is supee trashy. How did it get to front page?,"[0, 26]",26
Dude i wish you the best. I had one and it had been removed though surgery about 5 years ago. The best of luck,"[5, 20]",20
"And the new sword is kinda shitty, and not even a complete sword at that price. Also, the sword is really bad for the environment.","[9, 11]",9
There are a few. I've gotten a couple messages. Thanks for the support but people judging my throwaway account... who cares?,"[7, 15]",15
They're both happy though,"[13, 17]",17
"Brilliant! Like I said to the other dude, anything that's similar to this is a happy coincidence:)","[0, 17]",17
Yet *I* get banned for saying you should downvote posts you don’t like. Fml,"[3, 10]",10
Thank you for sharing this. May your friend rest easy and you find peace.,"[15, 16, 25]",15
Why? I've got your attention and thats when the fun begins,"[1, 4]",1
Lol I collect them too!,"[1, 4]",1
"I think it was, it was do scary, i honestly never wanna do that stuff again","[14, 19]",14
"I mean, they've probably dealt with human vagina blood on a fairly regular basis...","[4, 27]",27
Really well said.,"[0, 15]",0
This is great. Thanks for sharing OP :),"[0, 15]",15
I don't know what she is talking about. Therefore i will say that she is DEFINITELY WRONG AND SHOULD SHUT UP! /s,"[3, 6, 10]",6
This thread is a good indicator that Canada has a ton of racists who also love Reddit.,"[0, 18]",18
Can't clear anyone of something that never happen or that they never did.,"[6, 9]",6
Good article there! Thanks for sharing.,"[0, 15]",15
I feel you. I hate needles and i'm a type 1 diabetic,"[2, 9]",2
"I’m thinking so, since the sides are spiky and somewhat serrated.","[3, 27]",27
That's so cool 😀 thanks!,"[0, 15]",15
"Superfluous? No, just give what you said would be necessary in 2006! ","[7, 20]",7
Great picture! What a amazing tribute! I love Dallas,"[0, 18]",0
"Haha not in those words, but I did say it was dramatic and unreasonable.","[1, 10]",1
So you don't reject your ideology's premise that you can just protect yourself.,"[3, 5]",5
"Bore off, you pearl-clutching, centerist coward. ","[3, 27]",27
"Geezuz, this brute is damn hot. I'm In Love. ","[0, 18]",18
*Hey just noticed..* it's your **5th Cakeday** melodesign! ^(hug),"[13, 17]",13
"I don't like it but it also makes sense. If [NAME] headlined a deal with the Mariners for [NAME], I'm all for it. 10000%","[4, 10]",4
Best news ever. Some quality futbol at last!,"[0, 27]",0
Wwwhhhhyyyyy do they keep forcing [NAME] down our throats. [NAME]!,"[3, 27]",27
Yea. That video is garbage.,"[11, 27]",11
"Thanks, you’re right. I should delete the app. ","[4, 15]",15
I LOVE [NAME]!!! She’s all around a really outstanding and kind human being,"[0, 18]",18
"Thank you! Some of the phone pictures I see taken through telescopes are pretty cool, it is amazing to see how well that method works...sometimes...","[0, 15]",0
"...if there is a way to edit this to ""original content"" I'd love some coaching on that. Thanks folks! ","[15, 18]",18
"Wow, y'all are heroes! ","[13, 17, 26]",26
Thanks I absolutely love it.,"[15, 18]",15
"Yeah, that’s probably what he was trying to say","[4, 27]",4
That’s horrible. You definitely didn’t deserve it. I’m glad to hear you’re doing OK now.,"[11, 17, 23]",17
How’d you film this and what type of microscope/camera did you use? This is great!! Thank you for creating and sharing.,"[0, 7, 15]",15
I wish I could upvote this a million times. What a wonderful tack to take.,"[0, 8]",8
Happy cake day Mr bot,"[13, 17]",13
"I got you dude! I use it a ton, Glad I could make it worth it for you!!","[5, 15, 17]",17
This is a 10/10 on concept alone. I can't wait to see if it's any good.,"[10, 13]",13
I do go to the school counselor once a week. Thank you for the suggestions,"[4, 15]",15
What kind of dog is that on the left?! He looks like a sweet pup.,"[0, 7]",0
Are you in Auckland and would you like to start work on Monday?,"[7, 27]",7
My pleasure. It pays the bills.,"[15, 17]",17
Was not aware. I know it's bad but I rather keep my head in the sand on this one because I still want to like [NAME].,"[8, 22]",8
I like your name.,"[0, 18]",18
I would choose to go in the coolest way possible. Don’t know what that would be but I would want my last moments to be memorable.,"[8, 20]",8
Funny never not will be this.,"[1, 10]",1
Yeah I think most of what [NAME] says is sensible policy but this would be a step too far.,"[4, 20]",4
This team is fucking embarrassing.,"[2, 3, 12]",12
I hope The pelicans trade him and [NAME] if they trade [NAME]. Hate to see them waste away in NO,"[2, 20]",20
I would say love is never enough. Love is unconditional. Relationships are not.,"[15, 18]",18
"Thank you, I need it. I am currently trying to learn French, would that help ?","[7, 15]",15
Let's all wilk together!,"[17, 27]",27
Thanks I was worried that I might die alone,"[14, 15]",14
Awesome! Glad you found it informative! Thanks for watching.,"[0, 15, 17]",15
"The ""people's assembly"" is the latest ruse by neoliberals since they realised they have little chance of winning if another referendum was called.","[22, 27]",27
I was in the hospital two years ago and definitely had His help! My family saw some signs. It was very amazing.,"[0, 22]",0
All my hugs to you. She will have a peaceful end surrounded by people who she loves so much.,"[5, 18]",18
I needed to read this because I felt so bad for this guy... I just can't imagine a long walk home in winter.,"[9, 25]",9
Why in the world did you marry her? She's ragging on your own sister???,"[3, 7]",7
"Prices there appear lower than Banff and it would only be a short drive, thanks! I'll continue my research into Canmore.","[4, 15]",15
"You fool, you have no idea that you talked about team fortress all along!","[2, 3]",3
Not sure how you got that outta my post. I play a lot of non-meta stuff all the time just because I find it fun or challenging.,"[6, 17]",6
Omg this is the best idea I’ve ever heard for a rework,"[0, 13]",0
I’ve been to two locations and the burgers are SO GOOD!!,"[0, 18]",0
Your girlfriend is cruel and emotionally manipulative. Get the hell out and don’t let anyone else treat you like a dirty little secret again.,"[2, 5, 10]",2
Hope your mum gets well soon. Enjoy Saturday!,"[17, 20]",20
Great to hear something positive for once! Was half expecting a negative rant. Yay for [NAME] and congrats to you.,"[0, 15]",0
Fuck the fucking refs. Seriously. Fuck those fucking cunts. I'm so fucking mad. Fucking dickless fucking street walking fucking sluts.,"[2, 3]",2
Thank you for the advice. It is really really appreciated. 🙂,"[0, 15]",15
I feel your pain. Sitting here wallowing in self pity and anger at how I let myself go!,"[2, 25]",25
There were rumors for a long time to work out and I ended up making it smaller.,"[9, 27]",27
That's exactly what I said and not arguing in bad faith at all. I applaud your intellectual honesty and hope your sexually repressed dystopia is swiftly enacted.,"[0, 20]",20
[NAME] reaction gives me life. His reaction when they got punched last episode was amazing too.,"[0, 4]",0
Oh wow I didn’t know their website was owned by Sinclair. I thought that was just channel 2.,"[22, 26]",26
And it's stopped. Training cancelled :-),"[17, 27]",27
"I already love [NAME]. [NAME] gorgeous, but just didn't charm me as fast Ms [NAME].","[0, 18]",18
Lol that’s classic!! Thanks.,"[1, 15]",15
Thank you! I'm going to do my very best. ❤❤❤,"[15, 20]",15
Isn’t SOHR group of people(organisation)? lol dont tell me its just one guy.,"[1, 7]",1
Do you know why their airships have sirens? Edit: It's LASD,"[7, 27]",7
"Everyone keeps giving me that advice haha. She's happily married to a really nice dude, and she is basically my sister at this point.","[1, 17, 27]",17
That was worse than a movie jump scare. I don't know why but giant squid feel more fearsome than sharks.,"[3, 11, 14]",11
"I'm the opposite. I love spending time with friends but initiating it always gives me anxiety, so I generally wait for them to do something.","[13, 18]",18
"That would be really great, but good luck.","[5, 20]",20
Reminds me of series finally [NAME]. Serious and dashing.,"[0, 22]",22
Cuddling. Lots of cuddling,"[18, 27]",27
Agree. I did enjoy Godless but I was addicted to The Terror. It was full of such amazing character actors.,"[0, 13, 17]",0
Nice try hilary but you lost to those idiot minority,"[0, 9]",0
I bet the people who migrated here legally some time ago would love to see the problems they fled from follow them back here!,"[18, 27]",18
"Her mother has been visiting the book sales down at Miskatonic university! You apparently have an excellent reading background, and you've learned well!🧛‍♀️💜","[0, 4, 22]",0
[NAME] damn it I hate when enemy keepers use their hands and stuff to keep the ball outside their goal. Make a mistake pls.,"[2, 3]",2
I just want him to be successful though...I dont think he wants to be at this point,"[5, 8]",8
My whole life’s been a lie,"[9, 24, 25]",9
Glad to hear. It seems like a very hopeful sign. 👍,"[4, 17, 20]",17
Wish you did more. Sounds like she deserved worse.,"[8, 9]",8
I picked up smoking again thinking it would aid that void that is working. It just made it worse.,"[4, 9, 11]",11
good luck. I'm hoping to get hrt this year and be a girl for my senior year.,"[8, 20]",20
Thank you so much! We will likely also be doing that haha :),"[1, 15]",15
Agreed. I'm happy he was able to find a resolution of sorts; to effectively overcome the event.,"[4, 17]",17
"There’s a lot of us ladies here, unfortunately 😔","[9, 25]",9
"If this is actually real it is really fucking stupid.. 400mg of nicotine!? Clearly you're looking for something stronger, might as well try heroin..","[2, 3]",3
Cheers dude. Upvoted!,"[0, 4, 13, 17]",17
yah [NAME] is well-known knock out artist. What's your favorite KO/TKO of his in the UFC? Oh wait....,"[6, 7]",7
That brilliant and so true!!!,"[0, 4]",4
Wha? I’m so confused. I’m so sorry this happened because it wasn’t remotely warranted.,"[6, 24]",6
That son of a bitch!,"[2, 3]",2
"Another thank you, this is great info.","[0, 15]",15
I wish. Its too tiny to see from up here.,"[8, 27]",8
"Oh wow, you are strong did you report him?","[7, 26]",26
What a thoughtful and clever response. I've never seen anyone point out that someone posts in TD before. Very cool!,"[0, 4]",0
"That used to be my favorite view on the planet, but now it’s just rage. I can’t look anymore.","[0, 3, 9, 18]",18
Went to their other location in Capitol Reef National Park and it was fantastic. The cauliflower dough is great even if you're not into gluten-frei.,"[0, 17]",0
"Not OP, but this is a really great response and I'm saving it on my computer for a rainy day. Thank you.","[0, 15]",15
i would love to have your neighbor!! he seems so nice! i really truly do hope you never meet that guy again.,"[18, 20]",20
Good for you OP! I hope you find a much better playgroup soon!,"[0, 20]",20
I love her attitude and confidence! She has such good sportsmanship,"[0, 18]",18
Damn it. Don't mention [NAME]. Just makes me sad thinking what could have been.,"[3, 25]",25
That's how mafia works,"[22, 27]",22
"Chernobyl incident has scared everyone to death about nuclear, I'm curious where we would be if that never occurred.","[7, 14]",14
I love people that will go out of their way to save a small animal from traffic. Always help the cute ones! And they're all cute!!,"[0, 18]",18
Literally right after I sent it. What the hell,"[2, 3]",2
I would love both of them,"[18, 20]",18
"* [NAME] fought for freedom and glory, is one of my favorite characters in general.","[18, 27]",18
"I actually see this one a lot. ""Allergy: fire ants."" Me too, bro. Ants will fuck you up.","[2, 3, 11]",2
You mean your WolfDog Hybrids? Kidding.,"[1, 17]",1
I’m impressed.,"[0, 18]",0
She was literally the worst manager I’ve ever worked for,"[11, 27]",11
there is no compromise with people who hold the American people hostage for something the American people don't want. don't negotiate with terrorists.,"[3, 10]",10
I don't get it haha man it sucks not knowing what a wall phone is haha,"[1, 3, 27]",1
This is so repulsive and disgusting. The government needs to do more to protect organising.,"[11, 20]",11
"I’m not crying, you are!!! 😢","[10, 25]",25
"At least was fun i guess Thx [NAME], thx [NAME]","[1, 15]",15
That’s exactly what it was. Exciting entertainment. Sometimes you just gotta let go & accept it for what it is.,"[4, 13]",13
You seem fun,"[1, 17]",17
>Relax ms bi weeb who leans left haha... thanks i love it,"[1, 15, 18]",15
They're cowards.,"[3, 27]",27
Wow...is that true? I’d love to see more on that. Can you provide any links or documents on that?,"[7, 18, 26]",18
I’m happy. Does that mean I can downvote?,"[7, 17]",17
" ""What do Scottish people look like?"" How I would love to have been there to take a swing at that softball. ","[7, 18]",18
"What the hell does metaphysics have to do with this? Also it’s a meme, get over yourself. ","[3, 7]",7
> whatever happened to MK9's revealing style? Female characters started getting treated as actual characters and not just strictly fanservice mannequins.,"[7, 27]",27
My friend can't kiss her husband if he's had gluten and not washed his face.,"[10, 20]",10
I fell like you're being willfully ignorant of reality.,"[3, 9]",3
Do you have a link to any news or something? I'd love to read more about it.,"[7, 18]",18
Sue the shit out of her for damages to your private property.,"[2, 3]",3
"This is what makes this sub so valuable, crazy and fun.","[1, 17]",17
"> Because I was a disgracefully gullible, immensely stupid fucking dipshit ~~was~~ *am* FTFY","[2, 9]",2
Crying? Yeah i like crying C-calling R-out Y-for I-serious N-mental G-treatment,"[18, 25]",25
Correct them. It’s best to let them know the real you right from the beginning rather than later.,"[4, 20]",4
I'm here for you😄😜,"[4, 5]",5
This sub is so edgy,"[19, 27]",19
> Pretty much the person I love just broke up completely with me After how long?,"[18, 25]",18
Sucks to suck Ratbirds,"[3, 9]",3
"My mistake, after almost 15 seasons it's a little hard to remember. Thanks for letting me know!","[15, 22]",15
I get to walk home for 30 minutes for the next 3 days. Pray for me everyone.,"[4, 5]",5
Thank you. I needed to hear all of this. I appreciate it.,"[0, 8, 15]",15
Actually it's touching and kind of beautiful. The only thing stupid and lame is your comment.,"[0, 3]",0
Really? It was clearly an accident.,"[7, 22]",22
I didn't realize there was ever an initial post on this subject.,"[22, 27]",22
Oh it is going to be glorious.,"[0, 13]",13
I hope the surgery goes well and have a quick recovery 💚,"[5, 20]",20
"Why would Orlando want [NAME] anyways, this deal isn't real","[6, 7, 27]",7
I love how well 90dayF references easily relate to LAL. I hope you're able yo watch it.,"[18, 20]",18
I’ve come to the same realization. So now if its less than a pound I’m offering free shipping.,"[4, 22]",22
"The irony here is i agree, but [NAME] is capable of doing it in a bad tank meta. That guy really needs a look at, lol.","[1, 4]",1
Love the almost sharingan look he gets in his eyes right before the attempt. O-O I CAN SEE!,"[2, 18]",18
"Definitely. I cried. A lot. But if [NAME] existence has taught me anything, it’s to hold out hope! ","[20, 25]",20
Both are awesome states. I just got back from NM yesterday! Good luck with your move.,"[0, 20]",0
"Fuck you, u/SamuelZeign ! Your breath smells funny.","[1, 2]",1
That's actually kinda funny. Just hoping you don't ask for a transfer to the women's facilities.,"[1, 20]",1
Awesome. Thank you so much!,"[0, 15]",15
I cant even deal with this you are fighting with someone over your inability to understand a sooooooooooooooooo is sarcasm. Get some help,"[3, 10]",3
Tbh as creepy as this post is I was way more sexually active back when I was 16-20 than I am today Kids are horny 💁‍♂️ Idk,"[11, 22]",11
I agree and I’m a man haha,"[1, 4]",1
Don't you know? We have to just shut up and put our heads down until they decide!,"[2, 3]",2
Condoms protect against most STDs.,"[4, 27]",27
Reminds me of [NAME] place too.,"[22, 27]",22
One of my favorite episodes.,"[17, 18]",18
Well that wasn’t my argument all i said was that the second amendment is aimed att the state,"[10, 27]",10
"Dog thinking ""shit this guy is crazy, better get out""","[2, 3]",3
Just a reminder in case anyone forgot that UGA got embarrassed by Texas:,"[12, 27]",12
I need the snapchatzzzz give me names damnit,"[3, 8]",8
Thank you so much! Yes that’s what I think I’ll do wait for him to make a move... the waiting part sucks. lol,"[1, 15]",15
I had season seats in 230 row 2 for a solid 5 years when the Pru just opened. Great view of the ice. Glad you had fun!,"[0, 17]",17
Oh wow I didn’t realize that,"[13, 26]",26
Well that sucks lmao,"[1, 2]",1
I heard [NAME] makes someone his bitch on a usual basis. Anyone remember how often?,"[3, 7]",7
"Yeah, that was terrible. [NAME] laughing and joking at the end of that game ended his career here.","[1, 14, 19]",1
It is being talked about all the time on this site. What are you on about?,"[6, 7]",7
"Wow man, that is DEAD. You have no marriage, just a roommate. Life is short, get out and find someone who meets your needs.","[5, 26]",26
I am in hysterics. How are these people so serious?,"[3, 7]",7
>Star centre [NAME] in the leadership group Oh my,"[26, 27]",26
This is my new favorite video.,"[0, 18]",18
I don’t see the MAGA hat kid working to undermine civil liberty. It’s at least understandable to react violently to tyrants.,"[3, 4, 27]",27
You lost everything. So sad. Lots of lies from you. Next time do better. I love this. Friend. :),"[5, 18]",18
"d'oh, my bad 😔","[9, 12, 25]",12
Happy Birthday! ✨,"[0, 13]",13
I am so pissed about Oiler hockey right now. Even [NAME] is annoying me and I love [NAME]. Gaaaahhhhhhh,"[3, 18]",18
This is also (as an exmo myself) why I love her. She is awesome.,"[0, 18]",18
I'll always be here to accept you. :),"[4, 5, 18]",5
Lol. Thanks for the advice friend,"[1, 15]",15
lol getting totes fucked up at work is super cool i am one ZANY individual look out Shut the fuck up do it in your own time,"[1, 2]",2
Id gladly exchange firsts with the Suns,"[17, 27]",17
I don't think a player can have no value and also be worth rioting over if he's traded.,"[10, 27]",10
Aaaaand now I'm concerned. Clearly there's a story behind this.,"[5, 22]",5
Planning to make a comeback soon™,"[4, 27]",27
HOW DARE ANYBODY CRITICIZE YOUR POST IN THE CONTEXT OF YOUR POST HISTORY! RECOGNIZE HIS PRIVILEGE PEOPLE!!,"[2, 3]",2
"Chiropractic is just a scam anyway, lots of studies shown it has no effect, sorry that happened to you btw. ","[5, 24]",24
"[NAME] lmaooo this made me laugh, thank you 😂","[1, 15]",15
Also upvoted. Karma always helps. Edit: thanks for all the upvotes guys. I appreciate your support,"[0, 15]",15
"I'm kind of glad they aren't letting you. Just you, not everyone else.","[5, 17]",5
I measure from where the back of the balls are. It counts. Especially if you tend to go balls deep anyway. lol,"[1, 27]",1
Bless you!,"[5, 15, 18]",5
Don't understand the question. Obviously you make up the rules in the middle of the game.,"[3, 6]",6
Sorry you are having such trouble.,"[24, 25]",24
"Well, flash bangs go bang, too, to temporarily deafen and disorient, so there's that.","[22, 27]",27
"I hope that you find happiness, too. I'm happy that you've had a place to vent. ","[17, 20]",20
I'm disappointed by him not bragging about his 99 level atheism.,"[9, 22]",9
"That won't happen though. If the pick is that high, we own it!","[4, 13]",4
"Holy crap OP this is genius! I’ll be doing this from now on as this is a big problem for me, thanks!","[0, 15]",15
Really? that's very interesting,"[13, 26]",13
"Wait, what does golf have to do with this? ","[6, 7]",7
"Thanks for explaining. So [NAME] *did* pay for her ""show"" ? ","[0, 15]",15
Thank you; I hope so too.,"[15, 20]",15
This is hilarious. Great work🤣,"[0, 1]",1
No. Not the I. :(,"[10, 25]",10
"Sorry pal, it’s actually one of my least favorites :/","[24, 25]",24
[NAME] definitely needs to be on the left side he has such a great shot that he's perfect as a [NAME] type player on the powerplay.,"[0, 27]",0
what a ground licker. Day 9799 of being alive - I still hate people.,"[2, 3]",2
Whew! I’m glad [NAME] was caught. I hope you’ll never have to deal with her again.,"[15, 20]",20
"Yeah, I understand. Sorry about that, have a nice week!","[4, 24]",24
Lol at illegals paying taxes. Most do not pay any or pay very little.,"[1, 22]",1
Haha. Hope you get it sorted out. What a pain.,"[1, 20]",20
Haha i have a depression playlist 3 years in the making. Love gorrilaz and rip x.,"[1, 18]",18
This is great! My SO just groaned so much at this. Thank you,"[0, 15]",15
Sooo good!,"[0, 13]",0
"Just hit my 3pl8 squat, been looking forward to this for a long time so really happy I finally got it! Now on to 4","[13, 17]",13
I admire the prep and just hope the other guy is ok. Best one in ages..,"[0, 20]",20
def a great thing to do (and to showcase for a storyline),"[0, 4]",0
Preach my dude I know how it feels to get downvoted by the sheep,"[9, 25]",25
"If I'm just reading the headline, it's ambiguous.","[6, 27]",27
"Wow, AP. Just wow.","[13, 26]",26
The funny/awful part is how well [NAME] works photoshopped in.,"[1, 17]",1
I will aspire to know the truth. Do not worry. and I will pray to [NAME].,"[4, 5]",5
Haha! Yeah scentsy is terrible!,"[1, 11]",1
This was probably one of the best videos I’ve ever seen on Reddit. What an amazing story. Job well done. RIP Chief.,"[0, 16]",0
Does anyone have a link to the rainbow song clip? I tried looking everywhere and can't find it :(,"[7, 9]",7
He figured it out this offseason. He just didn't have any chemistry deep with his receivers and didn't know the playbook,"[22, 27]",22
"I like your version more, anyways. Better comedic relief from such a horribe tragedy.","[0, 4]",4
"You'll be stronger as you continue your journey, never give up","[5, 20]",5
I'm 25 and I still don't have a license. I'm terrified of driving and get anxiety every time I'm behind the wheel.,"[14, 19]",14
Everyone’s a god damned critic. Try doing five minutes of stand up and see if you don’t end up on this sub.,"[3, 10]",3
Good question. Have seen him quite a bit. I love his coverage.,"[0, 18]",18
Wow! Look at that spine shine! You handled her perfectly!,"[0, 13, 26]",26
Why was the discrimination and ghettoization of [NAME] prior to their extermination legal? Because legislators sometimes don't care for morality.,"[3, 6]",3
"[NAME] damn, I love astrology despite being the dryest, most scientific person on Earth... Amber the taurus made me lol.","[0, 18]",18
Where's her british accent? lol I love to dislike her videos <3,"[1, 7]",1
The greater good,"[0, 27]",0
[NAME] is super happy. Nice.,"[0, 17]",17
The realization is pretty grim. Can't say I'm terribly happy.,"[17, 22]",17
Thank you! I didn't realize that.,"[15, 22]",15
You’re the coward! I was the second man to walk on the moon. NEIL BEFORE ME.,"[2, 3, 21]",3
I hate that I was young enough to not remember this but old enough to remember the next Super Bowl....,"[2, 3]",2
Glad it had a positive impact on you. Welcome to the club!,"[0, 15]",15
[NAME] because hes best survivor,"[0, 27]",0
"Gold Coast seems like it would go well on paper, but turn up to the actual thing and seems strangely disappointing would be good to tell friends about though","[9, 10]",9
"In all seriousness, stereotyping does suck and I feel for you. But stop being a crazy horse lady and maybe you can change people's minds. Lol","[1, 3]",1
YES EXACTLY THANK YOU ...if only more lower and middle income voters understood this.,"[4, 15]",15
What kind of advice are you seeking here? I'm confused.,"[6, 7]",6
What. The. Actual. Fuck. *Gags*,"[2, 3, 26]",2
This is a great detailed response. Thanks.,"[0, 15]",15
Can neins bring me up to date on what this is about?,"[6, 7]",7
Tbh I think it’s hilarious and love it.,"[1, 18]",18
At least it's ok in public & around children.,"[4, 27]",4
Lol this ockanikin! I used to love coming here for summer camp when I was in cub/Boy Scouts!,"[1, 18]",1
Thank you. You’ve given me a beam of hope,"[15, 20]",15
I want the real thing because animals are nice and labs are not. I love animals. I want more of them,"[8, 18]",18
"thank you for taking the time to answer, im freaking out big time","[3, 15]",15
Everything purdue throws up goes in. Frustrating. Need to find a way to get stops or this ones over at halftime,"[3, 10]",3
When dunking is your only offensive move you will be efficient. Hope he gets stronger and learns to not be in foul trouble.,"[5, 20]",20
You're a mean person.,"[2, 3]",3
The show paid for [NAME] surprise trip didn't they?,"[7, 26]",26
"[NAME], they've turned into jerks.","[3, 27]",27
"Thanks! Oh my god, what a great interview. The man absolutely loves Winnipeg.","[15, 18]",15
hate to say it but nobody outside of saskatchewan has heard of [NAME] either,"[9, 10]",10
Thanks! Definite props to him because he was pulling a double shift when we were at the capacity of campers.,"[0, 15]",15
"Search the subreddit for ""team history."" We get this question time to time and there's already a bunch of info there.","[4, 27]",27
I completely agree! It's cold at first but makes you feel so alive and invigorated by it too. It's a total shock to the system.,"[4, 26]",4
"Don't listen to much prog or hardcore, I love some black metal though.","[10, 18]",18
"Exactly. I have yet to see a plus sized model without a blemish-free, conventionally attractive face.","[0, 4]",4
"I feel bad for her, talk to her :(","[5, 25]",5
surprised he hasn’t mentioned [NAME] after saying [NAME] the best manager/coach he’s ever worked with,"[0, 26]",26
This is the sweetest.,"[0, 4, 17]",17
Smh people aren’t seeing the real issue though. That’s the woman’s bathroom. ‍♂️,"[10, 27]",27
I’m seeing a doctor tomorrow. Thanks for caring,"[5, 15]",15
That'll be a testical festival for sure. Have fun.,"[1, 17]",17
The problem with crypto is typically when people have a bad feeling about something it rarely turns out well,"[3, 9, 22]",9
Thanks I hate that comment,"[3, 15]",15
Is there a legendary dark star skin? Does the kayn one count?,"[6, 7]",6
"Lol, my parents know my old account too and probably this one. The struggles are real","[1, 22]",1
Why does that matter?,"[6, 7]",7
OMG this sub is gonna be my saving grace for the rest of the year. Thank you so much!!,"[15, 26]",15
Didnt even know that was a thing.. yeah well ill probably never be a public figure so it doesnt really matter i guess lol,"[1, 6]",1
"Stop calling them immigrants, that’s a lie. The term is “illegal aliens”.","[9, 27]",9
Good job now here have an upvote,"[0, 4]",0
Players like this makes me rage quit tbh.,"[2, 3]",3
That's awesome. I would never have expected the Prius community to be so involved.,"[0, 26]",0
Well that's because you're close-minded. But meh. I don't need your respect. ;),"[3, 10]",10
"If an addict gets clean of booze/drugs, you congratulate them! What a horrible crabbycrab to try to shut down someone who got their addiction under control.","[3, 10]",3
It's this kind of fear that made me make this,"[14, 22]",14
"Thank you, this was what I was hoping to hear. The last thing I'd want right now is to make mourning him any harder.","[8, 15]",15
[NAME] was horrid for us,"[14, 27]",14
"I'm loving the blocked shots from rust, what a stud ","[0, 18]",0
[NAME] playing for the heat always makes me laugh,"[1, 17]",1
I think it quite apparent I was being satirical in saying Mississippi.,"[17, 27]",27
Happy New Year everyone!,"[13, 17]",13
"If many people truly see that as a consequence, I'd suggest SD's public [NAME] needs some work. Sad.","[20, 25]",25
Unrelated but wow I’m so proud that I can read like 70-80 percent of this because I studied Chinese for 3 years. 加油！在中国你做什么？,"[0, 21, 26]",21
"I just drank some chocolate milk, now I'm a 9/10 supermodel with a great husband and my own island in a tropical location. Thanks! /s","[0, 15]",15
I swear Denver has the worst sports media personalities.,"[2, 11]",11
He got all ball. Watch it back. Just because he hits the ground hard doesn’t mean you get a bailout,"[3, 10]",10
Are you my coworker? I swear my boss will randomly scream and its embarrassing.,"[7, 12]",12
Me and my babyboys safety word is Obama. But I like yours too.,"[4, 18]",18
No problem. It will seem impossible at first but just keep your cool! Best of luck,"[5, 20]",20
A mix of useful idiots and active grifters. It's a sad sign of our culture that these people make a living this way.,"[3, 25]",25
"Diacetyl, which is actually in higher amounts in cigarettes themselves, and even cigs havent caused popcorn lung lol","[1, 27]",1
Could be to lead the police on the wrong trail to delay being caught,"[22, 27]",27
Its the same processus for LoL isn't it ? Haven't played lol for a long time but i remember using golds to unlock characters too !,"[1, 27]",1
Wow thanks I never knew! I might try to take a tour!,"[15, 26]",15
This is so cruel. I literally feel physically sick.,"[2, 3, 11, 25]",25
I'm sorry you had to go through that. Though I'm glad you're out of that toxic environment now.,"[15, 24, 25]",24
How dare they not have the foresight to realize he'll become a president we don't like decades later.,"[2, 3]",2
Love the post bro. Gave me a lot of ideas.,"[4, 18]",18
Can someone tell me how he protects his virginity though. You know from all the thots.,"[6, 7]",6
It's good to know that I'm not the only one lol,"[1, 17]",1
"Lol I saw a comment on this article that said ""but who released the measles germs into the public? 🤔""","[1, 7]",1
"Thanks for reply, I'll enjoy reading through the comments... maybe you make a book of it all. ","[15, 17]",15
What in the bipolar hell is going on? Yikes,"[2, 3]",2
What does “I moved on her like a bitch” mean? I never understood that line,"[6, 7]",6
"Wow, way to deflate Endgame's stakes *even more* before the movie even comes out.","[13, 26]",26
Clapping ~~for~~ at me. FTFY,"[0, 27]",27
This is the most reasonable and logical response on here.,"[0, 27]",27
Beautiful. I love ecclesiastical architecture.,"[0, 18]",18
"And you're a lame, sorry not sorry ","[3, 24]",24
"We don't have this problem where I live, we use Torrents ","[4, 27]",4
"thank you for this, i feel less alone now. i’m glad you overshare on this stupid website :)","[15, 17]",15
I see that the facebook and twitter crowd is leaking into our sub. Awesome.,"[0, 13]",0
I’m Waiting for Dr [NAME] to bring back Celebrity Rehab so her and [NAME] can be on it.,"[8, 27]",27
"This goes hard, keep working just a little bit more on it. It feels like a demo to a cool song Love it","[18, 20]",18
"In an unfunny situation you made me laugh, so thanks 😅","[1, 15]",15
Obviously has played on her mind for that long... glad she apologised,"[17, 23]",17
"Must be sad that you waste your time idolizing ""Pros"" and being a absolute poser in front of your freinds ","[3, 25]",25
Great! Thanks for the ideas,"[0, 15]",15
Oh lord that's nasty. Guess I'm getting some fried chicken tonight.,"[3, 11]",11
This isn't cringe at all. He's making a joke.,"[1, 27]",1
I love the idea if choosing an outfit based on what kind of person I wanna be that day. Sounds like a fun way to experiment.,"[1, 18]",18
Oh my [NAME]. Yesssss.,"[13, 26]",26
For 3 months so far. I’m not sure because I never had any successful withdrawals yet.,"[6, 9]",6
Can we just take a minute to appreciate the thigh. So delicious and so cheap.,"[0, 4]",0
"Wow, pretty transphobic to say prostate owners have a penis and non-prostate owners have a vagina. What about the neovagina and front-hole bearers? /s","[0, 7]",0
Mr [NAME] is operater as fuck,"[2, 10]",2
I don't see much reason for it even as a 2nd.,"[10, 27]",10
I'll show some love for diazepam! Congratulations on the re up and let me Know if they are,"[0, 5, 15, 18]",18
"Virtually no happiness anymore, exhausted with trying, meds not working properly and just tired of it all.","[3, 9, 25]",9
Carmichael is near the bottom? Find that hard to believe. [NAME] just under McDaniels? Words cannot accurately describe how inaccurate that is.,"[7, 9]",7
I've just thrown all my spoons in the bin. I'll learn to eat yoghurt with a fork.,"[20, 27]",27
"I like [NAME] soo much! he’s such a sweet and honest person, and his voice is amazing","[0, 18]",0
"I'm totally cool with that too, whats the PSN?","[4, 7]",4
This is amazing!! I love it!,"[13, 18]",18
"Well unless you have an audio recording, people are gonna struggle to diagnose it for you any further I’m sorry. ","[24, 25]",24
Damn... somebody got told.,"[3, 27]",3
You’re hardly qualified to talk.,"[2, 3]",3
This is what I'm currently dealing with and I'm glad I read this. Nice reminder thank you lol.,"[1, 15, 17, 23]",15
[NAME] was far from an assassin. She had one amazing performance but that was it.,"[0, 15]",0
"Celeste is one of the free Games with Gold this month on Xbox One, I picked it up, it's a great (super hard) platformer","[0, 4]",0
"Thank you so much! After the *loooooong* talk we had, I feel a lot better about our marriage.","[13, 15]",15
lol Remember Faces of Atheism?,"[1, 7]",1
Those in a position of authority at a school have to report abuse,"[4, 27]",27
"YES YOU SHOULD, although it's only in 2300. Surrounding communes get expensive quickly.","[4, 20]",4
I like beating wales cause my friend is welsh and I like beating the french because I’m English and it feels natural,"[18, 27]",18
Think they fly in tonight or tomorrow?,"[6, 27]",6
[NAME] why you doing this! Put that on frame buddy,"[7, 27]",7
It's on sight between them.,"[4, 27]",27
"That's the death mark, Looks like you've been chosen for sacrifice. Sorry bud","[24, 25]",24
None that's why I asked. Glad to see your doing something and not just wishing or whining as that wont make it happen,"[0, 17]",17
What does IANAL mean? Thanks!,"[7, 15]",15
All the best to you in 2019! I hope whatever lies next for you is rewarding. :),"[20, 21]",20
I’m just here trying to figure out what trumps head weasel is doing in that picture...,"[7, 27]",7
Two problems: It's not a newsworthy story. You'd get sued for defamation.,"[10, 27]",10
Block her.,"[3, 27]",27
i’ve heard great things from the people who actually saw it. Thriller is my favorite genre so it seems right up my alley,"[0, 18]",0
Randomly watched arrow this week and I think each year is more confusing and I didn't like it! At least [NAME] is still there and always shining!,"[6, 10]",6
I was hoping for a new album surprise came out of nowhere when i saw the notification.,"[20, 26]",26
"Well, glad I could help. Have a fantastic day and don’t let the straights scare you away!","[0, 5, 15]",5
No that's your interpretation of the truth. A whore is an old and demeaning term for a professional sex worker. You just get off on being degrading to women.,"[2, 27]",2
Yes of course and I catch a lot of it. I just didn’t realize this was about that!,"[4, 22]",22
That’s bull crap call.,"[3, 27]",3
"Why do I seem to hit 6/7, and can't go any deeper without throwing up. I wanna see and feel more shit FML lol.","[1, 7]",1
Literally awesome that someone else is doing the same thing! Funny thing is I go for two a year also. Heck yeah fellow dodger friend,"[0, 1]",1
Unless he has actually threatened to or used them against you I think you're over reacting. Ask him to please delete them.,"[3, 5]",3
"How do you know if this gets downvoted to hell, but a lot of times before dying (6 hits taken.).","[6, 7]",6
You’ll know it’s true love when he proposals you after 5 days.,"[5, 18]",18
Sorry for your loss; this story is heartwarming.,"[5, 16, 25]",25
Just hanging out at UQ St Lucia is pretty cool.,"[0, 4]",0
Iv done it before.,"[4, 27]",27
I'm at a fighting game tournament and loving every minute of it.,"[4, 18]",18
"Hang in there, we're here for you. I hope you get through this.","[5, 20]",20
I totally would tbh. He's a very handsome man.,"[0, 4]",0
Nope this was Saturdays sunset :) I wish I was out there today for the sunset!,"[8, 10]",8
"Who the hell thought he was dead, seriously.","[2, 3]",2
"""Yeah but they're not violating *my* rights so it's okay""","[4, 27]",4
"It's amazing how utterly lacking in self-awareness this sub is, that it can upvote this without a hint of irony.","[0, 3]",0
I'm so drunk I cheereds a bot as if it was OP LOL,"[1, 17]",1
"Haha! Toronto, the hotbed of conservatism.","[1, 27]",1
"good point, hadn't thought of that, thanks","[0, 15]",15
I would watch just to hear [NAME] talk about how great he is at pinball.,"[0, 4]",0
"Hi [NAME], I love you, that is all. Can't wait to see you in Worcester in February!","[17, 18]",18
Yeah I have no idea. I’m guessing she meant to ask for someone to “sit” with mama [NAME] in her place?,"[6, 7]",6
oh damn that’s a pretty good idea!! thanks!! :),"[0, 15]",15
Thanks for looking out. Trying to keep expectations low but already have date two planned! Fingers crossed.,"[15, 20]",15
Holy hell I hate them so much.,"[2, 3]",2
"Oh wow okay, where can I get a wind proof lining beaning or scarf? And do I have to cover my eyes or anything?","[7, 26]",26
"Removed, stop trolling.","[2, 3]",2
"Don't worry if you're from hot, we can share my slice (:","[4, 5]",5
"Sometimes though, I wish I could be sad for a whole week; that would be a blessing. ","[8, 27]",8
Fuck [NAME] for blocking funding for this for years and years. So glad it's being used to help people now,"[2, 17]",17
Did you watch highlights of [NAME] vs [NAME]? [NAME] had amazing highlights but he isn’t the one competing for the Hart trophy now.,"[0, 7]",0
Theyre paid with taxes..... Do you think you're arguing against an anarchist? lol,"[1, 6]",1
"I see two possibilities in the middle: Playing advocate, or playing devil.","[6, 27]",27
It’s because their pay sucks. You get what you pay for! Edit: grammar MoFo!,"[3, 9]",3
"Thanks! Very cool. It was a marriage gift, so that explains some of it. :)","[0, 15]",15
"Haha, willing to sacrifice eternal paradise for a taco. I'd make that trade, straight across..at least the taco is real ='D","[1, 4, 20]",1
Well done! That's usually the hardest part is to start going and I hope it helps!,"[0, 20]",20
She said that? Wtf?? That's fucked up. I shouldn't be surprised. Hypocrisy is common with this bunch.,"[2, 3]",2
Would you mind elaborate on your viewpoints?,"[7, 27]",27
The surprise would be that we just broke a 16 year old record...,"[20, 26]",26
Glad we agree.,"[4, 17]",17
"lol back in the day before the rise of BitTorrent, Russian ISPs used to run DC (DirectConnect) hubs","[1, 22]",1
Stupid sexy [NAME],"[0, 3]",3
"For me, it's tedious and frustrating enough to do it the first time, but I'm glad you enjoy it","[11, 17]",17
"If [NAME] is his idol, then we got ourselves a boi with a winner’s mentality ","[0, 27]",27
"Thanks I have been, hopefully at an acceptable level to yourself","[15, 20]",15
The bus loop was never going to entice families to transfer their kids to city schools. Is it great for kids already there? Yes.,"[0, 4]",4
it depends on the page you moron.,"[2, 3]",2
"For serial rapists, its not about the physical pleasure. Its all head games. Damn freaks","[2, 3]",2
I feel for him..thank [NAME] he has a mother who cares,"[5, 15]",15
Seeing the past doesn't mean being in the past,"[10, 27]",27
I bet she smells like a jar of mayo left open for a week in the summer,"[11, 27]",27
"The 100,000 who died in the Tokyo bombing during WWII weren't killed by [NAME], it was just the passive spreading of fire. Fuck off, genocide apologist. ","[2, 10]",2
Well good for you man. Enjoy :),"[0, 17]",17
It had its flaws but I thought it was enjoyably campy and a fun ride.,"[1, 17]",17
Exactly. It just shows they can't make a good argument.,"[4, 27]",4
Having two world class GKs is amazing lol,"[0, 1]",1
Honestly this type of support sounds very shallow. It’s not like you’re gonna support women in any way when their babies are born.,"[3, 10]",10
He sounds like a real piece of work. Get him gone and live your life free of his physical and mental burden.,"[4, 5]",5
Nkd is a very good brand they have amazing flavors,"[0, 4]",0
"I’m so sorry you’ve been having a hard time. I hope that tomorrow is not only better, but amazing. ","[20, 24]",24
"Sorry I took so long, it’s the pangolin! It’s a crazy mammal with armor scales!","[13, 24]",24
wondering what the hookup scene is like in the north woods of Wisconsin?,"[7, 26]",7
best joke ever ahahahhahahahahahaha,"[0, 1]",1
"They gonna be some big books, don’t you worry. ","[5, 23]",5
Awesome! I'd love to see some if you ever post pics :),"[0, 18]",18
Wow what a fucking autist. Probably more effort into this shit than all people that hate on GS combined.,"[2, 26]",2
hahaha. She is stunning though!,"[0, 1]",1
He is a moron.,"[2, 11]",2
It can make me angry - that and hearing my neighbors have sex,"[2, 3]",2
I love the post you just made! Well written and very relatable.,"[0, 18]",18
i remember that feeling.,"[22, 27]",22
look at that gym! Id kill to have one with such a nice view,"[0, 8]",0
"Great post, glad you had a good time here. Xpost it to r/travel. ","[0, 17]",0
Keep practicing until you get real confident,"[5, 20]",5
"Really cool art though, well done!","[0, 4]",0
"Lmao it wasn’t free, we were stealing","[1, 27]",1
Bitch right!,"[2, 3]",2
We just bought [NAME]. Have faith,"[20, 27]",27
This guy has been a lot of fun to watch over the last couple of years. Hope the draft goes well for him.,"[1, 20]",20
I love your honesty. What you wrote expresses fears and questions similar to mine. Thank you so much.,"[15, 18]",15
Because you aren't serious. You're just mad because you got told to stop using slurs one too many times.,"[3, 10]",3
"Crap, crap, mega crap!","[3, 10, 11]",3
I like [NAME] and I've heard good things about [NAME] (I think his name is).,"[0, 18]",0
"I really get that, it's soooo disappointing. I hope he can make it up to you.","[9, 20]",20
love after lockup makes DOT posts look like the most sensible things ever!!!!,"[4, 18]",18
I like it when a girl's nails are done. Nothing over the top long but I love french tips. Plus they're great for back scratches.,"[0, 18]",18
"We're are going on a trip, in our favorite rocket ship","[13, 17]",17
Checkout real cool people that I'm sure would love to help you out.,"[4, 18]",18
"How does that work? If in every measurable way, its bread and wine, how can you claim its actually [NAME] body and blood?","[6, 7]",7
"Lol no, you said that it isn’t called swinging anymore so I was curious as to what partner swapping was called now.","[1, 7]",1
"Oh don’t get me started about halo, the glory days","[3, 27]",3
I hope you can be saved one day. Bless you.,"[5, 20]",20
"I posted the picture on this sub. I'm not sure how to link on mobile, but someone else posted the link on this thread.","[6, 27]",6
I did. Thank you for your opinion.,"[4, 15]",15
What is dutch crunch bread? It sounds delicious!,"[0, 7]",7
This is so scary but I would love to go there. And it is actually in Brazil,"[14, 18]",18
This is awesome. Makes it feel like a community rather than just a forum.,"[0, 17]",0
[NAME] should give him a little tough love,"[5, 18]",18
It could have been worse! All the chairs and table are still upright.,"[11, 27]",11
Yeah that pass,"[4, 13]",4
"Very nice, man! Love it.","[0, 18]",18
Good news. Good for you buddy. Hope all of us get back our money soon :-),"[0, 20]",20
Wow thanks. Was hoping to see more exact same moon pics for the eleventy millionth time.,"[15, 20]",15
It's amazing the people here supporting the [RELIGION] church and the child molesters over duterte... I wonder why.,"[0, 26]",26
The best timeline,"[0, 4]",0
I totally agree and I think this was suggested before as well,"[4, 22]",4
"Thank you. Yeah it's a nice thought, being sheltered and happy before any worries or drama. It would be nice...","[0, 15]",15
I am honored to be your only comment,"[15, 27]",27
I don't care about [NAME] story but I surprisingly found myself liking Bristol's.,"[2, 26]",26
[NAME] i really hate entitled people. Upvote if you think that EPs are worse than Antivaxxers.,"[2, 11]",11
"taj with 12 and 5 before the half, great game so far. Hopefully [NAME] can continue his 1st quarter shooting","[0, 20]",0
The adults are a bit drunk and I just got called an anti social bastard Pray 4 me,"[3, 27]",27
I thought he was a candidate as a [NAME] when [NAME] left. What happened to that.,"[6, 7]",7
I can be hard on KAT at times but boy am I glad he signed here for 5 more years,"[0, 17]",17
This is amazing. Thank you for posting the link.,"[0, 15]",15
"Guess [NAME] back hurts more than [NAME] neck, a comeback insues.","[9, 27]",9
"Do you happen to know what time and program that was, please? I’d like to see it. Thanks. ","[7, 15]",15
I’m sorry than happened to you and your family. Really puts things into perspective.. thank you for the reply !!:),"[15, 24]",15
Yep and what a wonderful land it is. My favorite place in the world Edit: omg everybody so mad 🤣🤣🤣🤣🤣,"[0, 4, 18]",0
What kind of dove is he? He is soooo pretty!!,"[0, 7]",0
lol I’m realizing that now!,"[1, 22]",1
How does it actually work? Thanks for the response; aspiring entrepreneur with no knowledge of corporate finance,"[7, 15]",15
"Thanks, we were kinda enjoying it at the time too","[15, 17]",15
I played a lot of WW2 ranked and had a tone of close games. And the point of ranked is for everyone to be around a 50/50 W/L,"[0, 27]",27
This is amazing thank u so much u saved my life,"[0, 15]",15
Yeah - thanks - I vaguely remember this. I wonder what her net worth was year by year? Too lazy to investigate.,"[7, 15, 26]",26
"I mostly just feel like this life is a test I’m failing, and I’ll have another chance eventually ","[9, 20]",20
Appreciate you keeping to the bet. The other guy hasn't yet. Take care bro.,"[0, 5]",5
"I've been looking forward to this But damn, I was hoping for some epic revenge story ;-; ","[2, 20]",20
"Damn, wish I could just pick up a hobby and start training 4 or 5 times a week...","[8, 20]",20
Alright stop.,"[2, 27]",2
My [NAME]. I think we have a winner. IT'S. A. REAL. PLACE. Best part,"[0, 26]",0
No one does,"[10, 27]",10
"I hope the Rams take it all cause of that. Would love to see [NAME], [NAME], and [NAME] win the super bowl again!","[18, 20]",18
I can’t call anyone Daddy. Not even my Dad. It just feels weird and creepy and I’m not 4.,"[3, 11]",11
"love cats, dislike the regular news. you?","[7, 18]",18
So much for the offensive burst in the first half. Lol.,"[1, 22]",1
sorry it was absolutely not like that,"[24, 25]",24
"Well then I feel sorry for men for being such incontrolable sexual beasts I guess. My original answer was sincere, I can't speak for others though.","[3, 24]",24
[NAME] I hate that I had to upvote this dude to the sub it is in. Every fibre of my being wants to downvote this atrocity,"[2, 3]",2
"One time, she punched me in the face. It was AWESOME.","[0, 1]",0
"Yay, I hope so! I'm feeling good about this decade.","[8, 13, 20]",20
I was hoping to hear this. I'm up for it I think. I'll download it tomorrow.,"[8, 20]",20
This isn’t really new... or at least isn’t a new idea. Has it just now been shown in research?,"[6, 7]",6
Thank you for the specifics! Really helpful. Glad you’ve found such a good mix for you.,"[0, 15, 17]",15
Damn! I hadn’t heard about the eBay stuff.,"[3, 9]",3
soon i’ll have an army of karens and no one will be able to stop me,"[13, 20]",20
No Brexit is also an option.,"[10, 22]",10
It would be interesting to know what you've learned about other sects of [RELIGION].,"[7, 13]",13
Such a handsome young man. He looks hungry. Are we not feeding him enough? Should I make some sandwiches? We're so proud of him.,"[0, 21]",21
"Great response, I too love being in my 30s. Embrace it fella ","[0, 18]",18
Good luck bro! I am with you on this journey. Currently on day 7. I had trouble sleeping yesterday night due to the urges.,"[5, 20]",5
"I mean dug into cities and the like, the only urban fighting Turkey's done this whole war was in al-Bab and we all know how that went.","[8, 22]",22
Lmao that [NAME] damn nic cage pillow,"[0, 1]",1
I do. The only thing I never understand was why it happened in that time.,"[6, 27]",6
Yeah I usually do it if no-one will,"[4, 20]",4
I laughed. But I'm really not sure if I should upvote.,"[1, 6, 17]",1
This story made my day. Ha!,"[13, 17]",17
"Such a beautiful smile! I can tell from your eyes that you’re a good person, and very sweet. I hope life treats you well.","[0, 5, 18]",0
Can you apply to some kind of help within your university? Sorry this is happening to you.,"[7, 24]",24
He’s a very annoying person and illogical can’t work with someone like this,"[3, 10]",3
kind of funny considering that the fentanyl that is killing people in North America - Canada and USA - comes from China.,"[1, 3]",1
We need mark-ass brownlee,"[4, 8]",8
I thought it was but didn't find anything in Reddit's horrible search. Thank you and I apologize for this.,"[15, 24]",15
Omg does anyone have a video of this,"[7, 26]",7
Thanks so much for taking the initiative to do this! Not all heroes wear capes :),"[15, 17]",15
"And best of all, it is giving a child a loving home.","[0, 17]",0
"It’s all good man, I missed [NAME] too. I REALLY hope we get another dream sequence with him in EP4. ","[17, 20, 25]",20
"Thank you so much for the wonderful compliment, glad you enjoy it!","[0, 15, 17]",15
"I'm sorry. On the plus side, your toilet joke made me laugh really hard. Lol. Thanks","[1, 15]",1
"Thanks dude. Wish you the best with OP, personally I'm done.","[5, 15]",15
Bruh fox and heild look like the same dude,"[4, 27]",4
I prefer HOWDY MISTER,"[4, 8]",4
"Happy cake day! It'll be tough, but stick to it and you will come out the other side better for it.","[5, 27]",5
Probably not making good pass decisions.,"[6, 10]",10
No! That’s not how I meant it! Just trying to start a conversation & I love Tool.,"[10, 18]",18
[NAME] the amount of protection that you are wrong *because* you are an outlier at all.,"[10, 27]",10
Fly out of KDVT? Love flying out there.,"[17, 18]",18
Is it my turn to point out he's clearly at school? I haven't checked the rota for this post this week.,"[7, 22]",22
only take your shoes off if there is carpet. and carpet is nasty.,"[3, 11]",11
Thank you so much. It means a lot to me and I really appreciate it,"[0, 15]",15
I want my Thick Blood feat to actually say “F*CK YOU” every time I deny a Peacekeeper their bleed damage.,"[2, 3]",3
I never said prostitution doesn't exist. I said it is off the streets.,"[10, 27]",10
"Honestly, this is hilarious. Did he reply?","[1, 7]",1
What? Shut up?,"[2, 3]",2
She did you a favor by not dragging it out. Cut bait and move on.,"[4, 5]",5
I love the “I’m sleeping” and then the realization,"[18, 22]",18
I’m ashamed to look at how much time I spend on Reddit,"[12, 24]",12
"Hope you feel better soon. Probably won't happen, but good feeelings sent your way.","[4, 20]",20
"[NAME] likes making us excited, but not *too* excited","[4, 13]",13
I'm actually surprised it stayed up. We already got a shitpost thread yesterday. I though the limit was one per week.,"[22, 26]",26
Using an argument based on intolerance is frankly a bad strategic idea and borders on offensive. It won't persuade anybody and it sounds ridiculous.,"[3, 11]",11
Wow that’s weird. I’m too used to that age group complaining about “kids these days”. Thanks for sharing.,"[15, 26]",15
"I don't really know a time or date though, I'm open to ideas and availability discussion","[6, 20]",6
"Just because some people troll him on Twitter and get literally no retweets or interactions, he'll surely change his way of directing...","[4, 27]",27
"Fuck it, it's every man/woman for themselves in this fucked City. I've given up caring.","[2, 3]",2
Arguing a player is the GOAT among every position is just a dumb argument to even begin with when it comes to football.,"[2, 3]",3
Oh [NAME] why does he have to drag green day into this,"[3, 7]",7
There was a huge pervasive fear of nuclear war in the 80s among kids. I remember often waking up screaming from nuclear nightmares.,"[4, 14]",14
I vote to now refer to him as [NAME] from now on due to his newfound confidence,"[0, 27]",27
"Love those clips on YouTube, does this add anything to it? Considering Netflix's obsession with exclusivity, this is an unusual arrangement. ","[7, 18]",18
Howd i get downvoted? Lmao. I love drones and think they cant be beat for SaR and aerial mapping... thats why i forwarded the proposal!,"[6, 18]",18
Its deathprofessor lol. That's her Twitter account.,"[1, 4]",1
"Female here - Personally, I would love a text that says ""I had a good time tonight! Would love to see you again.""","[8, 18, 20]",18
I just looked for this sub so I could comment on how great he is.,"[0, 4]",0
"I wouldn't even call this a CB, she wasn't offered anything and turned it down. Still sad, though. ","[10, 20, 25]",25
"Yes, but [NAME] is right when he warns about the US involvement in Venezuela.","[4, 27]",4
"My fault, I jumped to a conclusion. I forgot that savanna cats are spotted not leopard print.","[12, 22, 24]",22
"Why,? It’s natural. That’s weird af.","[7, 11]",11
Stay on your feet Lovejoy,"[5, 18]",5
Haha okay. Much love brother!,"[1, 18]",18
"Thanks, your comments made me laugh.","[1, 15]",15
Your dog is so brave ❤️,"[0, 18]",0
"I think we should, he is one of the best centers in the game ","[0, 20]",0
[NAME] got bank...he's paying people to count his cash. He's doing fine,"[4, 27]",27
Just move on and find someone who will give you the same feelings back.,"[4, 5]",5
You're welcome! Anything else on your mind? Best to air it out,"[7, 15]",15
Whenever I leave my character in free roam I get an idle notification very quickly. Must have glitched.,"[4, 6]",4
"It was good, but not great.","[0, 9]",0
"I don't blame you, this sub makes me feel crazy on a daily basis. ","[3, 13]",3
"I bet you are. Btw, wtf is PNW so next time I'm there I'll know to hit you up","[6, 7]",7
There is something legitimately wrong with you,"[9, 10]",10
I was listening to look alive by [NAME] and [NAME] and it was perfect timing with this video and the song😂😂,"[0, 4]",0
"Wow, what a controversial opinion.","[0, 26]",26
Love this! Love you! Thanks for sharing!,"[15, 18]",18
The only happy ending I enjoyed on this sub. Good job.,"[0, 17]",17
What were the forwards doing letting [NAME] skate up the middle to get that shot of and score?,"[7, 27]",27
I used to love to mix addys and Valium 10s though lol!,"[1, 22]",1
My wife has some crazy friends and I ducking love hearing their “slutty” stories. The things they make these thirsty guys do is unreal.,"[4, 18]",18
"Dam tears in my eyes now, but seriously great job ","[0, 25]",0
I don’t understand why this is a problem? Each of you just plate up your own food and then eat together.,"[3, 7]",3
"My grandchild used to be a baby, and now he is no longer a baby. Thanks, xBox!","[15, 22]",15
[NAME] is da man. A gangsta mathematician who had the guts to seduce the most beautiful Spartan woman of her time.,"[0, 27]",0
Me too lmaoooooooooooooooooooo haha damn that’s depressing,"[1, 9]",1
Yeah a lot of people are missing that lol,"[1, 22]",1
She’s so hot in the video damn,"[0, 27]",0
True sequels to what?,"[7, 27]",7
I hope ish isn’t like [NAME] and is forever affected by this injury,"[20, 27]",20
Love this. Thanks for sharing.,"[15, 18]",15
Protip- just smell your damn food. Use your senses!,"[2, 3]",3
I’m sorry to inform you that this man is an imposter. I’m actually undercover atm.,"[24, 25]",24
I totally agree man I hope one day I can find that too,"[4, 20]",20
I’m a little scared of telling my parents (I’m in high school.) How do I approach them about this?,"[6, 14]",14
Looking good!!!!!how are you? woww you are a treat...😉. Cute body :).,"[0, 7]",0
"Yeah I did think that was the case, thank you! So excited to see my new Capstan!","[13, 15]",15
I love how at one point you're following behind her hair watching her dodge a spear,"[4, 18]",18
[NAME] are you me? Like I was relating and then you said rot in Atlanta traffic and the pains of 285 burned into my mind.,"[25, 27]",25
You're correct.,"[4, 27]",4
Bro. We’ve been cursed since way before that.,"[3, 27]",3
"That was a very well put together video, entertaining and informative. [NAME] is a national treasure.","[0, 1]",0
> I'll only debate subjects I'm knowledgable of. Then you're not good at debating.,"[10, 15]",10
"Hey, your hair looks great! As a fellow curly girl I'm just wondering what your routine looks like?","[0, 7]",0
Good bot!,"[0, 27]",0
"I’m really excited for this year! Especially the Wu Lin hero , I can’t wait to wield my double-handed jian😍😍","[13, 17]",13
"Thank-you very much, your comment is greatly appreciate.","[0, 15]",15
This hurts to hear because we know it's true. There are 16 year olds who have experienced more than me.,"[0, 4, 25]",25
Ambien your posts are delightful and I have such a hard core internet stranger crush on you.,"[0, 18]",0
You have no legs to stand on to accuse me of such.,"[3, 10]",3
RIP manning lol,"[1, 25]",1
I hope it heals well! I will bring out the Oww Mah Layg dancers to encourage healing and positive energy to help you and cheer you on! 🎶💃Oww💃Mah💃Layg💃🎶,"[5, 20]",20
Thank you so much I am so proud of myself!,"[15, 21]",21
He will but the Chiefs will absolutely have a shot because the Pats defense is egregious on the road. I mean they let [NAME] go off lol.,"[1, 4]",1
I think the one thing we can all agree on is Kill Mikol. This was too difficult to answer in full..,"[4, 27]",4
just give me platinum and go to sleep ♥️,"[18, 27]",27
">captain [NAME] Wow, great nickname. Do you and the president swap notes on this?","[0, 7]",0
How can they expect you to write if you can't read? /s,"[3, 7]",7
"It's about fucking time, hope this is real.","[3, 8, 20]",20
Fair enough. The cake is definitely too much haha,"[1, 4]",1
I'm not sure what you mean by 18th century family here but otherwise thanks.,"[6, 15]",15
Peep show is so damn good,"[0, 27]",0
Prove what point? That you don’t know how to read? I’m confused.,"[6, 7]",6
15 is too old to play playing fortnite smh,"[10, 27]",27
Poor cat.,"[25, 27]",25
"Personally, I adore capitalism. But that's just me. ","[0, 27]",27
We just got a ninja coffee machine. Don’t even need filters! It has little waste besides the coffee grounds. I love it.,"[18, 23]",18
Didn’t realize they lost it. Loved their Cooperstown collection figures.,"[18, 22]",18
This just really motivated me. Thanks,"[0, 15]",15
"Gettysburg is awesome, I've been twice. I want to go back as an adult! Have fun!","[0, 8, 17]",8
so obnoxious.,"[9, 11]",11
Thanks. Those are great suggestions.,"[0, 15]",15
Be careful of drugs like MDMA. Often people regret taking it.,"[5, 24]",5
Recent Russian behavior is unacceptable...no doubt about it.,"[10, 27]",10
I've never been more disturbed by a dog,"[3, 9]",9
What deal did [NAME] make to the **benefit** of the Syrian [NAME]??,"[7, 27]",7
"Optimism dial at 13, absolute mad man","[2, 27]",2
I guess its the 9th largest city in the country but it it weird to group them together,"[11, 20]",11
lmao okay dude,"[1, 27]",1
Congrats dude! Can you give us a quick tl;dw?,"[0, 7, 15]",15
"I remember seeing that scene the first time and being like.... I loved Princess [NAME] before, but now... something is different","[18, 22]",18
Pikachu shocked.jpg I hope we give him a fair chance and he succeeds,"[20, 26]",20
"Yes, huge problems. Buy it anyway. Such a sexy car with the power and fun to drive factor to match.","[0, 4]",4
"Glad I could help. Feels good once in a while, I know the feeling.","[4, 17]",17
[NAME] still got a little pop tho for calling for the match. Makes me smile that the crowd still loves her.,"[17, 18]",18
This is what unions are for. The great only appear great because we are on our knees,"[0, 3]",0
That sounds terrifying. I hope you and the little one are OK.,"[14, 20]",14
Right? It looked wild AF for a baby shower lol,"[1, 7]",1
Lots of physical intimacy and sex almost every time we met. Never suspected that this would ever become a problem.,"[22, 26]",22
"it is weird, looks like you have awesome internet","[0, 11]",0
More like I was raised in Asia but go off. I’m not gonna bother arguing with trumpie lmao.,"[1, 3, 9]",1
I got mine at 21. The ex wife would have had me snore instead of wear it for years.,"[25, 27]",27
Thanks this was a cool article. The Shedd means a lot to me as it was where I went the first time I met the love of my life,"[15, 18]",15
"Yes, that’s pretty much it ! Thank you, I will, it’ll just be a week or so before I get there. ","[0, 15]",15
I've definitely erected something in his honor but idk about a statue,"[6, 27]",6
"I had a big omnibus edition. It was great, but a good 4-5 inches thick!","[0, 22]",0
"Ah yes of course, how could I have been such a Horseshoe crab!","[4, 22]",4
#welcome to Doordash lol We all quit Doordash,"[1, 15]",1
I don't know how you get over the survivor's guilt after something like that.,"[6, 24]",6
"I'm not ready, I'm not ready, I'm REALLY not ready.","[2, 10]",10
"forget new buildings, i work at the chase plaza building and am a little bummed that seagram tower made it but this didnt.","[9, 27]",9
enjoy it and happy New Year!! I was at the cheesecake factory yesterday with one of my kids.. had a blast,"[13, 17]",17
"No its not, a AGM can do damage in excess of 15m$.","[10, 27]",10
"[NAME]? Nah, that's him in the background. The idiot with the leaves is [NAME]. It's always fucking [NAME].","[2, 11]",2
Found the selfish and shitty anti-vaxxer in the thread. How many of us have to die before you get your fucking kids vaccinated?,"[2, 11]",2
"Liverpool FC and Jacksonville Jaguars (Sorry, my kids were born here)","[24, 27]",24
Same to me. But she has a handicapped placard but drives [NAME] and herself. WHY?,"[6, 7]",6
"Man, what a great post Edit: wow! Thanks for the kind, gold stranger!","[0, 15]",15
Wtf. And then we wonder why people think DnD players are a bunch of fucking creeps. Sucks that you had to bear witness to such sadness.,"[2, 25]",2
Loved this book,"[0, 18]",18
Im fine with complaining. A little surprised he's complaining without playing or even reading the patch notes since they were released.,"[4, 26]",26
This is amazing and exactly how I feel about him. I love [NAME] and [NAME] but this is why Nuge is my favourite NUGE IS HUUUUUUUGE,"[0, 18]",18
Removed? Damn no respect.,"[2, 3]",3
"So glad for him, he's such a good man and deserves everything good ","[0, 15]",0
"congrats, [NAME]. you played yourself","[0, 15]",15
I love this trend.,"[0, 18]",18
"Wow, really? I hope this kind of event doesn’t happen that often. ","[7, 20, 26]",26
I'm crying. Their faces 😂🤣😂,"[1, 25]",25
Not this sub’s fault the ((([NAME]))) is full of idiots,"[3, 10]",3
A bad pun can be a real pick-me-up,"[9, 27]",9
"Don't bother, redditors hate Israel ","[2, 5]",2
"Sorry, but isn't this a little too obvious? As the old saying, the early bird catches the worm.","[24, 25]",24
What a cringeworthy load of kak this is. Wow I have no words.,"[12, 26]",26
Running a company will be the same disappointment. Your problem is unsolved.,"[9, 10]",9
"Did anyone see the ladies sitting behind the Hawks' bench?? WOW, like smoking hot.","[0, 7]",7
please fire this fuck head im tired of losing games because of our power play,"[2, 3, 9]",2
"Thanks for saying that, but yeah: you really need to do something about your boy there. He’s not right.","[10, 15]",15
"Glad you had fun!! Did you all, ya'know? Did you all make plans to see each other again soon?","[7, 17]",17
damn i’d love a transboy to be my prince charming,"[4, 18]",18
"Nah, according to OPs limited post history, he's a pedophile. ","[10, 27]",27
"ok thanks alot :), just extremely weird VAC bans are less harsh than throwing for Skins. lol","[1, 15]",15
"I'm a sexworker and trust me, plenty of us love our jobs an our work.","[4, 18]",18
It’s always about sentience. We already generally restrict abortions about the time fetuses are believed to start feeling pain.,"[4, 5]",4
Yes that would've been so much fun! You can only imagine my shock and disappointment...,"[1, 9]",1
These folks have surpassed,"[0, 27]",27
Worst radio ever.,"[2, 11]",11
"Thank you for your reply. It gives me hope, and I will your previous post in a bit.","[15, 20]",15
"[NAME] knocking [NAME] out. Somehow, I didn't expect the brainwashed soldier to betray the kids.","[26, 27]",27
I'm afraid if I have a awful time or something like that I'm going to get worse..,"[14, 19]",14
You have the bear mask?? :D it is glorious!,"[0, 7]",7
Thank you [NAME].. Another disaster you created.,"[9, 15]",15
Completely understandable. Maybe mom should book flights a little bit farther in advance next time though!,"[4, 27]",27
what a crazy ride,"[0, 13]",13
"Good read man, sounds like a crazy time, its the worst vomiting red in front of ramdom people lmfao 😂","[0, 1, 11]",0
Thanks! Itll take some getting used to for sure but I'm excited to move on.,"[13, 15]",15
"I agree with you, but you know, sharia *is* sharia, which I find a tad more frightening ","[4, 14]",4
Indeed. This episode is for me the best one officially. I'm scared for the finale,"[0, 14]",14
Which is why I'm glad he turn around as he did. xD Still is both scary and funny if you look at it from a different light,"[1, 14, 17]",17
"So Much Feeling in One Picture , Great Love It :)","[0, 18]",18
Thanks for sharing! I can so see me taking the scraps when he inevitably is having a good day and reaches out. I will resist!,"[15, 27]",15
"Don’t know why I didn’t think of that..but hey thanks, hero!","[6, 15]",15
I'm know Ashtabula. I'm from Lorain. That's cool that the company got bigger though.,"[0, 4]",0
This post is amazing. Definitely starting to see good days and life just kept improving after my Nex. Thank you for this,"[0, 15]",15
"And then everyone clapped and the teacher got on his hands and knees, begging to be spared from your superior intellect.","[3, 27]",27
The monster!,"[2, 27]",2
"This is great, thank you","[0, 15]",15
Constantly worrying about her and not feeling pleasure without her presence could be. You need to talk to a therapist.,"[5, 25]",5
I had one of those... my cat broke it.,"[9, 25]",25
The ruling class doesn't care. Their only goal is to plunder and loot the country for their own financial gain.,"[3, 11]",3
"Lol I understand the sleep issue. I’m CIO for a small financial trading startup, so I’m always on call no matter what.","[1, 4]",1
"I'm finding it hard to distinguish ""discuss the merits of conspiracy theories"" and ""debating"" those theories.","[9, 27]",27
I live in those unfortunately,"[9, 25]",9
"I agree, it was approaching my bedtime but will do so today, thank you.","[4, 15]",15
That made me laugh and if my mum’s mind was still here she’d laugh too!,"[1, 17]",1
I'm really excited for this. I loved the sense of adventure / danger in Sunless Seas.,"[13, 18]",13
Follow up — are the Adidas sized to wear over pads?,"[6, 7, 27]",27
"Lol your adorable, thanks for the humor","[1, 15]",15
wow I think you've really got her now,"[13, 26]",26
Way braver than me. Hope you have a great night. Cheers!,"[0, 20]",20
"Yes, you should speak with an attorney.","[4, 27]",4
I would love to know the Governor'sr's response to that line!,"[18, 27]",18
i thought it was very coincidental that i was listening to 808’s while doing this bullshit and that this question popped up unexpectedly. made me smile,"[17, 26]",17
I love this post so much. Really drives the point home and made me laugh!,"[1, 18]",18
"I love the wire, never sad any thing bad about it just that it's from two decades ago","[0, 18]",18
"Yo, was that NDP leader [NAME] on the sidelines? ","[6, 7]",7
Of fucking course it is...,"[2, 3]",2
I see lotsa [NAME] I’m proud,"[0, 21]",21
this is probably one of the top 5 most legendary copypastas from this community - I’ve always loved this one,"[0, 18]",18
*wrap* happy birthday,"[13, 17]",13
LOL...love nagy shock-faced,"[1, 18]",18
Thank you so much! That’s a helpful list with a great variety!,"[0, 15]",15
"I have no idea what you’re talking about, so do you have carpentry experience and/or background in engineering?","[6, 7]",6
"I do that on my boyfriend too haha, super soft and makes me feel safe! Maybe we are all crazy","[1, 17]",1
"It didn't take me any longer than the first, and I feel uncomfortable now","[3, 9]",3
Thank you and CONGRATS MAN!! I listen to podcasts too when I get ready! Greatly helps with the negative thoughts. Glad we did it!!,"[0, 15]",15
What a stupid stretch lmao.,"[1, 3]",1
hey at least you've got a friend group chat,"[17, 27]",27
"My bad, sorry. I kicked a pebble on top of that mountain.","[9, 24]",24
surprise surprise! cbs loves this phony old wannabee,"[18, 26]",26
Define abuse. People can down vote as they see fit but it doesn't mean it has to ruin your day.,"[3, 10]",10
Cool. Good call on the passport. Our plan is to make a stop on the way from thr airport. Im suee some are open late.,"[0, 4]",0
"You. Are. Awesome. Also, congratulations on the baby!!!!","[0, 13]",0
I like it!,"[0, 18]",18
Shame our government can't progress as fast as the infrastructure.,"[9, 12]",12
This right here is the kind of father I want to be. Thanks for that.,"[8, 15]",15
Any chance you have a bank account information you want to share?,"[7, 27]",7
Nice. Thanks for the original.,"[0, 15]",15
Where is that damn SaLt LiCK,"[2, 3]",3
Upvoting simply for the (Eli = ),"[4, 27]",27
"TD: ""You cant just call everyone you dislike a nazi!"" Also TD:","[3, 27]",3
You'd think that's a simple game mode they'd have had from the start... I would have loved that.,"[8, 18]",18
"I don't remember the taste, but someone on my strange addiction tv show ate her late husband's ashes and described the taste. ","[22, 27]",22
i appreciate your response! you are totally right... i gottA get out of my head.,"[0, 4]",0
Looks sick actually.,"[3, 25]",25
Thanks for recording a video message with AntiRivet like 3 years ago for me. Hope everything is going well.,"[15, 20]",15
As a biologist lol. What about hermaphrodites?,"[1, 7]",1
"Hahaha I know this one, thank you SORTED boys!","[1, 15]",15
"Finally some good vibes in this sub, im happy for you man!!","[4, 17]",17
*Trust the plan*,"[4, 27]",27
I remember them looking very happy. I loved that they were there and seemed very happy about what was happening.,"[17, 18]",17
yep I wasn't aware I could claim my rec purchases too. thanks,"[15, 22]",15
"Yeeeaaaah, move out and keep showing off the clam.","[5, 27]",5
Good luck don’t get discouraged you can do it!!!,"[5, 20]",20
Don't be coy were talking about the active ingredients here not the plant itself.,"[3, 10]",10
I would assume that it would be sexually frustrating for the woman.,"[3, 20]",3
I love when you get the text afterwards - my last donation apparently saved a life in Cairns! Really cheered me up actually.,"[17, 18]",18
How did they respond? You can't leave out the best part.,"[7, 10]",7
One of the scariest things about being in a cult is that you don't realize you're in a cult.,"[14, 22]",22
Mother knows best.,"[0, 27]",0
I’ve made the same exact comment before It’s mind boggling,"[0, 4]",4
"That weighs heavy on the heart, I’m so sorry for your loss","[16, 25]",16
Damn this was deep. Hope the best for you and you could really turn this into a short story or something of the such.,"[2, 20]",20
[NAME] lost her guitar canonically,"[25, 27]",25
> no one wants to smell like a goat. HA! That's amazing. I love it.,"[0, 10, 18]",18
Left beer outside so I could make a cool picture for reddit. Please give karma.,"[8, 17]",8
Sweetener is full of bops! Wish she would release another single from it.,"[8, 13]",8
"Okay idiot, well it seems right wingers can't tell the difference between strawman and reality then. Thanks for confirming it douchebag. ","[3, 15, 22]",15
Keeps going tho. Kids got heart,"[9, 27]",27
She's probably increased in usage now cause people want the wins for that Bastet skin lol,"[1, 27]",1
To bad we aren’t getting [NAME] vs [NAME] and [NAME] literally burning it down to close out mania. But man I love this belt.,"[9, 18]",18
Lol what are you smoking,"[1, 7]",1
I’m sorry about your pup. At least between the two of them she won’t be neglected? I just feel badly for you.,"[24, 25]",24
"He's not a believer, so he doesn't see what he did as wrong. ","[10, 20]",10
"That's great to hear. I hope you get it, and have many years with that job.","[0, 20]",20
Congrats on quitting my man. [NAME] speed in your recovery.,"[0, 15]",15
How did I not know this?! That show is so good.,"[0, 6]",6
Wow. I didn’t realize a simple medical term like obesity judged a person’s laziness and intelligence. 🙄,"[22, 26]",26
Trust me no one getting caught but this dumb MF,"[3, 27]",3
"I'm gonna say break it off and expect them to date at some point. So prepare for that one. Sorry bud, good luck! ","[15, 24]",24
Suffering from success...,"[25, 27]",27
This is so scary but true,"[4, 14]",14
"I mean, that’s great, but would you start dating someone you didn’t think was attractive initially?","[0, 7]",0
"I would gleefully look forward to a battle where fascist apologists and race baiters utterly destroy each other. Maybe then we can have a civil, unified society.","[3, 4, 20]",4
Always and I appreciate your opinion good sir,"[0, 15]",0
"My first day with them off was quite anxious, but it got better!","[19, 23]",19
"Tbh I've never found the porn ads arousing, I've usually found them annoying, stupid, really clickbaity, or hilariously cheesy","[3, 11]",3
"Like ConfusedYehud, I'm also curious why there is a difference between a woman's face in a newspaper and a woman's face in the street.","[6, 7]",7
No way! I never would have made that connection lol,"[1, 10]",1
that's an adventure!,"[13, 22, 26]",13
"Just watched The Pass on Netflix--really great movie, but not exactly a feel-good time...","[0, 10]",0
Unfortunately I’m not a military man,"[9, 10]",10
"I am now sad the latest Thief was so mediocre, because the actual City the game took place in was a great little world.","[0, 25]",25
"I got matched with the best [NAME] in the world today, it was well fun. Felt happy to win a round ahaha.","[1, 17]",17
you obviously dont know how the wilpons work lol,"[1, 10]",1
I'm quite curious as to how recreational marijuana legalization will effect these rates. The first two factors are generally caused by alternatives of sorts to marijuana.,"[7, 27]",7
Nice! I'm glad there was a great turnout. Congrats!,"[0, 15, 17]",15
Not sure why you are getting downvoted for this comment. I really dislikes the Facebook type posts on this sub.,"[6, 10]",6
Haha I can imagine! Good on you for doing it though.,"[0, 1]",1
TIL that [NAME] is a guy.,"[26, 27]",27
I forgot about that. 😂,"[6, 22]",22
"You're right, that's a solid advice. I will give it some time and if I am unhappy I will start distancing myself. Thanks!","[4, 15]",15
Ughh same. Love the finish of it just wish it had more coverage.,"[8, 18]",18
"Heavens to [NAME], guys, thank you so much for the gold! That was super-unexpected, but what a delightful thing to wake up to! :-D","[0, 15, 22]",15
There are too many factors at play to really say that. It's still probably disappointing.,"[9, 20]",9
That’s not true at all. I play on xbox and you can’t Loot teammates you or any squad mates kill.,"[10, 27]",10
Welcome to the gloaming. Yes.,"[5, 15]",15
"If I may suggest patience, if your data is still there, you might want to read a little before open heart surgery. ","[5, 27]",5
That's because: Emotion = Reality,"[22, 27]",27
Thank you. I needed someone else to say it. The unnecessary misgender as a parting shot wasn't my favorite either.,"[10, 15]",15
That would be more accurate but less impactful/explanatory of the point the creator is trying to make---it's an illustration of the Apex fallacy.,"[4, 27]",4
"The Right: ""Why won't the left let us rape, abuse and brainwash children without putting their liberal noses where they don't belong.""","[2, 27]",2
Oh wow Thats definitely something,"[17, 26]",26
You want forgiveness? Stop spamming.,"[2, 3]",3
"His performance this weekend reminded me of when [NAME] came into the LCS, he would solo kill every single lane","[0, 27]",27
"If you need to vent or anything, let me know. I'd be glad to chat or even just listen, whatever helps. Stay strong!","[5, 17]",5
[NAME]. Haha r u [NAME]??,"[1, 7]",1
"Actually surprised it's still going. It was fairly fun from what I remember, albeit a bit rough around the edges.","[22, 26]",26
It's not a fair question.,"[10, 27]",10
As bad in what ways? The rest of who? Other politicians?,"[6, 27]",6
"[NAME], I'm excited to watch your journey and hope you have massive success! ","[13, 20]",20
"Lol “this is my opinion and it is very true.” You said opinion, didn’t you?","[1, 7]",1
Just the name of it gives me anxiety,"[14, 19]",19
I just never felt like a boy. I hate my body and I just feel like I can't express myself for who I am.,"[2, 12]",12
Did you do it yet? It won’t let me post lol,"[1, 7]",1
I did. In a selfless sacrifice that I hope brings ample awards.,"[8, 20]",20
Does your son do Scratch? My daughter doesn't do fortnite but Scratch is her favourite internet thing and she would love to add new scratch friends.,"[7, 18]",18
Someone who’s to sad and empty to care about toast... me I guess?,"[7, 25]",25
"It's a last resort when I forget my iPod, I swear","[25, 27]",27
"""We must fight!....to run away..""","[22, 27]",27
"I just came home, what the fuck is this lineup? I love you [NAME] you mad bastard !!!","[2, 18]",18
Unnecessary. This was painfully obvious,"[22, 25]",25
Couldnt they just play music through a speaker? This is hilarious,"[1, 7]",1
"I live next door to this, and I was up late.... How did I not hear this?","[6, 27]",6
How are you punishing him for sneaking food? Why isn't that working? What alternatives have you considered to get him under control?,"[7, 27]",7
"Now is the fun part, where you try to maintain this lifestyle.","[1, 17]",1
I wish I could retort with peep show memes about nazis and pints now. Haha! Cheers,"[1, 8]",8
I was prepared to accept [NAME] for Pirela!,"[4, 27]",4
Ah I didn't realize I was able to do that. I'm still new to Reddit so I am still learning haha thanks!,"[1, 15]",15
I feel that nobody cares and nothing will be different because this is a total non issue for vast majority of people.,"[9, 25]",9
That's really creepy. What is crazy is that 9 year old's get cell phones now! Times have certainly changed :p.,"[3, 26]",3
Oohhh so you go to school on a military base? Is your mom or dad in the military or both?,"[7, 26]",7
"The problem is that data shows graphics sell, gameplay doesn't. It really sucks though, I wish they gave us a toggle at least ","[8, 9]",9
I love this. It's not always the most exciting things that make for the most amazing feelings 😊,"[10, 18]",18
Ok guys I'll watch it. When I finish it I'll tell y'all what I think,"[4, 20]",4
Understood - PM was all gears and no downtime. Last thing I would want is another bloody job like that. Cheers,"[2, 8]",8
They’re all so damn gorgeous. No complaints here lol,"[0, 1]",1
"Thank you OP, I love you (no homo if you’re a male).","[15, 18]",15
It's as though it all melts away the moment you realize it's not true.,"[22, 27]",22
Thank you for that :) I'm not OP but I am really happy to read your comment.,"[15, 17]",15
"Awe, poor baby. ","[5, 25]",25
"This exact scene, as a matter of fact, haha.","[1, 17]",1
"Thanks bud, hope it’s a great one!","[15, 20]",15
"That guy was beyond cringe, it was creepy","[11, 14]",14
"I actually didn't realize that my libido had gone down after getting off hormones, and only noticed it after it reappeared with the IUD :'V","[22, 27]",22
"Unfortunately I'm guessing their toxic attitude will alienate them from others, which will only make them more angry and resentful.","[2, 3]",2
"DEAD DUCK INSIDE DO NOT EAT. Well, I’m not sure what I expected. ","[2, 6]",6
Nah it's cool. We love you. Please don't do terrible things.,"[5, 18]",18
"I'm in Printer's Row, but I do have a car so I might just go check it out. Thanks!","[15, 20]",15
"holy shit that person is a fucking asshole, talk about a huge red flag for your stepbrother.","[2, 3]",2
Hello. I’m sorry you’re going through that. Why do you think it’s impossible to leave?,"[24, 25]",24
I love the aunt. Hope she doesn't back down.,"[18, 20]",20
The line the reviews were not positive made me laugh for some reason.,"[1, 17]",1
Character-wise or fighting-wise?,"[6, 27]",6
"What an awful video. I just wanted to see the jump in real time, not 10 cuts of the start, followed by 1 slomo finish.","[8, 11]",11
Look at her all grown up 😍beautiful.,"[0, 22]",0
I like turtles.,"[17, 18]",18
"I've done it 3-4 times as survivor and never got the trophy. I think I'll try as Killer, will be easier haha.","[1, 9]",1
That's pretty cool. My friends older brother played against him. We all played for Cherokee. Said he was an awesome pitcher.,"[0, 27]",0
"Alright thanks, I was so confused for a sec. Thought [NAME] pointed to an uneven bump on the ground ","[6, 15]",15
Yeah I don't mind the odd hunter or a daddy long legs but fuck those red backs. And whitetails Those cunts are vicious as all hell,"[2, 3]",2
I'm gonna guess other people in the Texans org don't feel he deserves the credit you're giving him.,"[7, 10]",10
Wow starters before 6 min mark?? Insane,"[1, 13, 26]",26
Could be worse. At least he's not the guy who wrote the Witcher books LOL.,"[1, 11]",1
Except [NAME] is worse,"[2, 9, 11]",11
Indeed. And good on those that do so. I wish those I've heard complain about what they don't know would be so proactive.,"[8, 27]",8
What does she want? No sex with you! Your giving up which is what she wants! She wins and you lose. Pretty simple!,"[3, 7, 27]",7
drink ur milk and you'll grow to be a big strong man,"[5, 20]",5
Gangs shooting each other on the streets is not the same as a crazy person going into a school and kill a bunch of innocent kids with an assault rifle.,"[9, 10]",10
"Grammar guy, sorry, but vicarious doesn't work like that. Did you mean various? ","[7, 24]",24
[NAME] I wish you *were* silent,"[3, 8]",8
"Totally agree, but what is Scott's Totts?","[4, 7]",4
Love pasta. Not a fan of cosmos. I’ll take an aperol spritz though 😍,"[18, 20]",18
You realize I hate trump right? You’re super annoying I’m not dealing with this,"[3, 22]",3
Because teams do dumb things when they’re desperate.,"[3, 22]",3
"Yes, I've had this fear. It's even worse when you *don't* say goodbye and then it's the last time you see them.","[3, 14]",3
It's a yes or no question so no you did not directly answer it.,"[6, 27]",6
"The truly great thing about this is how he looks down, disgusted, as if the comment were down there 😂","[0, 11, 20]",0
That was the moment I fell in love with [NAME]. He was also really good in Frier Fall (Free Fall).,"[0, 18]",18
"Thank you for this, so excited!","[13, 15]",15
"LOL thank you for this, it made me genuinely laugh. They're so weird","[1, 15]",15
"Good idea, but unfortunately not running on the weekend. ","[0, 9]",9
What is love,"[7, 18]",18
I would love to get microblading but its so iffy about if it’ll be good or not. I’ve seen a lot of terrible turn outs,"[14, 18]",18
"His loss! A child is the most precious thing life has to offer. Good riddance, you deserve better.","[0, 5]",0
Thanks for the info! I will definitely try my hardest now that I know what to do. I really appreciate your help.,"[0, 4, 15]",15
"Theyre asking for a leak, not a theory","[10, 27]",27
"I like you. Yes, you.","[0, 18]",18
Triggered much druggie? Lol,"[1, 7]",1
"This is most excellent news! Also, glad to know he went on to work somewhere like Google.","[5, 17]",17
Beautiful... Thanks for sharing!,"[0, 15]",15
"Can I just say that the Elizabeth Line is still a bloody stupid name, and no I don't think I'll just get used to it.","[3, 10]",10
Same truly adds to making La Liga the great league it is.,"[0, 4, 20]",0
Thank you for being willing to learn,"[4, 15]",15
Maybe this will convince them we need mass transit! Haha.,"[1, 4]",1
This is the most adorable thing I've seen in a long time. I hope the intro went well.,"[0, 20]",20
I’m so sorry that happened to you. Are you feeling okay now? Thank you for the concern. ❤️❤️❤️,"[5, 7, 15]",15
well i’m proud of you and that’s awesome,"[17, 21]",21
How’d you avoid all of the memes?,"[6, 7]",7
I will pray for your marriage. After we win.,"[5, 27]",5
I don't know him well but I have met him a few times through a mutual friend. Really nice guy and very young for his age.,"[0, 27]",0
That would be very cool and a nice non-HP bar visualization.,"[0, 27]",0
"Glad it finally made it.. I was beginning to think ""[NAME], I hope this guy doesnt think I welched on the bet"". LOL","[17, 20]",17
"You're right, but you forgot to mention they are registered [NAME]","[4, 27]",4
Man I love wicker park and buck town ! Give them their flair !,"[8, 18]",18
"with a locker room like this is looking to be, I don't think Ohio State is done losing games that they shouldn't","[3, 10]",10
"I am sorry that you are experiencing such deep suffering and such pain. You matter in this world, and we would all be diminished without you.","[24, 25]",25
"If you drop your toy gun and someone picks it up and points it at you, you're not going to be threatened by it.","[5, 20]",5
Gotta love the mermaid gems.,"[0, 4, 18]",18
Once we win week 1 next season this sub will turn around lol,"[1, 17]",1
"This is probably a bit buried, but it’s very informative: thank you for taking the time to write it!","[0, 15]",15
Uhh. Okay. Lol.,"[1, 4]",1
"I just can’t. I love you [NAME], thanks for the laughs always x ","[15, 18]",15
I’M HOT ALL THE TIME :( pre-pregnancy I was cold a lot. This is worse.,"[2, 11]",11
That ending made me so fucking happy. Fuck that guy. Congrats to you.,"[0, 17]",17
"I can only download games using SteamCMD at work at the moment, so yeah, glad I could buy it before the shutdown","[4, 17]",17
LOL this. I would love to see that.,"[1, 18]",18
"take up english sometime, you might enjoy it.","[17, 20]",17
Intolerance of what? You keep using these buzzwords but don’t seem to have a clue about what they mean.,"[6, 7]",6
Absolutely terrible. But wholesome aswell.,"[11, 14]",14
Her hair has looked it’s best since around 2015ish. I love the dark hair on her with the subtle pops of color.,"[0, 18]",18
you should definitely negotiate and ask. you have nothing to lose by asking. good luck!,"[15, 20]",20
I put so much thought into things that often I trigger myself unintentionally. I can be hurt before something has a chance to happen.,"[9, 25, 27]",25
I had this back in 2012 so no not at all LOL,"[1, 22]",1
"I still enjoy the content here sometimes, but....finally! This post nailed it.","[0, 17]",17
"Look at you, this is excellent. 👏🏻 I really love this. ","[0, 18]",18
If they add the yellow boots I’ll be happy. I really like this suit,"[17, 18]",17
"Whoa, settle down big texter!!!! Not even sure how that happened?","[6, 26]",6
NOPE. Comox Valley and loving it!!,"[10, 18]",18
Ah. That’s where I left it. Now where are the keys,"[7, 22]",7
Beautiful. I really hope some justice is brought to these people.,"[0, 20]",20
"I need the band name on his hoodie for, professional reasons!","[8, 27]",8
My comment wasn't aimed at you... try to relax,"[10, 27]",10
The amount of Islamophobic media bias is disturbing.,"[3, 9]",3
Where’s the bar on this canoe?,"[6, 7]",7
but then what will the vegans eat?,"[7, 27]",27
This is much better! Good mods [T]/,"[0, 4]",0
I noticed that too! Lol it's bugging me.,"[1, 3]",1
Now you’re repeating yourself. Boy bye #wasteoftime. Have fun trying to call this company and their products bunk when everyone loves them haha,"[1, 17]",1
Aw thank you! Glad you enjoyed it :),"[15, 17]",15
Valid. I think we mentioned in the Discord that exact point the other day.,"[4, 27]",4
We absolutely can't leave the first three rounds without an offensive tackle. Preferably Round 1 or 2,"[6, 27]",27
"Hope you don't touch the menus, they're the filthiest thing in any restaurant. ","[11, 20]",20
Im glad youre going to be a perfect parent who never makes any mistakes. Make sure you write a book!,"[4, 17]",17
"Love it! It’s somewhat realistic. Maybe not that THAT degree, but I enjoyed it.","[17, 18]",18
Is that for hazmat? And thanks bro👊,"[7, 15]",15
Good try now turn the lights on.,"[0, 4]",0
"Thanks, I hate moderation (you must get that joke a lot) ","[3, 15]",15
I'm told I look like [NAME] with a ponytail but I wanna look like [NAME],"[4, 8]",4
"Didnt work for me, but thanks 🙆","[9, 15, 22]",15
"Spoiler alert, it's terrifying and depressiong","[14, 25]",14
I was going to comment the same thing! I love the disheveled newscaster vibe he and [NAME] created for the show.,"[18, 27]",18
I'm hoping this is a 12 year old trying to be funny,"[1, 20]",20
I miss you big strong daddy,"[9, 25]",25
Oh my gosh!!!!!! 😂 you poor thing! Thanks for sharing!,"[15, 25, 26]",15
"Can someone tell me the difference? Sorry, please don't get mad at me...","[7, 24]",24
"I enjoy the harsh throat hit, reminds me of cigs. Edit: Mango is still my favorite though.","[17, 18]",17
*♪… I'm here without you baby But you're still on my lonely mind. I think about you baby and I dream about you all the time. ♪*,"[5, 18]",5
I miss [NAME] wish we could trade back for him!,"[8, 16]",8
You summed it up perfectly. I can’t even say anything else because I have nothing else better to say.,"[0, 4]",4
I’m making pretty decent money doing Gun Rush. I love it. Discovered I like 1-life modes for this game.,"[0, 18]",18
"Lmao, I really messed this up. Loved your replies in the og thread, mate, keep up the good work :). ","[0, 1]",1
Why did you expect to feel comfortable? What have you done to change?,"[6, 7]",7
Finally got this in the mail today. I'm pretty excited. My favorite ballplayer.,"[13, 17]",13
"Can't let it get to you. You tried, got rejected, so move on.. Believe me I know it's discouraging but everyone gets rejected. ","[5, 9]",9
this sort of creativity is awesome to see. play calling done right. chargers going to stomp the pats this weekend,"[0, 17]",0
Such grace.,"[0, 27]",27
"Pretty good, but I would put the bishop on B4 so that the Knight will be in danger of the queen after taking the bishop.","[0, 14]",0
"Cool idea, I’d love one","[0, 18]",18
I spent the entire time trying not to yell at the TV. [NAME] and [NAME] can fuck right off.,"[2, 3]",2
I don't want [NAME] to lose her job is all. She's a rare teacher who loves her job and students once you help her out and all..,"[0, 5]",5
so painful to watch ugh im excited for trade szn,"[13, 25]",13
Thanks. Nice input as always.,"[0, 15]",15
My favorite band :) I recommend them to anyone who is looking for something new to listen to. Fun and unique. I love them so much.,"[4, 18]",18
Wow! What are the odds of that!?,"[7, 26]",26
Credentials are just the type of the iceberg. I know people who got married lying about their marital status and sexual orientation.,"[4, 27]",27
I love how people complain about too many midfielders yet still want [NAME].,"[17, 18]",18
Good luck OP! I'm rooting for you!,"[5, 20]",20
That's a fantastic reply! Thanks.,"[0, 15]",15
"Boondock Saints, a brilliant documentary on the South Boston psyche ","[0, 27]",27
Don't feel guilty. If you don't leave it will be continuing the cycle of abuse for your children.,"[4, 5]",5
It's free hand but thanks for the input 👍,"[4, 15]",15
Don't do that. Only villains do that.,"[10, 27]",10
Watch the movie. Its worth it,"[0, 4]",0
can we get a power stone remake? how about dragons dogma 2?,"[7, 27]",7
Cool story bro!,"[0, 13, 17]",0
"Seriously, you wanna give me singles? Awesome. I don't have to ask management AGAIN for more ones. XD ","[0, 7]",0
This is awesome!,"[0, 13]",0
Great if your traveling abroad is limited or predominantly confined to the continent. Otherwise not so much.,"[0, 20, 22]",0
Don't worry about stupid people and you do whatever you want. Screw them kind of people.,"[2, 5]",5
I don’t understand why he’s being considered by teams. Can someone explain it to me?,"[6, 7]",6
"I’m reading Homegoing by [NAME] and it’s so good! It reminds me of Pachinko, which I also loved. ","[0, 18, 22]",18
This is awesome. I have so much junk in my head that I need to address the way you describe. Thanks for sharing.,"[0, 15]",15
Weeb is confused! Weeb hurt itself in its confusion,"[6, 27]",6
What a sweet “welcome to your new home!”,"[13, 17]",13
Looking through the lives of various figures of the New Atheist movement in the social and political change they sought to create and how it stacked up with reality.,"[4, 27]",27
Sucks even more to be the sons that actually died eh🤔,"[3, 9, 16]",16
Now this I like.,"[17, 18]",18
Thanks love you,"[15, 18]",15
It's like muricans don't want to protect their own jobs and are happy to become low-wage dump and burn workers for the owning class.,"[10, 17]",17
This...is so beautiful. The stuff of dreams for sure. ❤️,"[0, 18]",0
This is really scary. The saddest about this is i really think it will be possible quite soon. :(,"[14, 25]",14
No no I’m repeating it because I absolutely love the descriptor! It made me crack up.,"[10, 18]",18
Ah this is awesome! I would love even just a couple of these.,"[0, 18]",18
I’m glad to see [NAME] finally get the big screen presence they deserve.,"[0, 15, 17]",17
Ha ha ha ha ha ha!!! Thank you.,"[1, 15]",15
Thanks. I appreciate the candor. I also agree with what you’re saying.,"[0, 4, 15]",15
It doesn't matter. You can pick someone with the #1 Pick that will never be any good...,"[9, 10]",10
B + A? Is that [NAME] and [NAME]?,"[7, 27]",27
He had a hat trick with Cruz Azul in what I think was his debut in the CONCACAF Champions League. Really wish he was given more of a chance,"[8, 20]",8
"Yeah, no","[10, 27]",10
How are they assholes?,"[2, 3]",2
I too rationalize how bad my my ex-girlfriend is now that she's gone. 8(,"[22, 25]",25
"How the hell is that comment ""holding the GM accountable""","[2, 3]",2
"Oh lol, source? Just interested to see what changed his mind","[1, 7]",1
Every time I see MCC news I get briefly excited for PC news. I really need to stop :(,"[13, 22]",13
"Yeah, I might have used the wrong word.","[4, 22]",22
That’s unfortunate,"[25, 27]",25
Just drink the bear. Life is too painful and short to worry,"[5, 25]",5
lol ok good. You had me worried that there was something I should have known about.,"[1, 19]",1
looks like got damn shoe leather.,"[2, 3]",3
"trust me, you do not want to do this. i used to live with 2 party people and it was absolute hell. save yourself now","[2, 5]",5
What about for the Switch?,"[6, 7]",7
"Welcome to the club. You'll notice that I didn't say anything about degrees or certification, just the quality of your understanding.","[15, 27]",15
"Yeah it is, I hate it so much, I wish I woke up earlier.","[2, 8]",2
"Ahh, alright. I'd no idea hahah","[1, 4]",1
Happy birthday and cake day! I hope you find a little bit of joy somewhere in your journey today.,"[13, 15, 20]",13
[NAME] vs [NAME] has been a great match... hope [NAME] can give a fight for the fourth set!,"[0, 20]",0
Nice. I'll look around for it. Thanks!,"[0, 15]",15
shitposts are hazardous to your health.,"[5, 27]",27
Are your boys really doing the hand clap meme? Holy crap is this cringey.,"[3, 7, 11]",7
heck,"[2, 26]",2
I just wanted my knees to stop hurting,"[8, 25]",8
I don’t think there is mouse and keyboard support yet,"[10, 22]",10
"I never noticed this, how cool. I will keep an eye out for it! Another death foreshadowed by something small.","[0, 13, 22]",22
I hope someone got fired for that blunder.,"[8, 20]",20
[NAME] nerds thinking they are cool by assigning some bullshit fantasy words to error messages...theater mode is probably just acting up,"[3, 27]",3
natural selection will rape her anyway so...,"[11, 27]",27
lol comment of the night. thank you.,"[1, 15]",15
Plz explain the TeamViewer thing. Im interested.,"[8, 13]",13
it’s amazing how he is already just about my favourite skater ever.,"[0, 4]",0
Consider yourself lucky haha. I used to call my local radio station daily to request they play it ‍♀️,"[1, 4, 22]",1
"Awesome, thanks. Great answer.","[0, 15]",15
I think thats dumb and simplistic. You really can't boil down the sociology of race by comparing it to 2+2=4.,"[3, 10]",3
"Those pearls are the worst, ugh.","[9, 10, 11]",11
"Damn it, karen","[2, 3, 27]",3
Oh gosh dang it,"[9, 26]",26
"Lol sometimes I do feel like punching someone who I feel is whispering about me ,if I am drunk it would be very bad 😂","[1, 3, 20]",1
I agree with you. [NAME] would be awesome here.,"[0, 4]",0
I’m so sorry. Hang in there it’ll get easier.,"[5, 24]",24
This reminds me - I need to feed my horse......thanks AOC,"[15, 22]",15
I'd be so pissed if that was my lunch,"[3, 20]",3
"Oxygen thief is an amazing phrase and I am going to start using it allllll the time, thanks!","[0, 15]",15
Thanks. I appreciate your advice. It is what I was looking for. Thanks again.,"[0, 15]",15
You think they're going to actually compost it or just toss it in the garbage?,"[6, 7]",6
up shut fuck the,"[2, 3]",2
This is quite common on people on such forums. I have a feeling they are a tad sarcastic.,"[4, 27]",27
s p o o k y,"[14, 27]",27
Cause schools the world over teach a unit about Alaska. OP is an oaf who's never left their hometown.,"[3, 27]",27
Sure it's okay. Very sorry for your loss. Your dad's posts kept me coming back here when I was just a lurker. Much appreciation.,"[0, 15, 24, 25]",25
Thanks for the reply. Why'd you delete the sad sack comment?,"[7, 15]",15
you seem fun!,"[1, 17]",17
It's more like depression is the default state. We live in a depressing society.,"[9, 25]",9
"Haha, I love that! :) I'll see if he's interested now","[1, 18]",18
"I expect him to perform similar to 2017, though I'm hoping he breaks out (3~4 WAR).","[8, 20]",20
Wow...Mean [NAME] passed away today. RIP,"[16, 26]",16
No.. that's the exact opposite of what they are.,"[10, 27]",10
Can they do the same to Tyrael while they are at it?,"[7, 27]",27
Fucking pouliot you're shit,"[2, 3]",2
You’re like not wrong but I wanted to play up the immaturity. I’ll go back and edit,"[8, 27]",8
That would be me lol; glad it made you laugh,"[1, 17]",1
"That’s fair, personally the manufactured electronic beat sounds the best to me","[0, 4]",0
"Frankly, I'm continuously shocked that more than 35% of the population actually think he's doing a good job. ","[0, 26]",26
"This was a floating barge of bullshit bound to ignorance, which is headed for a recycle bin on my desktop.","[3, 9]",3
that’s beautiful. are you sure it’s only twelve feet though? it seems much taller,"[0, 6]",0
Try a group called Our Companions website: people who care a great deal.,"[0, 5]",0
"Wow, /r/noisygifs for real. First time I genuinely felt I could hear it.","[17, 26]",26
Congrats I’m very happy for your happy ending. Wish you guys many many years of happiness together,"[15, 17]",17
Fair enough but I would imagine it's a small enough number that we can deal with. Don't throw the baby out with the bathwater...pun intended,"[4, 27]",4
"Thank you, [NAME]. I really like how you've summed up your own ""soft theist"" position. :-)","[0, 15]",15
"My point is we have been shit for the most of the season, today we are just shit in a new formation","[3, 9]",3
"You gotta use the footage that you got haha And yeah of course, my guy.","[1, 5]",1
"This is awesome! Do you want people to RSVP? Or are you doing this first come, first served?","[0, 7]",7
Thank you... I'll try but can't promise anything,"[15, 20]",15
This sounds so painful. I am so sorry. This ED is literally a demon.,"[24, 25]",25
"I think they'd do ok (Sorry but as an INTJ a lack of my thoughts here is also bothering me, too)","[24, 25]",24
Thank you! Does it contain clinical trails?,"[7, 15]",15
That's some wishful thinking if I choose to believe that lol,"[1, 20]",1
"This is great, thank you! I’ll take a read and see what is still available.","[0, 15]",15
Yeah very true,"[4, 27]",4
"Thank you, very good advice - I have been thinking that I need to help and lead more in this area. Good reminder, thank you!","[0, 15]",15
"Me, because I'm a narcissistic bastard.","[2, 3]",2
"Probably because its likely, unfortunately. The question is what happens next for people that are obsolete.","[6, 7, 9]",6
I absolutely love that idea. I went on an anniversary trip with a couple once and it was amazing! We had so much fun.,"[0, 18]",18
Omg I'm crying and shaking rn [NAME] would never say that,"[25, 26]",26
Dang something actually useful rather than a skin we won't use cuz we already have Belzebub,"[20, 27]",27
"Post saved! That looks like a great exercise to try, thank you. ","[0, 15]",15
Haha. Thank you,"[1, 15]",15
"I love this so much, glad [NAME] made it to San Jose after all","[17, 18]",17
"He's both. An edgy neckbeard skinny fat, but he is undeniably funny. ","[1, 4]",1
"Vegetarian, liked animals too. Lets just ignore that stuff about the [NAME], I sure he does not really mean it. ","[4, 5]",4
"That's awesome. I never realized it was attributed to [NAME], though.","[0, 22]",22
"Be strong. I've felt the same way before in my living situation. I hope things go your way, keep us updated!","[5, 20]",20
"I kind of hate it when I agree with you, but definitely do this time. ","[3, 4]",4
Thanks for the advice. It does presuppose that I am able to have that conversation with him though. Will give some thought to how to do it.,"[15, 20]",15
"What pieces of gear are they? That’s my dream build. Like what gear combination for head, arms, chest, weapons, etc","[7, 8]",7
That's awesome! Congrats on all the positive changes!!,"[0, 15]",0
I'm not going to Photoshop that even as a joke because I know someone will find it out of context and take it seriously.,"[10, 22]",22
Haha I actually didn't know about its existence! I honestly wonder how much of that map I've actually seen though. So many hours. Lol,"[1, 6, 26]",1
"Good luck, and godspeed.","[0, 20]",20
My goodness. Your such a fucking manchild.,"[2, 3]",2
Omg so short but such a bop! I’m so excited for her album,"[13, 26]",13
I'm surprised who posted this bc she's normally a sweet women but then there was this,"[0, 26]",26
"I would applaud, but a polite golf clap seems more appropriate. Well done. 👏 👏 ","[0, 4, 20]",4
"Ah, I see you are a man of culture, as well.","[0, 22]",0
"If I'm dipping my crust, it's in marinara sauce EDIT: I love hot sauce on pizza","[18, 27]",18
Oh.... We're still doing this ? Even after [NAME]?,"[6, 7, 26]",26
I loved the reaction the cast of BP gave when they announced Spider Verse won. They couldn’t contain their excitement,"[13, 18]",18
"No thank you, I'm just here to use your bathroom","[15, 27]",15
"Congrats, proud of you ! Hopefully I can follow your lead and get myself out of a similar situation ","[13, 20, 21]",21
Or just head on to Galleon's Grave. I just hate Dagger Tooth.,"[2, 3, 10]",2
My dad has an irrational fear of the dark.,"[3, 14]",14
Can I ask why he isn’t willing? Thanks - I hope it works out for you. Maybe take this time to work on you!,"[7, 15, 20]",15
"You’ve just exemplified your own idea, thank you for further explaining it. I couldn’t agree more.","[10, 15]",15
I don't think you could actually find something that's *unambiguously* racist. That's just how dog whistles work.,"[10, 27]",10
I won't even reply anymore. That radio silence mid convo really gets on my nerves.,"[9, 27]",9
"As much as I'd love to say it's mine, sadly I can't","[18, 25]",18
I’m not signing that 😂 dude can hopefully stay banned,"[10, 20]",20
This is all soooo nice. What nice people.,"[0, 15]",0
This is just a stupid question. The answer is who cares? [NAME] is on an entirely different level from [NAME].,"[3, 10]",3
"Dangerously close to paganophile, so be careful of your spelling for fear of extreme confusion...","[5, 14, 27]",14
"Thanks, glad you enjoyed it!","[15, 17]",15
Hmm thank you. I am not good with words. Can you please elaborate if there is any distinction?,"[7, 15]",15
Am I the only one waiting for [NAME] turn from ‘politics’ to porn?,"[6, 27]",27
Thank you. People always forget that The Happiest Days of Our Lives is essentially part of that song.,"[15, 17]",15
If those are your main issues with IL you are gonna love TX. I hope that doesnt come across as sarcastic.,"[18, 20]",18
"It was pretty good, I didn't have the patience to see *all* the endings myself but spoilers exist on reddit for the curious (; ","[0, 7]",0
Right?!!! But I have learned to love the bitter taste of alp 🤢😭,"[7, 18, 22]",18
"I know, I'm training. Only a semi-cursed word with a number as the user seems coincidental.","[4, 27]",27
I work closely with GoA (but not for them) and I agree. They made a lot of great policy and program decisions.,"[0, 4]",4
Im definitely gonna check the bushes around the burn where everyone throws their targets from now on. Im not over it i feel bad man.,"[2, 25]",25
I WaS KIddInG i loVE U lOLlOL,"[1, 18]",18
No. And not near as much as a gun lol,"[1, 27]",1
This is so sweet and it makes me so happy. But also so sad because I hate seeing families torn apart.,"[17, 25]",25
WW2 has the best supply drops ever,"[0, 4]",0
So I see! Very nice. Thanks for the explanation :),"[0, 15]",15
It's so much worse with a child involved. I'm so sorry you have to go through this.,"[11, 24]",24
"> They are all one entity with the same goals. Agreed, sadly.","[4, 25]",25
For a moment there I thought I was the only one! Pretty awesome and I had no idea,"[0, 12, 13, 26]",0
Wow what a final quarter. [NAME] throwing two intersepts. What a dog,"[0, 26]",26
"Smh. Can y’all stop being so hot? For real though congrats, you two look so happy together!","[0, 17]",17
[NAME] i want to slap the shit out of her,"[2, 3]",2
"I don't know what you are about, but I love your enthusiasm.","[0, 4, 18]",18
I have 100% went to Wendy’s more after realizing I’m attracted to their mascot thanks to sassy twitter memes.,"[0, 15]",15
[NAME] would love it if we rolled over into the hypocrisy of pacifism. The only problem I have with punching [NAME] is making sure your aim is correct.,"[2, 18, 27]",18
"cool, gonna check this game now","[13, 17]",13
Agreed! I’m so excited for her story this season!,"[4, 13]",13
So sorry for taking forever. Do you have an Apple device? I have given up on converting to google sheets.,"[7, 24]",24
Same. OP go hug your mom and tell her she matters to you and your brother. Support and love would be your best bet.,"[5, 18]",5
I'm hoping it will pass but I do know you may be correct. I'm just not sure what to do.,"[6, 20]",20
I agree. You’ll need to ask the school when you interview.,"[4, 8]",4
What the fuck did I just read?,"[2, 3]",2
That is extremely uncomfortable to look at.,"[11, 12]",12
"So happy for you! Keep dancing, dancing is freedom!! Something we feel we will never have again. ","[5, 17]",17
"[NAME], “How dare you show concern for the wounded!” Made me chuckle.","[1, 2, 5, 17]",2
it’s happened before?! love my hometown of beautiful new ken 😂😂,"[7, 18]",18
"All those empty seats smh. Imagine paying $300+ just to see the Rangers get slaughtered at home. And yet, I still want more goals haha.","[1, 17]",1
"[NAME] 31m contract is horrendous, I hated it when he signed it and I hate it now.","[2, 11]",2
I don't even cook the steel cut! I just love the chewiness! I'm usually fuller longer with steel cut too.,"[17, 18]",18
"Given my grandpaernts survived the holocaust and told us everything, we have a horrible yet interesting family humour. ","[13, 14]",13
Impeach “fouty” five!!,"[13, 27]",27
Do you have the car? Why didn't you get copies? What aren't you telling us?,"[7, 9]",7
LPT: If you need more money just get a better job that pays more!,"[4, 5, 20]",20
In the time I've been seeing this he has already lost 3,"[9, 22]",9
"OMG, is this the one that wore white? 😳","[7, 26]",26
We have outlets with timers in every parking spot of all households in Finland.,"[0, 27]",27
This was great!! Thanks,"[0, 15]",15
Good [NAME] ^(that's perfect),"[0, 4]",0
Fuck I’m hungry now.,"[2, 27]",2
"What comment.. When he said I dont think so, or when he realized he was on TV then said I cant say ","[7, 22]",22
[NAME] line of drool made me very happy I waited to watch this til I was eating dinner i love the power hour so much,"[17, 18]",17
Maybe some people are just lucky to have an amazing connection to [NAME],"[0, 20]",0
I'm just an idiot on the internet. I don't know a doggam thing.,"[3, 9, 12]",3
I told him I loved him and he blushed so hard. It was the best. Of course that classic smile was there as well,"[0, 18]",18
Ive been playing it since this post got loads of upvotes ahahha its great,"[0, 1]",0
"Great point, that was a silly assumption for me to make. Thank you for your perspective! Editing the post now. ","[0, 15]",15
This is incredible. I love this album so much. Everybody wants to rule the world is so good.,"[0, 18]",0
"Hope your first day goes well, what type of work are you doing?","[7, 20]",20
"Thanks for sharing this tool, gonna be useful in finding fat right subs to tag with reddit pro tools. ","[4, 15]",15
>Cannot predict now Guess it's on you now /u/smackspr!,"[10, 27]",27
Very interesting video. Thank you for sharing.,"[0, 15]",15
I’m happy I can help.,"[4, 17]",17
Surely the error is lexical. And I think the original comment is poor (non native) idiom use,"[10, 27]",27
don't you get it? It's freedom to kill children now...,"[2, 7]",2
You forgot shinobi,"[22, 27]",22
Wow... That looks great! Would love to get some actual vintage jerseys like that someday. Keep my eyes on eBay. Lol,"[0, 1, 18]",18
Thank you! That's the nicest thing I heard today! I hope you get the same positive energy you put in out ten fold!,"[0, 15, 20]",15
"ASMR is a weird sexual fetish for incels, and dont let anyone try and convince you otherwise.","[3, 10]",3
" goat handshake denied Personally, I just think [NAME] was scared of touching such a relic as is [NAME] hand","[14, 27]",14
it's horrid :/,"[14, 27]",14
Fuck these trendy hipster joints. Give me my shit like normal fucking people.,"[2, 3]",2
Sorry I kind of took it like you were flexing on my or my opponents skill or something lmao,"[1, 24]",24
"Your paranoia over it seems schizophrenic to me. Just in case you are not, please elaborate on why this is important to society.","[7, 27]",7
Lol! But I love your last name though. XD,"[1, 18]",1
"It's great that you're a recovering addict, that's cool. Have you ever tried DMT?","[0, 7]",0
"if the pain doesn't go away after 4 hours or so, it's broke.","[25, 27]",25
"Watch Vegan Gains’ video on that, he had it when he was like 13, highly doubt he was juicing then","[6, 27]",6
This guy is a little turd but I love him so dearly. I'll pass on your kisses :),"[0, 18]",18
"i mean, yeah tbh.","[4, 27]",4
in what universe? lol the mr. blue sky cover is one of the best on the album imo.,"[0, 1]",1
"""But Aunt [NAME], I don't *want* to send Grandma back to Italy!""","[10, 27]",10
"I thought it said “now my biggest fear is the thing living inside my casket” like, *weet doo feek?!*","[14, 27]",14
I know people around here may mock me from my optimism but what if we get actual desings for the crusaders in Heroes?,"[6, 20]",6
Lol looks delicious,"[0, 1]",1
"You gotta work on you dude!! If you're not confident you're not ready, get yourself straight And all will fall into place. ","[5, 20]",5
Man I hate double standards. I love the show but change the word ‘white’ to ‘black’ and it’s suddenly not funny anymore,"[10, 18]",18
Some great advice right here!!!!!! I forgot about this,"[0, 22]",0
What you mean you weren’t looking forward to that scene? ;),"[7, 27]",7
"I’m so proud of you for taking care of you and your babies, mama! We love you and stay strong.","[5, 18]",5
Wouldn't wipe my arse with it.,"[3, 27]",27
"Based on what I've seen, all the INFJ girls seem to be blue-haired damaged moonquacks that got abandoned by daddy.","[3, 27]",27
"My girl has slowly been getting more and more into different [NAME] music, but she will always make it a point to play this track. I love it","[17, 18]",18
"Or finishing in 91 minutes and sitting there for another half hour, bursting for a piss","[3, 27]",27
"I love that quote, thank you ","[15, 18]",15
"The original is funnier... or at least it's funny, to begin with.","[1, 4]",1
Point proven. Thanks,"[4, 15]",15
Just be honest with this person. Sorry I didn’t read the whole thing I don’t have time rn :(,"[5, 24]",24
"And [NAME], would again like to apologize for any misunderstanding.","[24, 25]",24
My dad also told me the car went underwater the first time we went to the Eastern Shore and I completely forgot about it until I read this comment.,"[22, 27]",22
"Didn't know that sub, thanks!","[15, 22]",15
That's the purpose of the experiment.,"[22, 27]",27
That was an incredibly dumb thing to do. [NAME] is an idiot for trusting her.,"[3, 10, 11]",3
"Yes, he did. ","[4, 27]",4
thats amazing!! Congrats!,"[0, 17]",0
Lol dont mess with [NAME]!,"[1, 3]",1
I've always wanted one of those but like worry it'll make a huge mess in my washer,"[8, 20]",8
This is scary and so very sad. Eleven??? A baby! I was still building forts. I weep for this child.,"[14, 25]",25
"So she knows of 3 languages, Wonder what they are?","[7, 26]",26
I think teams will still cut the cross-seam that made [NAME] and [NAME] so deadly last year. This is awesome nonetheless.,"[0, 20]",0
I much prefer when the CB is given a taste of their own medicine. Far more satisfying than being polite. This one is great!,"[0, 4]",0
"I downloaded this album yesterday, and love it!","[4, 18]",18
"Losing my identity, wondering have I gone insane...","[25, 26]",26
I always fall for this joke on here..,"[1, 27]",1
"Other than a lame attempt of being insulting, what part of anything you said has anything to do with what I said?","[3, 6, 7]",7
But they didn't because it's fake.,"[10, 27]",10
Yes. Ignore and move on,"[4, 5]",4
"Happy? Not really, but glad we can come to a conclusion to my offhand semi in jest reply.","[7, 17]",17
This doesn't belong on the competitive sub; it doesn't have anything to do with the competitive aspect of the game.,"[4, 10]",10
Break up and be firm about. You’ve already admitted to being dishonest. Why lead him on?,"[3, 6, 7]",7
I know. I didn't say I agreed with it did I?,"[4, 27]",4
Lol omg yesssss. Probably the best suggestion anyone ever told me 🙌🏼,"[0, 1, 4]",1
I like this feeling,"[0, 18]",18
Don't include me in this us! Just kidding.. We need some love and fast.,"[17, 18]",18
All it takes is just a bit Practice and thanks!,"[5, 15]",15
Which side story? Thanks for the info!,"[6, 15]",15
I believe in you. Do what is right for you. I hope you feel better soon too. ♥️🙂,"[5, 20]",20
I was there in 89-91. Some of the best years of my life.,"[0, 17]",0
That specific block is probably one of the worst in the city.,"[10, 11]",11
The reaction was contained under the bandaid due to big pharma’s nanobot technology to help disguise the TRUTH. :P,"[22, 27]",22
Ah yes I used to enjoy those. Before the dark times. Before the days of a FOX less Netflix.,"[4, 17]",17
made my first reddit account to downvote this. thanks?,"[15, 27]",15
Before telling you anything....what exactly do you want out of this?,"[7, 27]",7
Well thanks for sharing. I loved it. Do you know of any others from them that aren't well known?,"[15, 18]",15
This internet stranger is also super proud of you! Way to go!!!,"[0, 21]",0
Oi us cancers don’t want him either! We respectfully pass his birthday to April,"[0, 10]",10
I agree!!! His character has grown so much throughout the entire series and I was very disappointed that he ended up with her.,"[4, 9]",9
Probably the most rational way to look at this entire scenario - thanks for posting this my dude. That comment set me straight again.,"[15, 20]",15
Surprise my what now?,"[7, 26]",26
"Glad you enjoyed man, yeah it was pretty spontaneous too, I was praying I wasnt about to pull some bartard move and get jammed lol.","[0, 1, 17]",17
I'm here again to say I love your art and it brings me joy when you post it on this sub bye!,"[17, 18]",18
True! He probably is just lonely. Thank you for the kind words :),"[5, 15]",15
"That made me smile. Thank you!! And yes, definitely replacing her on my reference list lol. ","[1, 15]",15
What a cute little accident you turned out to be,"[0, 27]",0
"That's horrible, good to know she is with an awesome guy.","[0, 11]",0
Good luck and have fun,"[17, 20]",17
"Congrats! Enjoy a free slice, I think you know what to do with this 🍕","[15, 17]",17
"Thanks so much, I appreciate the feedback and will send it along the way.","[0, 15]",15
oh cool! Must be tiring for [NAME] though. Looking forward to watching them!,"[0, 13, 20]",0
No worries! 😊,"[4, 5]",5
I met bf of 3 yrs on it,"[22, 27]",27
"Maybe he *did* leave the building. If you can't find him, he could've left without you knowing. Is that better or worse?","[6, 7]",7
"Anything intelligent to say, sometime maybe perhaps?","[7, 27]",27
"“[NAME], I tried to make ramen in the coffee pot and I broke everything” - [NAME]","[9, 24]",9
Great post thank you ❤️,"[0, 15]",15
"Really? wow. I just reinstalled chrome from scratch, again. So it was Ghostery that caused the full screen issues?","[22, 26]",26
"As a Cardinals man i agree, makes me want to deck the cunt but hes huge and i love him, so conflicted","[4, 18]",18
"Yay, coming out is hard, you're lucky that they didnt avoid you for the next month, I'm happy for you","[5, 17, 23]",17
Personally I would take some time to myself and work on spending time with my family since I love them more than my job.,"[5, 18]",18
"Well that sucks. But still if you refuses the test you'd probably have been charged, which is worse.","[2, 3]",3
Brilliant! I have absolutely no idea what's going on.,"[0, 6]",0
Cheers for the reply ;),"[13, 17]",17
you really think the walls gonna cost 5 billion?,"[7, 27]",27
Would you like a friend? I sure could use one.,"[4, 7]",4
"You have to live for you. Go get that education, go get that career. Rediscover yourself.","[5, 20]",5
"I binged that podcast in about 2 days at work. Amazing. The convention for Limelight, and how emotional they got for those poor women was heartbreaking.","[0, 25]",25
"She looks like a petite adult to me, her face is obviously adult","[0, 27]",27
"Thank you, I hope you do too. You can always message me if you need to talk.","[15, 20]",15
But but r/49ers said it was just bad luck!,"[9, 25]",9
Guys how are we doing? Asking because dumb TV in my country prefers Copa d'Italia to fucking Real Madrid lol,"[1, 3, 5]",1
"You're right. Respect and honesty has never changed for me, though I realize that's naive","[4, 22]",22
"Vitamin C is water soluble, you literally piss excess amount.","[3, 27]",3
They are new but got over 100 reviews in less than a month so I'm assuming they are just slammed. Thanks for the input,"[0, 15]",15
"I LOVE IT, I would love if they will make season 2... I really enjoyed it","[17, 18]",18
you're hilarious. Thanks for the entertainment this morning.,"[1, 15]",15
"Exactly, you need a Hollywood woman of age to pair off with him. Past 35 should be fine right?","[4, 7]",4
"This post made me smile, cute doggo ","[0, 17]",0
"Damn, that was brilliantly put. Thank you. I screenshotted it to use on Twitter. Is that ok? ","[0, 7, 15]",15
"That may be — we are talking about the stock market, though. :)","[17, 27]",27
This caught me off guard for real. I actually off my bed laughing. +1,"[1, 26]",1
Thanks for the info! Great pic. I’ve saved it.,"[0, 15]",15
Having good people around you is the most important part i am glad you found some good friends:),"[0, 5]",5
"Nice, I saw them during the Demo and was pretty impressed ","[0, 4]",0
Yep i always say this. Absolutely best case scenario is a foul ball. If he puts it in play it's probably a dribbler.,"[4, 27]",4
Can’t believe a club paid $550k for Sandow that’s absurd.,"[26, 27]",26
"I am really sorry for you, but oh my [NAME] this made me cry laughing. I hope the cat learns to like you eventually","[1, 24]",24
I wouldn’t mind [NAME] on a 4 year contract,"[4, 27]",27
The inventor of the joke came up with it during the [NAME] administration.,"[1, 27]",1
Great! I love hotsssssssssssss,"[0, 18]",18
I would love it ... how does the chat thing work I’m pretty new here,"[7, 18]",18
"Meditate. You may need to seek medical help. Good luck, friend.","[5, 15]",5
I love [NAME] as well! He seems like a genuinely nice celebrity,"[0, 18]",18
[NAME]. Starring [NAME] as the goofy and lovable [NAME].,"[18, 27]",27
"Remember, we still have freakin' Alaska","[22, 27]",22
"What bothers me is not the fact that someone disagrees with my lifestyle, it's that they constantly go on and on about..that would annoy anyone.","[3, 9]",3
Thanks. And wow! Nice burn.,"[0, 13, 15]",15
I love this contract structure especially since [NAME] is only 31.,"[0, 18]",18
"Maybe she was attempting to be ironic? I dunno, man, people are just an enigma.","[6, 27]",6
"Oh I thought this was about the Pistons making the playoffs. Since I wasn't paying attention to them, I actually thought it was possible. Ahahahahaha!","[22, 26]",22
"oh, rich people loooooooooooooooooooove to prey on the poor, they couldn't bear not raping, mocking, humiliating, profiting from, the 99%","[18, 27]",27
Fantastic thanks! If there’s anything I can do to help you out with the interview or your first year teaching let me know!,"[5, 15]",15
Wrong. And UBI sucks unless you include an expansive social safety net too,"[3, 9]",3
Imagine what he thinks of TLJ...,"[7, 27]",7
Wow you really can’t handle losing can you?,"[7, 26]",26
"Cheers to that, girl. 🥂 ","[0, 17]",17
Dumb question: what's a gilding train?,"[3, 6, 27]",6
American democracy is weak but it's not dead. If the intention of your comment was to discourage people from voting then you are the problem.,"[3, 10]",10
"So which is more profitable for producers, brick n mortar or digital distribution? Which makes more money?","[7, 27]",7
"SHE. IS. THE. FUCKING. WORST. P.S. You’re not fat, you just need a stylist. 🙄","[2, 10, 11]",11
Lol I hate this too!,"[1, 11]",1
Great post! I have tried online dating in the past and I've noticed these things before.,"[0, 22]",22
I’d be verrrrrrrry nervous if we hired him. Would love him as an OC tho,"[18, 19]",18
I wondered the same thing. I never knew that this is a thing.,"[22, 26]",26
I really like this ring so I’m glad to hear that.,"[0, 17]",17
I'm just really sad all that cake was wasted.,"[9, 25]",25
... I don't feel like your comment is from an objective point of view... Thanks though.,"[10, 15]",15
Honestly right now I just need to know why our usernames are so similar. Haha...,"[1, 7]",1
"Wow, really have to hand it to you on knowing 6600 S Harvard beautiful big old homes down there!","[0, 26]",0
"Omg actually?! I mean no judgment , I am just SHOOK ","[7, 26]",26
"Yes, you do live in a clown world, laugh it up, degenerate.","[1, 4, 27]",1
Man I love this team. No I hate this team. No I love this team!,"[2, 18]",18
This a very obvious joke. Also the old facepalm picture doesn't make your post better.,"[1, 17]",1
Way to go! I know who this couple is! they appear really happy!,"[13, 17]",17
Personally really enjoyed it. Have it in my top 3 AC games with AC2 and Black Flag in there too.,"[13, 17]",17
Did anyone see [NAME] get pushed around by [NAME] and [NAME] in the post win lineup? I burst out laughing!,"[1, 7]",7
I know right. It feels really good when someone acknowledges your existence. I hope more moments like these come for you.,"[4, 20]",20
Wow. Did u say yes?,"[7, 26]",26
His returns or his W2?,"[6, 27]",6
It's good if you hate workers and love pollution,"[0, 18]",18
our boi famous,"[0, 27]",27
We're one in the same!!!!!!!!!!!😂😂😂😂,"[4, 13, 27]",4
Good. They can afford it.,"[0, 4]",0
I honestly loved her performance as [NAME] in Scott Pilgrim. But then again I also love Scott Pilgrim so...,"[0, 18]",18
Sorry you can’t enjoy things cause other people enjoy them lol. Your loss,"[1, 25]",1
"Hm, I haven’t heard that opinion before but it sounds good. Thanks for the advice!","[0, 15]",15
Oh of course!,"[4, 22, 26]",26
Officially worse than Telkom. Well done vuma,"[0, 11]",11
"[NAME] being discussed as top 15-20 pick, [NAME] top 5 and [NAME] early round 2. This would be the most amazing draft ever though lol","[0, 1]",0
"I love reading positive stories!! Happy for you, OP!","[17, 18]",18
Pretty sure it was New Orleans.,"[4, 20]",4
"I never understood the part where he dives into a pile of money, even as a child. It seems wildly painful.","[7, 25]",25
"Funny how that works! Thanks for digging up the link, I've been on a 90s ska nostalgia trip ever since I clicked it :P","[1, 15]",15
"Thanks, I find your poor implementation of punctuation to be very amusing. It's good that there's something we can enjoy about each other.","[1, 15, 17]",15
"I've said it before, and I'll say it again. ""I don't want fucking unity with racists who put children in cages"".","[2, 3]",2
He was a part owner but did he also make videos promoting the sites?,"[7, 22]",7
"Doubt that. Skins for [NAME], [NAME] and [NAME] don't change the shape of their wings, so why should they for [NAME]?","[6, 7]",6
"I don’t really have much to say. There’s a bad idea, and there’s straight up disgusting.","[10, 11]",11
You should like a troll. Not saying you are.,"[10, 18]",10
"She does it again in last nights episode, it’s so shady!!","[3, 27]",27
"This makes me very happy, thank you for sharing!","[15, 17]",15
Did you maybe get Tag and Hide and Seek confused ?,"[6, 7]",6
Needed a good laugh today 😂,"[1, 8]",8
""" Alright Little orphan [NAME], it's time for you to start earning your keep around here!""","[5, 20]",5
"I doubt I'll ever own one of those, I'm a bookworm and I love the smell of old books. Thanks for the info, nonetheless.","[15, 18]",15
Humanity is doomed,"[9, 27]",27
Oh absolutely. No way he should run in 2020. I don't know what alternatives there are though.,"[6, 10]",6
THIS IS SO GOOD. Thank you!!!,"[0, 15]",15
"This is a very good point, which I hadn't thought of. Thanks dull!","[0, 15]",15
Awesome! Welcome aboard! I'm glad your first game was a win!,"[0, 15]",15
"I am proud of you random internet stranger, you peopled good today.","[0, 21]",21
Thanks for this.😊 I like to learn new things. #experiencematters **Themoreyouknow**🌈 ,"[15, 18]",15
Yep. He also said it’d happen on a Manbij patrol,"[4, 27]",4
"Fair enough, but that doesn't mean she won't in 2020.","[4, 10]",10
I didn't know of [NAME] before I saw that episode. I fucking love that man and have watched an unhealthy amount of him since.,"[9, 18]",18
Your link won't load and are you seriously citing fucking Syria as a successful example of anything? [NAME] holy motherfucking pecker.,"[2, 10]",2
Dude you really like The Strokes.,"[4, 18]",18
So true. The chicks I pick up from clubbing are nothing compared to the love of a good woman.,"[4, 18]",18
Wouldn’t be shocked for a lot of those guys to follow him to TB.,"[26, 27]",26
"Wow that's amazing, I hope my situation is as good next year. ","[0, 20]",20
Wow! That's awesome! Congratulations! Its wonderful to have hope of being off medications one day.,"[0, 17, 20, 26]",0
"""This droid has a bad motivator.""","[9, 11]",9
Yeah after I showed it to my friend a few minutes later I realized what he meant but I forgot to remove my post.,"[12, 22]",22
"The co-worker thing is generally for the best,the rest I agree.","[0, 4, 27]",4
Thanks lol someone else just filled me in on the backstory haha 😂,"[1, 15]",1
[NAME] and [NAME] are my favorite gay couple,"[0, 18]",18
Try wearing something unattractive when that student is around.,"[14, 27]",27
"Ha ha ha, thank you so much, he is a total gentleman. Ok, bull by the horns time!","[1, 15]",15
i actually laughed at that lol good one man,"[1, 17]",1
"I mean, a lot of animals I've seen get terrified of regular stuffed animals, imagine having your fears super sized like that","[14, 19]",14
"Seriously, I’ve been catching and loving this one since it first came out.","[0, 4, 18]",4
Seriously. The only thing that gave it away was no spelling errors.,"[3, 27]",3
This has to be a joke...,"[1, 26]",1
"You look the same to me, but I'm happy you had a goal and accomplished it!! You're a cutie !! ","[0, 17]",17
Just watched the ET interview and it really was good! Love that hoodie strategy haha,"[0, 18]",18
Worst dad ever!,"[2, 9, 11]",11
"Thank you, I appreciate it. It was, and still is hard to deal with. ","[0, 15]",15
Thank you so much. I am sorry for what happened to you.,"[15, 25]",15
Aha thank you!. I didn't know there is a ca one,"[15, 22]",15
"Greetings, fellow resident of a rectangle with a pointy bit in the corner.","[15, 27]",27
He a cute sneck,"[0, 27]",0
"I haaaaaate vanilla scents and they are a 100% NOPE for me. I wear more neutral/woodsy scents and boyfriend loves it, so win.","[2, 18]",18
Well done OP for acting on your words. I hope you have a great day together!,"[0, 20]",20
This is awesome! do you have any more artwork on a website or social site? Is this for sale!?,"[0, 7]",7
I can't wait to see what us skilled workers get. Thanks government for telling businesses how to run and wrangle unskilled workers with no ambition.,"[13, 15]",15
See you all tomorrow for FIN - USA! End of the evening iguana,"[20, 27]",27
yeah you're right. i just glanced over and thought it was a swish haha,"[1, 4]",1
I love that you made sure not to let the last 4 or 5 fall over. That’s important.,"[4, 18]",18
"I knew you had kids, i didnt know they were old enough join the military lol. Well happy bday to your son, dad. ","[1, 17]",1
I hope your daughter gets the help she needs and someday gets better.,"[8, 20]",20
Yeah super confused about that considering it was only [NAME] she had beef with lol,"[1, 6]",1
Noice! I hope to improve my Mika with this~ Thank you and may the Muscle Spirit be with you!,"[15, 20]",15
"Hey, [NAME] isn't *that* annoying","[3, 7]",3
Enjoy :) You won't regret it. The first couple seasons will be a little confusing but wiki helped me understand this show a lot!,"[17, 20]",17
"I have no idea, lol. Have my upvote.","[1, 6]",1
I think it was [NAME] and I'm not even convinced [NAME] caught on to it lol. Then he was made to be the moron.,"[1, 3]",1
Op is likely young and clueless. There’s likely a reason they’re in retail.,"[4, 27]",27
"You're my mvp for the night haha. I'll drop by there tonight, thanks!","[1, 15]",15
It kinda makes sense. What’s the debate here?,"[7, 27]",7
Enough food to feed the whole village just wasted,"[9, 27]",9
The uncanny valley of creepy.,"[14, 27]",14
I want to thank you for seriously entertaining me today. Best clip ever.,"[0, 15]",15
If people don't act the way I want it is because they have bad reasons. Lol,"[1, 10]",1
I wish I could be desensitized to my sadness sometimes lol,"[1, 8, 25]",8
"I realize that, but the picture is still funny","[1, 22]",1
Oh my [NAME] yea!,"[4, 26]",26
I'm [RELIGION] and I'm disgusting lol,"[1, 11]",1
I agree totally. Talk about fucking insanely bizarre. He's stuck in the shining,"[3, 4]",3
Yeah well first god says it’s an abomination. Also if people find out everyone will hate me and my parents will be extremely angry,"[2, 20]",2
"Good meme, but unfortunately the pic is fake. ","[0, 9]",0
"OP, u/christiangreyisdraco and u/lurkerturndcommenter, thank you for trying to make the point about focus. I appreciate your many attempts!","[0, 15]",15
Are you okay?,"[5, 7]",5
We’ve bombed plenty of innocent people. How is it any different?,"[7, 27]",7
Not pay for the child he helped create? Wow... great advice.,"[0, 7]",0
gotta love the random spidey head to the left on the third shelf,"[0, 18]",18
How many wins are they into those ranks and at what winrate. Regardless thanks for the info.,"[7, 15]",15
Wondering why this hasn’t been made a thing yet 😂,"[22, 26]",26
I love your response. I wish I were this witty.,"[8, 18]",18
I just say i appreciate the depths of these Boiler Room vid are like this.,"[0, 4]",0
"LOL you are mental ,love it","[1, 18]",18
This is adorable! But I don’t understand how he does that😂,"[0, 6]",6
Saving this. Happy 2019 to ya!,"[13, 17]",17
Not sure how kittens “lol” but I’ll take your word for it.,"[1, 4]",1
How is [NAME] fleshed out? His entire role in ep1 was that he cooks. He's about as important as [NAME].,"[6, 7]",7
"I mean, I hope so. I bought his jersey, which would be embarrassing if he was out the league in two years.","[12, 20]",20
Omg I thought you were paraphrasing. I'm so happy that those were the exact words they said.,"[17, 26]",26
I love that username,"[0, 18]",18
Great game. Love winning in NOLA.,"[0, 18]",18
(#1)Just love him/her (#2) Be forgiving,"[5, 18]",18
This is so bad that I immediately retold it to everyone I know.,"[9, 12]",9
Lol sounds great but that's probably not what the OP wants to hear 😉,"[0, 1, 20]",1
AS..... YOU.... WISSHHH!!!.. Inconceivable! My first ever silver. Thank you kind stranger.,"[15, 17]",15
"Glad to see you were able to get this worked out, thx for the update! ","[15, 17]",15
Oh my god are you [NAME]? If you are I am huge fan. I completed the IX EE earlier today using your guide,"[13, 26]",26
"Thought you were gonna go steak with ketchup in that last bit, ya pulled a sneaky","[22, 27]",22
>The only way change will happen is when the national media actually focuses on them. Precisely what a protest is aimed at engendering.,"[4, 27]",27
"Omg what the ever loving bloody hell did I just read?? As an artist, this was extra painful to me.","[25, 26]",26
I've always found it weird how popular Nandos is in Britain.,"[11, 26]",11
"Thanks man, I appreciate it, I love her but this was way to far, thanks man 💜","[0, 15]",15
"Hey, thank you. :) I appreciate it.","[0, 15]",15
That sounds so awesome. Thanks for talking about it.,"[0, 15]",15
This is bloody disgusting.,"[2, 11]",11
"That’s a good idea, thanks","[0, 15]",15
"Weirdly enough Salad Fingers is one of [NAME] weaker animations, highly recommend ‘The Unfixable Thought Machine’","[11, 27]",27
Lots of internalized rage and mom guilt daily leading to a good shower cry once a week or so.,"[2, 25]",25
"Just out of curiosity, what age group are you? Your boyfriend seems real decent nut the scenario sounds like teenagers I'm confused!","[6, 7]",7
"If y'all didn't like OKC before, you hate 'em now.","[2, 10]",2
"Okay. Thanks for the information, I guess? I'm not really sure what your point is. ","[6, 15]",15
A *Pontiac* Montana?,"[7, 27]",27
Thanks for your comment. This makes sense with the time frames too.,"[4, 15]",15
"YAAAS! Even though you're a stranger on the internet, this has made my day.","[13, 17]",13
"Right, but we want to shit talk them directly. Not agree with other people shit talking them.","[3, 10]",3
I feel like I have to call bs on this one. I hope lol,"[1, 20]",1
"Thank you for writing this, for letting us into your world so that we can better understand our own. I am very grateful for this gift.","[15, 17]",15
"I don't wanna be controversial, but the streak might end...","[10, 20]",10
The only death that made me feel any emotion. And it wasn’t even the death itself.,"[16, 25]",16
Lets see how [NAME] goes in Round 6,"[7, 27]",7
I'm saying your question is irrelevant to the post's topic. Stop being passive aggressive.,"[2, 10]",2
Only 2 days ?,"[7, 27]",27
I love this. Thank you,"[15, 18]",15
"I just got banned from one of his subreddits, I haven't been this excited for a ban since the snap from /r/thanosdidnothingwrong!","[9, 13]",13
[NAME] has been a pleasant surprise,"[26, 27]",26
Has Medicaid stopped? Most people I know who support this want Medicare or Medicaid for all.,"[7, 8]",8
Thanks for your kind words. They made me tear up a bit.,"[15, 25]",15
For the record I don’t necessarily want him either. I just think he’s a compelling person.,"[10, 20]",10
I have trophy jeans and a trophy bra! Although RIP my boobs because they were the one thing I liked about my body back then :),"[9, 27]",27
Don't do [NAME] dirty like this smh,"[3, 10]",10
"I don’t know ,I kinda find this funny","[1, 6]",1
I used to do shit like this...back when I had a serious drinking problem I was in denial about,"[3, 10]",3
I've invested 9 goddamn years watching these twits. I'm going down with the ship.,"[3, 9]",3
"Totally agree, except I usually (this occasion included) lack the pity haha.","[1, 4]",1
Boner. I'd have the weirdest boner.,"[12, 27]",27
I enjoy gameplay grind. Don't shoot me lol.,"[1, 17]",1
"lmaooo you're right I did mean [NAME] by that haha ""she"" lol","[1, 4]",1
"Wow. These people really deserve some *clove*, especially on subshops.","[0, 26]",26
You’re so perfect :),"[0, 17]",0
Welcome to Reddit!,"[13, 15]",15
I know they don’t want it. I just wish they did.,"[8, 9]",8
That’s awesome! Heal up quickly,"[0, 5]",0
"Thanks, it’s funny how to me this seemed a leap but not one person agrees, lol","[1, 15]",1
You sound like you're going to be a great PA! Good luck in your new career.,"[0, 5, 20]",5
"Grew up watching avatar and [NAME] is one of my favorite video game protagonists, especially when RDR2 came out. ","[18, 27]",18
Vote every one of them out that was quoted as being upset about the wire and not the corruption.,"[3, 9]",9
i never thought i would read the phrase 600 lb cinematic universe but i am glad i did,"[17, 22]",17
"lol Whatever that proves, sure.","[1, 27]",1
My condolences.,"[16, 25]",25
Has any news been confirmed of whose playing [NAME]. I hope we see him soon to grasp how charasmatic he can be,"[4, 20]",20
Glad I'm not the only one,"[17, 23]",23
"So America and the USSR are the exact same thing to you? Sorry you're so small minded, hope you learn to grow in the future.","[20, 24]",20
Great pick! Especially when I realized she was meant to lose yesterday...good luck!,"[0, 20]",20
[NAME] scratched again lmao. Lines are good though. Pretty optimal considering what we have imo. I like [NAME] playing with [NAME],"[1, 18]",1
What the hell kind of university schedules a class at 6am?,"[2, 3]",2
"True, but it is deceptive when dealing with c diff, it may give them a false sense of security.","[4, 10]",4
You're an idiot and no one believes you and your telegram jerk-off buddies.,"[2, 3, 9]",2
You’re doing so good! We’re all so proud!,"[0, 21]",21
Thanks [NAME] for winning so we don't have to see so much of [NAME] laughable career dwindling away.,"[0, 15]",15
Sadly no... I’m in Delaware 😩. But I’d love to help in any way I can. Keep me posted. ,"[18, 25]",18
Just take them and get them vaccinated without his knowledge. Only one parent is needed. Dont even tell him after it's done.,"[5, 27]",27
"I see you with Zangetsu, and I like it","[0, 18]",18
Looks like backyard [NAME] and the gang have a new member... [NAME]!,"[20, 27]",27
Also N.e.r.d and [NAME] reference lmao,"[1, 27]",1
"Unfortunately, successful and rich people blame foreigners too :(","[9, 25]",25
When you insult someone you might want to start by insulting them to where they can understand what you're trying to say...who givES A fuck .,"[2, 3]",3
I love it! It’s strangely charming lol!!! Especially when she comes back to camera speaking normally.,"[1, 18]",18
"My thoughts exactly, I hope [NAME] doesn't get too much hate.","[4, 20]",20
"Laughing at ""indoctrinated by traditional values"". Good luck in life.","[3, 20]",20
I'm not too excited to see [NAME] and [NAME] throwback offense again. Run 3 times punt and play great defense. Zzzzzz.,"[13, 27]",13
Also since so many are forgoing children or having fewer the is less needed to purchase very large homes.,"[4, 27]",4
**LET’S GO HAWKS!!!**,"[13, 27]",27
"It would be a surprise to be sure, but a welcome one.","[20, 26]",26
I honestly miss [NAME],"[22, 25]",25
Thanks for the advice I really appreciate it and I hope you're doing better now!,"[0, 15]",15
Watching [NAME] flip his head back every poke of contact is possibly the most frustrating thing to watch,"[3, 27]",27
thats even scarier haha,"[1, 14]",1
Isn’t it the worst feeling ever?,"[6, 11]",11
Wow. Did not realize [NAME] was a top 20,"[22, 26]",26
More then a handful is to much anyways. You're all good lady. Confidence is sexy,"[0, 4]",0
"The username makes it even better, sucking a dudes toes, who is [NAME]. Man I'm jealous ","[2, 3]",3
I want someone to take me to the hospital,"[8, 19, 25]",8
That’s awesome!,"[0, 13]",0
I admit I’ll be fairly happy if we continue to invest in young internationals and sign a $100+ mil free agent every offseason.,"[4, 17]",17
Reacting to [NAME] at this point just makes me feel worse about the artist.,"[3, 11]",11
"Yeah, I was thinking they would be super cute with black heels and a snug black crop top.","[0, 4]",0
"To be fair, I will also continue to jerk off to pictures of [NAME] in shorts He looks so good in them","[0, 4]",0
Filthy birdbrain-loving scum barely deserve the bullets needed to boot them off the mountain. Moreiya 4 life,"[2, 3]",2
Lol.... i guess your personal experience explains everything.... personally I've seen this play out numerous times in the work place..... so.....,"[1, 22]",1
who tf has twitter on light mode,"[7, 27]",27
"Thanks, I love it.","[15, 18]",15
"Oh dear, I'm so sorry you are going through this. I don't have any sage advice but I hope things get better for you.","[20, 24]",24
"Nope, from Nebraska why? Lmao","[1, 7]",1
Thanks for posting this OP. Many times people change their minds and do the right thing but unfortunately we don't hear about it.,"[15, 22]",15
"My feelings exactly. First thought, a sarcastic 'Thanks.'","[3, 15]",15
"Most likely. If he falls to our 3rd round pick ,I think we should definitely take him.","[4, 27]",4
WHAT IS HAPPENING,"[6, 7]",6
"Have nobody thought of the giant tech corporation selling overpriced, inferior products to sheep customers? That's odd.","[10, 27]",27
Not sure if very professional image journalist or avid porn enthusiast but good job all the same!,"[0, 6]",6
Honestly you should have gone nuclear on him,"[3, 27]",27
Organizational Change Manager and I fucking love it and have for 7 years. Still enjoy going to work every day.,"[17, 18]",17
That was hot!,"[0, 27]",0
Really good point here. Thanks.,"[0, 15]",15
No way society should pay for your child when you are perfectly capable.,"[3, 10]",3
"Awesome, let's celebrate! Send the free pack over here ;)","[0, 17]",17
"His wounds weren’t that bad, but probably got infected. Antibiotics fixed him. Good as new. ","[4, 5]",4
"You must be ecstatic, I'm really happy for you.","[13, 17]",17
"Honestly, fuck [NAME] after the bounty gate shit","[2, 3]",2
Fucking hell they're bringing on all the giants,"[2, 11]",2
"Weird flex, but ok","[4, 11]",11
Dirt bar downtown is pretty sweet.,"[0, 27]",0
"""Grab your Glock when you see [NAME], call the cops when you see [NAME]...""","[5, 27]",5
Oh my gosh. This woman who died also had a son who died. Holy tragedy,"[16, 25, 26]",16
"This isn't really petty, it's actually brutal. *edit* but well done. I love it!","[0, 18]",18
"If you feel like venting, I am happy to listen.","[17, 20]",17
"Same, ASMR is nightmarish. My skin crawls just thinking about it.","[14, 19]",14
>the silent majority This is the most ignorant thing I've read so far today,"[9, 10]",9
Glad to have you here :),"[15, 17]",17
ITT: Hipsters. “I liked this band before they got all popular and shit.”,"[3, 18]",3
Wow. That was deep. I hope you make out well move on and find true love. Be strong,"[20, 26]",20
"Ahh well too bad, thanks for sharing. ","[9, 15]",15
I also wanted to point this out! I love JJGO!!,"[8, 18]",18
Alleviate' meaning what? Make my working life suck less?,"[3, 7]",3
"Lol, pinches narizones.. Their physical game is on another level. Would rather play with a guy like that instead of against him though that's for sure.","[0, 1]",1
I think the driver had the heart attack. She did not even give him a wave and a thank you for not smashing her precious child.,"[9, 15]",15
"If everyone else can figure this out, then I don't see why it's so implausible for the US.","[6, 10]",6
Does a civil suit create legal precedence? Edit: I'm assuming it's a civil suit.,"[7, 27]",27
i would agree with that. i still dont see a good reason not to provide daycare though.,"[4, 10]",10
so true lmao,"[1, 4]",1
That doesn’t seem like very responsible presentation of findings.,"[10, 27]",10
Doesn't NY and NJ have reciprocity? Why did he have to take the NY bar at all?,"[6, 7]",7
[NAME] is not good enough to get that angry.,"[2, 10]",2
BECAUSE THERE IS A SHUTDOWN ATTACHED TO IT! HOW DO YOU NOT GET THAT?,"[2, 7]",7
"I don't date women who smoke. As for pills or syringes etc, I don't find recreational drug users attractive. Similarly for being drunk.","[3, 10]",10
Terribly sad story. I loved it.,"[18, 25]",18
My kids graduated college two years ago. Guess I missed it?,"[7, 22]",22
I found a dentist (Aspen Dental) that text or email confirms every appointment and my doctors office has an app for everything from appointments to prescription refills.,"[4, 27]",27
Cats are repulsive and they don't deserve to be pets,"[10, 11]",10
I’m sooo excited for you!! I’m not dating right now but I love hearing someone be all verklempt.,"[13, 18]",18
[NAME] is phenomenal. It’ll be a sad day once he’s gone,"[9, 25]",25
It’s beautiful. I think I need to move. 😊,"[0, 20]",0
We have reached the stage where below 2 million is good. There truly is no bottom to this pit.,"[0, 21]",0
Brooklyn-Boston playoffs would be the most toxic thing of all time. Only Sixers-Cs would be worse,"[2, 11, 27]",11
Great site. Never heard of it. Thank you for passing along!,"[0, 15]",15
"Haha yes. Thank you. No accidents, so it went well 😂😂","[4, 15]",15
That is disgusting. He should be embarrassed.,"[11, 12]",11
700 euros per week for 16 hour days 6 -7 days a week is shite and well below minimum wage if you work it out per hour.,"[9, 27]",27
I wish that were a thing 🙄,"[8, 20]",8
What a wonderful story! Thank you so much for sharing that just made me smile .,"[0, 15]",15
"I love my kids. I don't always like my kids, but I love them. ","[10, 18]",18
"Daily would be great, but...life stuff like work sometimes get in the way.","[0, 15]",0
"Waahha, ohh, they massawaaa... STOP IT. YOU CAN ACT LIKE A MAN.","[2, 3]",2
"Missed that, wishful thinking, I was hoping they would team up for a little","[8, 20]",20
"I like all of them, depending on what I want to learn. I really like [NAME] and [NAME] style, because they are such trolls. ","[3, 18]",18
Looks like something you would see in a comedy movie.,"[1, 27]",27
Is that Arcade club i spy? I love it there!,"[0, 7, 18]",18
then youll do just fine!,"[4, 5, 27]",4
"She likes sending nudes? I mean, just go with the flow and see what happens. ","[7, 27]",7
I can’t believe sb found this even remotely funny.,"[1, 26]",1
I do watch legends and lol yes we all know she existed/originated in the future. I also know that this is a different [NAME] from the [NAME].,"[1, 4]",1
Excited to see this kid in red and black some day,"[8, 13]",13
So I did. Good call.,"[0, 20]",0
"If you’re working out, juicy AF, and needing to pay for escorts you must be got damn ugly in the face. ","[3, 11]",3
"Thank you!! Makes sense, I was deciding between laxes and stool softeners so I think I'll just go with the lax teas","[15, 20, 22]",15
"Did he beat all the bosses solo? If he did, he's less of a scrub than I am.","[0, 4, 7]",7
>Make I've never hated a commentator more in my lifetime then him,"[2, 3, 9]",2
"C'mon Mr [NAME], you're not going to eat all that watermelon.","[10, 27]",10
You've described my parents who have been happily married for 36 years. You are good dude.,"[0, 17]",0
I can't understand why Pepsi and Coke are the two most popular sodas. Or why fans think they're so different.,"[6, 22]",6
"Wow, who can afford this one? ","[7, 26]",26
my parents did this for 8 years. apparently it’s a lot of fun,"[1, 17]",17
"Just read your list, sounds great!! You have some creatures even I didn’t think about 👍!!","[0, 22]",0
"Really? Wow. You’re either hopelessly ignorant or you’re trolling. For your sake, I hope you’re trolling.","[7, 20, 26]",20
You're a turd,"[3, 27]",3
"Shhhhhhh ... It will be ok, honey.","[4, 5, 18]",4
"Oh nice, gonna add that to the list. Thanks!","[0, 15]",15
I'll take a window seat for lmao at this.,"[1, 27]",1
"Omg. I just noticed that! Holy fuck, how does she smell?","[7, 13, 26]",26
"Could not agree more. Personally, I love watching any comp at pro level. GOATS is fun to watch the micro play and ability timings and synergy ","[10, 18]",18
What do you mean by delicate flowers?,"[6, 7]",7
"Go with her, eat healthy food with her too. It may help","[4, 5]",5
"This is amazing, man. Kick some ass, make good food, get paid. Congratulations","[0, 15]",0
"Look [NAME] is here ""Where the fuck was he an hour ago, gary, where!?""","[2, 7]",2
"Not having social media is such a blessing for me, it’s weird he messaged your mum though! I bet she loved hearing from him! ","[11, 18]",18
"Thank you so much, this is beautiful","[0, 15]",15
Thanks! I'm now quite excited. Unless of course they all decide to skip straight from Chatswood to Gordon.,"[13, 15]",15
"Holy bait-and-switch, [NAME]. I’m so sorry, that has to be incredibly stressful to have to be around and deal with.","[19, 24, 25]",24
I want to know how she thinks you can convert fat into muscle,"[7, 8]",7
I gave him a hug and told him how glad I was that he was okay after the police assault. He’s amazing!,"[0, 5]",0
"My only criticism is xhaka, too slow on and off the ball.","[10, 27]",27
Oh! Thanks for clarifying. The entire time I thought it was written by a child to their OWN parents. I'm thick.,"[15, 22]",15
I never said she wasn't a downgrade. But on r/political_revolution the complaint seems to be that she didn't endorse anybody in 2016.,"[3, 10]",10
Please stop talking [NAME].,"[2, 3]",3
I love this! It's nice to hear of a positive outcome on here.,"[0, 18]",18
"so lucky. im afraid to tell my [NAME] gf. :"")","[0, 14]",14
How about a downvote for the update?,"[7, 27]",7
"Yes she was, but I'm here now. ","[4, 27]",4
Can you link the apologies? Or do they not actually exist?,"[6, 7]",6
"You made me cry. That rarely happens, it's like poetry. Someone gets me. Someone feels my pain. Thank you.","[15, 25]",25
"The current situation is one of cronyism, it doesn't represent a few market, which has other tools to deal with such things.","[4, 27]",4
"See that's what I figured, but at the same time academy is such a hindrance 😂","[22, 25]",22
what's an alt right?,"[7, 27]",7
Who’s that cutie,"[0, 7]",7
"I got angry briefly, made a post and got over it quick. Thanks for the diagnosis Doctor. 😆","[2, 15]",15
I understand that. My question is more if anyone would be excited for it or interested in helping,"[8, 13]",13
"Thanks, I hate it","[2, 15]",15
TAKE MY MONEY,"[4, 27]",27
"thanks, I agree","[4, 15]",15
[NAME] and [NAME] had equally good chances when they were on the same line in the first/second period - they just didn't convert.,"[20, 27]",27
Damn that’s sad,"[9, 25]",25
"I appreciate your post, I’m just nervous is all, thank you","[0, 15, 19]",15
That and losing [NAME]. The two of them had instant chemistry. Excited to see is he can become a big part of our offense next year.,"[13, 27]",13
So [NAME] thinks the AFLW has been both elevated and shafted by the AFL in terms of promotion?,"[7, 27]",27
Yeah if you’re able to fulfill that. Hopefully the bonus is worth it,"[4, 20]",20
"Germany is the first country in Europe I've been to! Planning on Ireland next, and maybe Croatia(hoping for Germany again, though :) )","[8, 13, 20]",20
Contacted the hospital I was born at and I’m getting my birth certificate! Thanks for all the help this was a big step forward,"[13, 15]",15
This is awesome! Does anyone know if an EST version is available?,"[0, 7]",7
Would any gathering of the Knights of Ren count? Or would they have to officially organize a thing.,"[6, 7, 27]",6
"Here, kiddo. Happy cake day. You need it more than I do.","[5, 13]",13
Hang on is that allowed? Geez that guy seemed really angry.,"[2, 6]",2
That's really interesting. Thank you for the information. It's just hard to imagine lives you'll never live.,"[13, 15]",15
"Binge drinking is a big problem in VN right now, unfortunately. So I wouldn't be surprised if drunkenness was the main cause of this. ","[4, 9]",9
aye they buggin for no reason im just saying good job keep it up.,"[0, 15, 20]",0
Hopefully we can get this solved soon.,"[8, 20]",20
It’s tinder no one cares if they get blocked cringe to you is funny to them,"[1, 17]",1
i’m so proud of you!! good job dude!! :),"[0, 21]",21
I'd say the key difference is probably vegemite consumption...,"[4, 27]",27
"Its an mlm in disguise, branded to appeal to the college demographic. I got the fuck out ","[2, 3]",2
Im not 😀 Glad you realize your mistake and why I was confused 😉,"[6, 17, 22]",22
I'm sorry to hear this. I hope you can find something to make you feel happy in the new year.,"[20, 24]",20
Awe man thank you ♥️♥️,"[0, 15]",15
This is so cringey it hurts. I feel so bad for whoever sent this because they are so stupid.,"[9, 25]",25
What kind of insider only has 250 followers?,"[7, 27]",27
"Annoying isn’t it! Thanks, I guess I’ll have to stop responding too!","[3, 15]",15
"Glad you’re doing better internet stranger, and I hope you continue to know peace and happiness. Be well.","[17, 20]",20
"You're right, thanks for pointing that out, I've edited it now. Carry on.","[4, 15]",15
32nd? It felt like 99th or something...,"[6, 7]",6
Here in America too. Those counter protesting fascist get thrown in jail and pepper sprayed like animals. It makes no sense that this happens.,"[2, 3, 10]",3
Food must be good then. It looks good. Besides the wood plank lol,"[0, 1]",1
It would be a little less irritating if the 10 cents you pay if you want some paper bags didn't go to the government as a tax.,"[3, 27]",3
Okay this is really promising stuff. I'm definitely excited for this.,"[13, 20]",13
You beat me to it,"[3, 27]",3
"That’s an interesting take. Thank you for giving me some perspective, never saw it like that. ","[7, 15]",15
Lol I lol'd *I too am down with the kids. But not like that because that would be illegal*,"[1, 3]",1
Ah!! Was not expecting to read that this morning on my commute 😭 lol Just so beautiful! ,"[0, 1, 22]",1
"Look I'm not saying that I agree with them, theres no need to be an asshole","[2, 10]",10
"Gotta love these kids! When they do or say the cutest things like that, it really makes u melt....... Enjoy OP!!!","[17, 18]",18
I never even knew there were bullies in school unit I was out of school and read about bullies in school.,"[22, 26]",22
"He’s such a little bitch, impossible to like","[2, 3]",3
Enjoying Mummers. I'm from Philly. I kind of terrified as they just used Skyrim music....,"[13, 17]",17
"Dammit, you know I proof read this and I thought it changed correctly but I guess it didn't.","[6, 22]",22
Sure dude. Although I’d say my rate at dispensing profound wisdom is lesser than the rate at which I can talk utter BS haha,"[1, 20, 27]",1
Ok. Good idea!,"[0, 4]",0
Hahaha so I’m no longer going to worry about it then lol,"[1, 20]",1
My mom works for Nasa and apparently no. They gave them pamphlets with numbers for credit agencies and tips on getting loans lol. Its kinda awful.,"[1, 11]",1
