Text,Original Emotion,Predicted Emotion
We need more boards and to create a bit more space for [NAME]. Then we’ll be good.,"[8, 20]",11
"Aww... she'll probably come around eventually, I'm sure she was just jealous of [NAME]... I mean, what woman wouldn't be! lol ","[1, 4]",27
"Shit, I guess I accidentally bought a Pay-Per-View boxing match","[3, 12]",27
Maybe that’s what happened to the great white at Houston zoo,"[6, 22]",27
"I never thought it was at the same moment, but sometimes after [NAME] sacrifice... sounds logical","[6, 9, 27]",27
I miss them being alive,"[16, 25]",27
"Ok, then what the actual fuck is your plan?","[2, 7]",27
"aw, thanks! I appreciate that! ","[0, 15]",27
Thanks! I love watching him every week,"[15, 18]",27
I read on a different post that he died shortly after of internal injuries.,"[16, 27]",27
It's crazy how far Photoshop has come. Underwater bridges?!! NEVER!!!,"[7, 13]",27
Very interesting. Thx,"[13, 15]",17
LOL. Super cute!,"[0, 1]",27
Awesome. Thanks!,"[0, 15]",27
Good for #70 to console the poor guy,"[0, 5]",27
"Awesome! I’m a cradle [RELIGION], so really interesting to hear your experience. Thanks for sharing.","[0, 13, 15]",27
Thank you for at least doing something good sir.,"[0, 15]",27
Sometimes life actually hands you lemons. We're just lucky that we have a proverbial phrase that gives us an idea of what we can do with them.,"[4, 22]",11
Who is this Wild team? Where have they been?,"[6, 7]",27
We thought he was getting better but then he turned himself around.,"[9, 27]",11
You seem slightly sensitive... I was actually thinking we had been infiltrated by the normies,"[4, 5]",27
"[NAME] dude I see [NAME] so rarely that I forget that he's the OG ""Fuck this character fuck this stupid game"" king. ","[2, 3]",13
Tournament was a blast met some really cool people loved it all. Thanks for holding it. Would love to do it again someday,"[0, 8, 15, 17]",27
Kinda. And thank you. I'm curious about those files and film and fotos you mentioned.,"[7, 15]",27
2019 should just be a picture of a trash can or dumpster on fire. Amazing how shitty DICE can make things in 10 years.,"[3, 9, 26]",27
"Absolutely. I'd love it. No matter how much I like the guy, if he just goes for it that's not cool.","[13, 18]",27
Colts Offense is laughable right now,"[1, 27]",27
"Lol so petty, I kinda love it. I probably wouldn’t actually do that but it’s tempting.","[0, 1]",27
Is this a [NAME] reference. I feel like it is.,"[7, 18]",27
Don't think we should be stomping all over people's bodily autonomy just so public health authorities can declare victory.,"[10, 22]",27
"You got it, thanks!","[4, 15]",27
"Hmmm, can I see that statistic claiming Rowan engineering is that high?","[6, 7]",27
"Oh wow. Yeah I’m very new, only about 8 hours gameplay","[0, 26]",27
I always just say “thank you” because it’s a nice thought 🤷‍♀️,"[0, 15]",10
"I thought I couldn't get more depressed about last game, but.....","[9, 27]",9
"I'm not saying your analysis is wrong or not based on evidence, just that the data it generates is not useful. ","[10, 27]",27
wow so almost every sub has grown a lot in 7 months. Also 8.3k!! what!? that's insane,"[1, 26]",27
That's the kind of problem a physical therapist is more qualified to handle. Good luck,"[4, 15]",27
Thank you so much! I love Germany! I was in Berlin 2 years ago for research work.,"[15, 18]",27
"I mean, your account is a day old, so I think you’ll be okay.","[5, 27]",27
I wanted to see him show out over Kemba.,"[8, 27]",27
They look absolutely PERFECT together. I hope its that way in real life too. So happy for ya [NAME]!!!,"[17, 20]",27
"It could be, but I hope it's abandoned. I haven't been too impressed with the flash forwards. ","[10, 20]",27
I'm sorry but as someone who travels alone I would be pissed if I was told I can't drink at the bar by myself.,"[3, 24]",27
Get him boys!,"[2, 27]",27
Yes he is a hard worker for sure. Just wish he could get his shot back on track.,"[4, 8]",27
Because all those delusional people be doing the same shit in their real life.,"[3, 27]",27
Thank you SO much! This is so genuine and so helpful. Thank you so much for your time and your thoughts.,"[0, 15]",27
"Thats great! Just curious, what game? ","[0, 7]",27
The rest areas and truck stops are booming!,"[3, 27]",27
"I love it! A smile from a stranger has really turned my day around, so I always hope I can possibly do the same! ","[8, 18]",27
"Ah, victory ","[17, 26]",27
Every day it gets harder to tell the difference between a legit mental health issue and someone just using it as an excuse to be an arsehole.,"[3, 9]",27
"""[NAME], meet [NAME]"" love that show","[18, 27]",27
I like it!,"[0, 4]",27
"They aren't horrible in the least bit. Just learn from your mistake, remember, and move on. That's all you can do.","[4, 5]",27
"> When did I ever mention native genocide? How do you think the land was ""stolen""? The residents were killed.","[4, 7]",27
you might be more of an optimist than me. hopefully you're right,"[0, 20]",5
The sin was refusing to impregnate his brother's widow when [NAME] directly told him to. It's not just about wasting semen.,"[10, 11]",27
"Klokslag 12 I find really enjoyable, horror movie podcast, Im not a horror fan but I find these dudes very entertaining","[0, 1, 17]",27
"Frankly, partisan politics aside, I would REALLY like to know where this fever dream of historical came from. It's mind boggling.","[7, 26]",27
This was potentially the most dangerous stunt I have ever seen someone do. One minor mistake and you die.,"[14, 26]",27
Omg so glad I’m not alone,"[17, 23]",27
Wholesome and hilarious! Good job OP.,"[0, 1]",27
Sad. My condolences to her family.,"[16, 25]",27
"I wasn't meaning it as an insult or anything, sorry if it came off that way. ","[24, 25]",27
Ouch! That hit hard,"[9, 25]",27
Change the initials to fake names. Was going to read but it’s too annoying.,"[3, 22]",27
My Dachshund loves trying to lick my son's mouth when he's laughing. Every single time.,"[1, 18]",27
"Lol don't worry, they even make you somehow hate [NAME] in season 2.","[1, 5]",27
I'd give it a 9/10 one of my favorites. So what was your thoughts on D'jango?,"[0, 7]",27
You’re right. Thank you for the context and information.,"[4, 15]",27
"I appreciate this post, so it’s appropriate in my eyes 😀","[0, 4]",27
"Aren’t people on the internet the best! I don’t blame you for deleting, no time for negativity in this life. 🍻 ","[7, 10]",0
Yeah he's a real one. I would've loved him coaching the Broncos,"[0, 18]",27
"No kids, I have a broken oven. When my marriage fell apart that was a blessing.","[4, 22]",27
Don't know why anyone would need more explanation than this video,"[3, 10]",27
"I'm curious to see the difference, but sadly that's not really something you can just ask someone.","[7, 25]",12
I don't know why this image bothers me so much,"[6, 9]",27
I hate how much I love it,"[3, 18]",27
Thanks. I appreciate that. At least I know I’m not the only one.,"[0, 15]",27
[NAME] looks queasy already I like where this is going,"[0, 18]",27
The good kind,"[0, 27]",27
"she disrespected [NAME], i dont like her","[3, 10, 11]",27
Fuck isn't it nice to have a [NAME] on the team?,"[3, 6]",10
Lol I love this flair,"[1, 18]",27
I like that idea!,"[0, 4]",20
"That's pretty good all things considered, if they want to maintain that, they really need to get a patch out ASAP","[0, 4, 20]",27
"Uh, you do know there's another hole right next door, right?","[6, 7]",3
That guy is being intentionally obtuse. Down vote trolls are a waste of everyone's time.,"[3, 10]",27
".5x speed. Every moment I enjoy would last longer and any time I find myself in a pickle, I'll have more time to react appropriately.","[17, 20]",27
"The sad thing is, relatively speaking these are actually pretty good living conditions. Check out Harris Ranch.","[0, 25]",27
GG. We played as best as we could. Utah just a better team.,"[0, 27]",11
Thank you for that ! I’m glad it’s just not me !,"[15, 17]",27
"What do you mean by ""free game""? Are you under the assumption that the Executive branch can dictate appropriations?","[7, 27]",27
Thank you I hate it,"[2, 3]",27
"But all-Korean teams don't always do the best in OWL/Contenders, look at Outlaws v. Seoul, etc... ","[10, 27]",27
Understandable. Thank you for your opinion. Ill move towards due action soon.,"[4, 15]",27
"Lost my kid to the system, wanna see wha the wee lassie has tae say","[25, 27]",27
Son of a bitch... here we go. Can't just stand there guys....,"[2, 27]",11
hehe cheeky little guy,"[1, 17]",17
">""fun"" is what you say when you can't give an objective reason something is good. -r/movies Filmé connoisseur","[1, 27]",27
Democrips & Rebloodicans was my favorite.,"[4, 17]",27
We aren't a bunch of Republican puppets like you believe.,"[3, 10]",11
I can say when I was 16 I never did anything even remotely as hateful as what these kids did. It's really easy.,"[4, 22]",27
This is my favorite game of all time. Thanks for bringing back some good memories!,"[15, 17]",27
"If the blindness ever comes back for whatever reason, try doing this:","[5, 27]",27
I know how you feel and I’m sorry you’re going through that. But I’m glad you are still here,"[15, 17]",5
And then everyone clapped and cheered.,"[0, 17]",27
I loved this place but I would only go for the big Blockbusters. It was the best IMAX theater in Minnesota hands down RIP,"[0, 18]",27
Didn’t the chinook end? How are her legs not freezing off?!,"[6, 7]",27
(It was a joke),"[1, 27]",27
"Wow this was an eye-opening response, and you’re right it helped us learn more, be compassionate and focus on a better well-being.","[0, 4, 26]",27
This draft is one man deep tbh. Not getting Zion would be devastating and a waste of a whole year.,"[2, 3]",27
hmmmmm I still love [NAME] and a lot of OR candidates but thank you,"[15, 18]",27
A year ago I said that this continuous ISO by Houston is disgusting to watch. It s still disgusting.,"[2, 11]",27
"> ""But I'm their father. They have to,"" he kept saying. And there is delusion colliding with reality.","[22, 27]",27
I hope his pants fell down from the extra weight lmao,"[1, 20]",27
Wow!!!,"[13, 26]",27
"Oh, wow. Hope nothing happens to his arms on the way!","[20, 26]",27
[NAME] looking like [NAME] out there,"[0, 27]",27
"No offense, but your parents are assholes.","[2, 11]",27
Fine as long as the experience is not frustrating. Problem is not balance problem is it’s not fun,"[3, 27]",27
"Oh I can feel the burn all the way from Australia, even a few months later. Doesn't anyone have a direct source to this post? Thanks","[15, 27]",27
>Allow insurance to not pay for treatment of diseases with known vaccinations and to raise rates on antivaxxers *Genius!*,"[0, 27]",27
She just needs to kiss [NAME],"[18, 27]",27
You're right... But look at that badass black leather jacket.,"[0, 4]",27
"Love [NAME], but he is really dumb when it comes to politics and economics.","[9, 18]",27
No! That's horrible news!..for Galaxy fans lol,"[1, 25]",27
Fcuk you.,"[2, 27]",5
Holy shit was that the one guy that supported remain? I didn't know we had a celebrity on this board.,"[6, 7, 9, 26]",27
So... For me it changed earlier yesterday... Maybe it's a location/language thing,"[6, 22, 27]",27
Spending the day with family in beautiful Bowral 🌿,"[0, 17]",27
Sounds like you are dealing with some difficult mental health issues. Parents generally love their children. maybe try to talk to them??,"[5, 7]",27
> He's finished. What does 'finished' mean specifically here? I think most of the previous times I've heard this phrase it's been sarcastic.,"[6, 22]",27
Sadly my boyfriend's family is the direct opposite but we'll still make it work :3,"[9, 25]",27
I mean if you hidden the initial hit you can punish anything he does after,"[4, 27]",27
The worst part is the character in the image behind it is great and this just hurts to read in his voice.,"[9, 25]",27
Definitely. I find if I don't exercise for a few weeks I'll gain a few pounds quick..,"[4, 27]",7
This is almost worse than Santa Con. Can we get millenials to destroy this please.,"[2, 10]",27
I never said it was irrelevant. I am trying to add on to what the OP had said for potential savings.,"[10, 27]",27
"if he ended up with that chef, damn that will break my heart for sure.","[2, 9, 25]",27
I'm so sorry about your friend. What was he like?,"[16, 25]",27
"Looks nice, thanks:) ","[0, 15]",10
"Unfortunately, I don't. Sorry. 😔","[9, 10, 25]",27
"Really glad the US just passed transparent pricing for healthcare providers, but it's just a first step.","[13, 17]",27
Wow! I've never heard of a celebrity doing something so nice,"[0, 26]",10
I know I haven't been myself lately but listen! I can do better and I can change!,"[4, 8, 20, 22]",27
Haha! I was right :D.,"[1, 22]",0
"Congrats! That could not have been an easy step to take, so I'm so happy it's been a positive experience.","[0, 15, 17]",27
food pranks really irk me 😔,"[2, 3]",27
Greetings fellow human,"[0, 15]",27
"I’ve always loved the art style of the author/illustrator as a kid, so I could see where you’re coming from.","[0, 18]",27
Thanks for sharing your thought. You have a fair and reasonable perspective. Happy New Year!,"[0, 13, 15]",3
I found all mutual nut destruction games to be ridiculous and I never played them. My friends all loved them though.,"[1, 10, 18]",27
Do you not commute to work? It's still like that during rush hour traffic.,"[4, 7]",27
"Wow, Michelin star for $25. That's nuts. Thanks for the heads up. ","[15, 26]",27
“Still wearing ATM” this bit has me crying! Thanks for the mental image.,"[15, 25]",27
No he didn't lol every ref gives that. He was looking for it but it's still a foul,"[1, 27]",27
I got the exact same message from tati yesterday ! She said on her twitter that it's definitely a scam,"[4, 27]",27
Haha yeah. But still very nice of Ben I hope that the people who got it will use it 24/7,"[0, 4, 20]",10
I'm glad we have a place we can come to when we have doubts. Thank you so much.,"[15, 17]",11
Omg is this that what older kids call s*x?1?1??1??,"[7, 26]",27
What a great photo and you two look so happy. 😍,"[0, 17]",13
Thank you. And I love your flair. My toddler is the same haha,"[15, 17, 18]",0
What the hell,"[2, 3]",17
Oh god yes. Top quality cringe. Thank you for sharing,"[4, 15]",27
Which suggests nothing in itself. The same mods you claim are abusive are probably as hyperbolic about the racism issue as you are.,"[2, 3]",27
"Believe you me. TLJ is much, much worse.","[9, 11]",27
That’s one of my favorite movies pans labyrinth.,"[0, 4]",27
Wow this is amazing. LOVE THIS!!!,"[0, 18]",27
He’s soft. No heart.,"[9, 22]",27
You were at a casino. Sounds like you won.,"[0, 7]",27
Yes! What the hell is it with ikea? My husband and I don’t go together anymore.,"[2, 3, 9]",17
The sign doesn't have units! Maybe the speed limit is 45 light yrs per second!!!!,"[6, 10]",27
> I really hope QCX addresses that last point. Who knows [NAME] could've fled with the money or something. What the hell dude. lol,"[1, 3, 8]",17
"You started over at 46? Wow. You are badass. You give me hope that if I finally had to, I could do it.","[0, 20]",27
"I’m telling ya, we really need to impose a basic hockey knowledge test to post here. I’m sick of the mouth breathers.","[3, 25]",27
Uhhh... unfortunately I can't read the article due to some regulations...but pretty sure that post is just the article,"[9, 27]",27
Your son went to school in a treehouse?,"[7, 26]",25
"Well I like [NAME] but other than her, I don't know any interesting asian youtubers. so help me out","[0, 6]",27
Totally disagree. I love this look.,"[10, 18]",27
When is that? There will always be supporters who don't support the players.,"[4, 6]",4
Thank you for explaining! I’m only 31 but now I feel old lol,"[1, 15]",27
beautiful story arc. glad you decided to end it in my semi hometown of excelsior - really neat lil town.,"[0, 17]",27
I'm starting to think that this whole DSJ trade thing is a bunch of BS.,"[22, 27]",27
"That actually sounds like it would help, I’m glad it worked for you and I hope you eye is ok now 👁💪🏻","[4, 17, 20]",5
Oh jeez I missed that :(,"[9, 24]",26
Throw it all on the mortgage. Don't spend it on garbage you think you need.,"[5, 27]",27
Picture was gorgeous. What TV is that?,"[0, 7]",26
"Where the mask inside, too? Are air purifers not good enough for inside? Sorry for the dumb question... Just moved here this week.","[7, 24, 25]",27
Don't worry. r/fireemblem is obligated to bash fates whenever it can [NAME] I love the entire scene so much. ~~Too bad it ruined the song~~,"[9, 18]",27
I'm mostly impressed that you can get to work from West Seattle in 20 minutes by car.,"[0, 4]",14
Don’t say that to a person with a rapidly deteriorating health condition,"[5, 10]",27
Well fuck my kids then,"[2, 27]",7
"Because the content creators don't deserve to be paid, your seconds spent listening to ads are too valuable!","[0, 10]",14
Galaxy brained hot take Your IQ must be near [NAME] levels of hyperinteligence,"[0, 4]",27
Why the fuck do people have these conversations in public,"[2, 3]",27
"Would be really interesting to see how an FMT from a 20 year old would play out in the gut of 60 year old, or vice versa. ","[4, 7]",27
that's why im here in the overwatch university subreddit you fucking idiot.,"[2, 3]",27
Yes but [NAME] advice is better then some randoms lol he was one of the leagues best ever defenders,"[0, 1, 4]",27
"""I'm sorry mam, but we dont allow children in the store unattended, so you are going to have to leave."" ","[5, 24]",11
Tastes better? Or maybe totally worse I don’t have experience,"[7, 11]",10
"Thanks for the reply! I appreciate your input. Please keep me in the loop, I’d love to be more active with this if possible.","[0, 15, 18]",27
That song was epic live,"[0, 13]",27
Probably stop school shootings hehe,"[1, 20]",25
"An ex-friend of mine proclaimed than anyone who speaks of being raped is a horrible, unethical human being.","[2, 3]",27
Thanks I love him,"[15, 18]",27
You are a shining ray of light in a dark chessless world. thank you my friend.,"[0, 15]",11
They're the same people who will tell you 600 a day is unhealthy,"[3, 27]",27
Don't you feel embarrassed at all that your country answers to a country literally opposite of the world from yours?,"[7, 12]",11
What a wonderful post. Such love. Thanks so much.,"[0, 15, 18]",27
Whoops yeah my bad And no just from the pictures ive seen there were just u opened sauce packets arranged on platters,"[9, 27]",27
Ah what a bummer! Better kill them herons & spoonbills!,"[9, 26]",27
2 2nd rounders but not a first or a future first. He’s not worth the risk,"[10, 27]",27
"Oh my, it belongs to r/comedyheaven. Laughed for a good minute","[1, 17]",26
Shadow of Mordor 3 looks pretty lit,"[0, 27]",27
I would like to see the tree as well! :D:::,"[8, 18]",7
"If we hurry, we can still catch the heroin craze! ","[4, 20]",11
A police response is probably justified for some of the larger spiders we have here.,"[4, 27]",27
True i hate going to parties or concerts but love going to a bar or a houseparty.,"[10, 18]",27
That water looks like it has alligators in it.,"[6, 7]",27
Ah i wish i would’ve come across one! Just left though Unfortunately :( in Manchester now,"[8, 25]",27
"I'd give it a 6.9, based on the fact that he was still caught in the tree","[4, 27]",27
Appreciate it.. just for trolls sake Plot Twist : The one trick has no mic XD,"[0, 15]",27
"Honestly, it’s probably for the best if he didn’t know his father too well.","[4, 20]",7
Being misunderstood really is the worst thing ever! I’m sorry some people are so unkind.,"[9, 25]",27
"Whenever I'm having a bad day, I watch a few eps of Cosmos to chill out.","[17, 23]",1
"But both lost, whereas moderate Sinema won. Its important because without Arizona there is no real path to Senate majority in 2020.","[9, 17]",27
"To be fair, expecting sex twice a day, every day is a little ridiculous.","[3, 8]",27
Awesome! Thanks for your reply,"[0, 15]",10
That's awesome. Hahaha,"[0, 17]",0
What evidence at all shows that [NAME] was an accomplice?,"[6, 7, 27]",27
I don’t owe you an explanation. I’m at work.,"[3, 27]",19
Why is it that young girls seem to idolise serial killers? I had a friend like this and never understood the attraction. It's scary,"[6, 7, 14]",27
He is and will be irrelevant. No worries.,"[4, 20]",27
Dude I have a verrrrry strong feeling the barber did that on purpose. Nowhere in the world is that an acceptable haircut. That’s fucked up,"[2, 9]",11
I wasn’t saying she was faking just curious to see her reaction to it,"[7, 22]",27
It's such a relieving feeling to know you're finally gone. You never have to go back. You are so strong you got this!!,"[0, 23]",5
"You are the type of fellow that puts mommy in the cheap home and cashes her cheques, loyalty of a snake.","[2, 3]",27
"Again, that + is going to make people not want to do this deal.","[9, 10]",27
This is pretty worrying and makes me wonder why she can’t. That’s not normal.,"[14, 19]",27
The dog has a very confused look on his face lol.,"[1, 6]",27
I believe [NAME] solved this issue back in 2004 with the racial draft,"[4, 27]",27
How will identity politics help this situation?,"[6, 7]",27
I’m gunna be the bigger man... blessings on your weekend my friend...,"[15, 27]",27
This is a depressing r/tworedditorsonecup,"[9, 25]",25
"I agree with this. I'm extremely happy with the hires, but I think the draft may be a bigger tell tale on how the off-season goes.","[4, 17]",27
"At least he was polite - ""please"" fuck off! ","[2, 3]",27
What song was that earlier ? It went oooh oooh ooooh oooh oooh oooh.,"[6, 7]",20
Yes! Wonder how tall the girls will end up 😂,"[20, 26]",27
"This is simply honesty + humility. Indeed, very respectable.","[0, 4]",27
"Well, this is the first time I've seen that in over three years.","[13, 26]",7
She’s a disgusting snob.. Feel bad for the workers. :(,"[11, 25]",5
"If you want nuance, deep thought and constructive dialogue maybe try a topic not as asinine as the cultural value of a reality TV star 😂","[10, 20]",27
Pretty sure that had been upped to at least 10k subs. It actually might even be higher now.,"[4, 20, 27]",2
You gotta find that fine line where you amass as much paper equity as possible while not sacrificing what’s really important in life.,"[5, 27]",27
180 is not good for checking enzyme deficiency which is what I am referring too.,"[10, 27]",7
Damn you and your facts.,"[2, 3]",27
IT'S ALL YOUR FAULT MAMA,"[9, 10]",18
Hey don't insult troglodytes like that. I'm sure they would have wanted vaccines,"[4, 10]",27
I wish that was a thing 😅,"[8, 20]",27
"Probably. Sorry, OP. But don't worry. A lot of us are in the same boat.","[5, 25]",27
"So is liking [NAME] enormous eyebrows ""biological"" too? /s ^I ^think ^her ^eye ^brows ^look ^cool","[0, 7]",27
"I feel the same way! It just doesn’t get better for some of us, I’m sick of hearing that it gets better.","[3, 4]",27
I mean... this is some shit right here,"[11, 27]",27
"Definitely not Fox News though! That’s the real stuff, zero lies or bias there!","[10, 27]",27
[NAME] plays well in Texas. So there is that.,"[0, 4]",27
Am I wrong? So many people from NY say it's really gone downhill. Doesn't mean I don't like public transportation,"[3, 10]",27
You are a treasure. Please know how wonderful you are. Big hugs to you.,"[0, 18]",5
As high as ~72% in black families. Truly heartbreaking what the expansion of the welfare state has done to the black family.,"[9, 25]",27
"Now I remember, you're an OC student. This sub tells me you're brilliant...","[0, 4]",27
"I meant people who are attacking AOC over this dance video. Apologies for the misunderstanding, and I appreciate the lengthy reply.","[15, 24]",27
That's cause [NAME] really got his career ruined by injury.,"[25, 27]",10
"Ah, modern society's obsession with romance for the sake of romance… I hate it.","[3, 10]",27
Too bad I do/,"[2, 9]",27
"Sorry i was thinking of the word ""Plaintiff""","[24, 25]",9
"No thanks, prefer the fairness of Public/Veteran. No cheating admins.","[3, 15]",27
I just hope the show brings [NAME] back because she was really great.,"[0, 20]",27
How many is that now? Feels like the 4th one now,"[7, 27]",27
Will be when we organise a run on the banks and hopefully take the only thing Westminster cares about away from them.,"[5, 20]",11
I'm glad people with such foresight are the first to find this place unaffordable. Good riddance.,"[0, 17]",27
Does anyone notice how his voice always changes when he’s trying to be cute and charming.,"[7, 27]",27
>Rise of Agon Literally the worst fucking game that man kind has ever managed to accomplish and you call him a carebear? Fuck out of here.,"[2, 3]",27
If he isn't respecting your clear boundaries then you should block him and move on with your life. He's not worth your time.,"[5, 10]",27
“Dear [NAME] you Coach [NAME]?,"[7, 27]",27
Sorry if I’m late to the party but when does the new season start? I’m getting withdrawals! Happily ever after that is.,"[7, 13, 17]",27
"I'm not commenting on their chemistry or whatever, just that the age gaps are similar and it's ok to point that out either way.","[4, 27]",27
Jokes are even more terrible lately,"[11, 14]",27
"Ouch, that looks horrible. Tagged his leg on the dumpster. Lucky he didn’t lose a leg going that fast.","[11, 14]",27
But people already know I'm weird.,"[3, 27]",27
"The register entries have allot of interesting information, and basically served as the record of service for all personnel.","[0, 4]",27
Lol that's so far from the truth.,"[1, 10]",27
Doubt [NAME] will solve our problems,"[20, 27]",27
"I hope your brother is okay. Don’t listen to this guy, he’s a cunt.","[3, 20]",27
I feel you. Most look generic af. I've seen some absolutely stunning ones though. Like [NAME]. She's a 10/10 IMO.,"[0, 4]",27
"You’re obsessed, get over it man. We have what we have, they have what they have","[5, 22]",11
Don't call me bitch you fucking sexist. I bet you are one of those white devils. How many women and minorities have you suppressed today?,"[2, 3]",5
"ah gotcha, you zoomed in a lot further than i expected.","[26, 27]",27
"Maybe, idk though. I dont think thats enough to nail him. We need more.","[6, 8]",11
"Ferrets are such good ESA's though! Good for you at least, I love ferrets with all of my heart.","[0, 18]",27
Appreciate the love man!! It's a fun game!,"[0, 1]",27
Then present an opposing argument.,"[3, 27]",27
"This is sad but not cringe, I hope he finds someone to play with soon 😪","[20, 25]",27
Except you didn't and it's still false.,"[3, 10]",27
Awesome! Thanks! I'll start the process tomorrow!,"[0, 8, 15]",27
Haha yeah. Are the squat toilets that prevalent? I’m hoping to avoid them when I go.,"[1, 20]",0
This report is going to be bullet proof,"[20, 27]",27
I love the immediate cut from the gladiator dying to the defeat screen. Makes it funnier,"[1, 18]",27
"Glad I could help. (Side tip: hit return twice to break out of the "">>"")","[15, 21]",27
"Hilarious video, thank you for making us smile :)","[1, 15]",27
"You can buy the full ""girlfriend experience"" with a hooker for way less than 13k lmao.","[1, 27]",27
"Wow, that’s a big 3 year old!","[13, 26]",27
Have a good good upvote!,"[20, 27]",27
I want my fucking cake back.,"[2, 3]",27
She accidentally tagged someone with the last name Bells,"[12, 27]",27
Especially weird considering [NAME] went to Fresno State and [NAME] went to Long Beach State.,"[3, 27]",27
"Yep, usually if it was the other way around she would love both of her cultures.","[4, 27]",14
I love this!! And it’s so true,"[4, 18]",11
ah good find. I guess I saw some sort of grade 9 class photo then. Cheers.,"[0, 17, 20]",27
Lol thank you so much for pointing that out. It’s the “re” on the “tard” cake.,"[1, 15]",27
"I just gave you a quote direct from the current finance minister regarding the supply. Get real, man.","[3, 27]",27
"Yes applaud the atheist and slam your brothers in the apostolic faith, way to go. ","[0, 4]",27
Looks like you clipped my own games. It’s bad lately.,"[3, 9]",27
"I seen a video, must have been one of the students where they've completely surrounded the [NAME]. ","[4, 27]",27
"Personally, I think WebOS was the best until HP beat it to death. I loved my Palm Pre.","[0, 18]",27
Give me [NAME]. We need some thump when we clear the benches.,"[4, 8]",11
all good haha 👍,"[0, 1]",0
Haha love it we'll uhm not the penis,"[1, 18]",0
"OMG, yep!!! That is the final answer. Thank you so much!","[4, 15]",27
"I’m naming my dog Sebastian! So I can kinda relate ( lol, def not the same). Love the name though.","[1, 18]",27
Damn that was super fucking good.,"[0, 13]",27
I just want someone who listens to scientists. That's too much to ask though.,"[8, 27]",12
Thought [NAME] had a bad game. For such a strong player he didn't get to keep much of the ball when in possession.,"[9, 22]",27
I visibly recoiled from that.,"[14, 27]",27
"I need to know this as well, so I hope no one minds if I leave a comment here.","[7, 27]",27
Everyone upvote this - gotta spread the good news!!!,"[13, 17]",27
"HAHAHAHAHAHAHAHA 1937 - 2016 = Polls not very accurate 2016 - 2019 = Oh yeah, polls have evolved, they're like super accurate now ","[0, 1]",27
"The two most talented receivers [NAME] had, [NAME] and [NAME], had their careers interrupted by injuries and nonsense.","[3, 9, 27]",27
She's not more than 17. And I love teenage [NAME]. Don't want her adult.,"[10, 18]",27
It's a bitter cycle,"[3, 25]",27
If they could just let us customize the lines it’d be fine,"[4, 27]",14
"This was such a genius character. Even reading quotes makes me breakout laughing, every time","[0, 1]",27
"Yay, now we're only down by 7","[13, 17]",11
"Thanks, guys! Most of what you guys said were helpful. I'll work on myself a bit and not try too hard. ☺","[15, 20]",25
"Oh, it was THAT episode?","[7, 27]",27
And I'm crying. But you're so right. Thank you.,"[15, 25]",0
"I was like you man, 3 felt so bad. But street part 4 3 becomes a so bad it's hilarious imo.","[1, 25]",27
I never knew this! Nuts are a total fear food for me,"[14, 22]",14
"They played loud music on a ‘school night’, seriously! You’re backing the bastards here just to be contrary.","[2, 3]",25
Stay strong. You've come this far. Keep going.,"[4, 5]",27
look more 4th grade comments. sorry you're a child who has no brain. I bet your mother wishes she had a child who lived.,"[8, 25]",27
She should kick him out... next best thing from abortion.,"[2, 27]",27
"Omg that sounds like a really intense experience, how'd you save yourself after the feeling of intense happiness? ","[6, 13]",27
Dying like hero’s. What better way to die than saving the world. You’re right.,"[0, 4]",11
"Millennial here. Have a few motorcycles, none of them Harleys. I do not like overpriced, unreliable and bad performing vehicles. ","[10, 27]",27
This is great advice. The minions here will automatically down vote due to username.,"[0, 15]",27
"Come to Somerset, quite a few women are cricket crazy because everybody is cricket crazy here. It’s weird. ","[4, 11]",27
I'm so sorry you were bullied in a place you should have felt safe.,"[24, 25]",27
lol robot car,"[1, 27]",27
Yall remember that rainbow zebra striped gum that lost its flavor in like 0.0001 seconds,"[9, 27]",14
Who took the photo?,"[6, 7]",13
"I wonder how that works if the seatbelt wouldn’t fit even if they were sitting in a regular seat? They only go so far, right?","[26, 27]",14
Are socdems welcome here?,"[6, 7]",22
"Don't worry, when you turn 20 you'll look back and cringe, too.","[4, 14]",27
I have faith that you do it *correctly*,"[4, 20]",27
"I like [NAME]. He's the most experienced, and he seems like an all-around nice guy.","[0, 18]",10
Haha exactly right!!,"[1, 4]",0
"The problem is your husband. If he prioritized you, he would have figured something out. I’m so sorry.","[3, 25]",27
"Sorry for bringing up so many problems without any solutions, and sorry for just being whiny overall. Thanks for the time you've spent talking with me","[15, 25]",27
The EPA allowed DuPont to use a chemical that literally kills people in their nonstick pans. They can be bought too unfortunately.,"[9, 27]",27
The internet never disappoints.,"[9, 17]",27
That's awesome to hear :),"[0, 17]",27
Stop giving panhandlers money. They dont need it.,"[10, 27]",27
I try my damndest. Hard to be sad these days when I got this guy with me,"[22, 25]",27
"If there's evidence besides say-so, chances are better.","[4, 20]",27
Congrats on becoming the owner of this cat! What a beautiful meow.,"[0, 13, 15]",27
Your brother really saw the light huh!,"[7, 13]",27
Spice Burger. Delicious!,"[0, 4]",27
This is genius! I’m going to start doing this now too. Thanks!,"[0, 15]",27
Wait what vacation are we talking about?,"[6, 7]",11
i wish i could wear what she's wearing! * _ * Sooooo beautiful!,"[0, 8]",27
"I'm just gonna hit ""back"" now. See you guys.","[17, 27]",27
"Those splits of Marla's still amaze me! Not only in terms of flexibility, but STRENGTH. Just imagine how heavy that leg is...","[0, 26]",27
Now I'm wondering on what I've been missing out. Again thank you for this.,"[15, 26]",27
"Me too, except there’s no hookup. (I’m so lonely) ","[25, 27]",27
"Forgot to mention that it contains lanolin, don't know if thats a deal breaker. Regardless, alcohol free emollient + occlusive is the way to go","[4, 6]",27
That was very interesting. Thanks for effort to write this up!,"[0, 15]",2
I keep hearing [NAME] is a terrible hire.,"[9, 14]",27
sounds so good bro! but in my case i’m already out so it feels like it would be a burden to re-coming out... TvT,"[0, 9]",27
Anyone who downvoted this comment doesn’t understand the necessity of government.,"[3, 10]",9
"Its a mandatory requirement to be an accredited ""[NAME] da""","[4, 27]",20
Just don't bring up the Manga Carta. Really uncomfortable for my history class.,"[3, 10]",17
"Thanks, I appreciate that. It's about what I expected though. Sadly, I'm used to it.","[15, 25]",27
Bad timing for [NAME] to say this just now.,"[9, 27]",27
Yeah [NAME] is actually really cute and nice but best boi and best girl goes to [NAME] and [NAME]. Just kidding. [NAME] all the way,"[0, 17]",10
What a beautiful sight that was to behold. Glad I was able to attend a couple of great [NAME] performances. “K” signs everyone,"[0, 17]",27
Mauston and Monticello were the beginning and end of my hope,"[9, 20]",27
I believe this would still be a ticket if someone else sees you.,"[20, 27]",27
"Ah u/The_White_Baron... I didn't read all of it, but glad I know the reference now","[0, 17]",27
What’s so bad about this again? I mean he’s right for the most part.,"[3, 4]",27
That’s scary,"[14, 19]",27
BUT ATHEISTS ARE DOING THE SAME THING AND ARE TREATED BETTER. No. You're just being a bigot.,"[2, 3]",27
The dude was absent in the Ohio State game... IDK I would be very worried if he was the pick.,"[9, 19]",14
"[NAME] is so cute ^_^, the second bunny image is my favourite. Since you haven't got any requests... I request Himiko.","[17, 18]",27
"[NAME] is a fantastic player, but would he be a regular starter over at Juve? He needs to stay at Arsenal.","[0, 7]",27
great!! thank you,"[0, 15]",27
To drool on.,"[11, 27]",27
Lol you got nothing to worry bout from me bro. Thanks for keeping the game on,"[1, 15]",27
"[NAME] didn’t just fight dogs, he, personally, tortured them too. He isn’t a dog fighter, he is a sociopath.","[2, 3]",27
Wrote some good poems too,"[4, 27]",27
DON'T DO THE TEENAGE MUTANT NINJA TURTLES LIKE THAT THEY DON'T WANT HER EITHER BRUH,"[3, 10]",27
"Great story. Maybe it isn't malicious compliance, but I enjoyed it anyway. Damn companies who lack empathy for other humans.","[0, 17]",27
You’re a vile vile person and a rapist. I hope the police are onto you.,"[2, 27]",27
This too shall pass In 10 years this could turn out to be the best thing that has ever happened to you.,"[5, 20]",27
damn it I was holding out for [NAME] to carry the game,"[9, 27]",27
Nah I think that’s a salarian from mass effect 😂😂,"[10, 20]",27
Spider Man is pretty awesome.,"[0, 4]",27
"As far as I know, it's still bugged, so just reroll it","[3, 22]",27
Fuuuuck that's rough,"[2, 3]",27
"I have the same issue. Except I'm a dude. Talking about my face. One likes me scruffy, the other baby smoothe","[4, 27]",27
"You know, that never occurred to me! So keep cool in summer, warm in winter?","[4, 6]",27
You said that it is a fact that [NAME] is a rapist based on the testimony of 1 person. I merely stated the same argument based on your logic.,"[2, 27]",27
In that case you're very welcome to call your representative and tell them to agree to a bill which would reopen the government. Or tweet the president.,"[4, 15]",7
It's also ridiculously removed from reality. Dying to a disease or injury from an accident is orders of magnitude more likely than getting shot.,"[3, 9]",27
"Wow, someone had a lot of golds to give!!","[22, 26]",27
- But mom! I don’t wanna go to school today! - You’re going little shit.,"[2, 3, 10]",25
"Ugh, this fucking tumblr account. I posted about this bitch before, they wrote that [NAME] drug rehab fanfiction.","[2, 3]",27
"Yep, I guess this is a no-go for me. Thanks!","[4, 15]",27
I used to have anxiety when calling people but I no longer have them at least just 20-30% anxiety.,"[19, 22]",27
"Yup, but I love wegman's so much, although I am curious as which one this is... I am guessing Jersey or DC area","[7, 18]",7
"Fool me once, shame on you...","[3, 12]",27
I'm so sorry. This is no way to be live or be treated. It's so immature and emotionally-abusive. I really hope your circumstances improve,"[24, 25]",27
Great place and they're super sweet. Happy to support them.,"[0, 17]",27
"Thanks grandpa, it’s always good to see you around the holidays. That joke is hilarious every time!","[1, 15, 17]",27
"Haha! [NAME] aside, that is *wonderful*!","[0, 1]",0
"As a teacher with a bunch of sick students, this scares the hell out of me.","[14, 19]",17
Uhhhh... didn’t y’all just eat the light lunch that you said you wanted on your preference sheets? Shut up.,"[2, 27]",27
You are my beer god thank you haha,"[1, 15, 17]",0
"They’re also communist, so that puts them above their reproach","[9, 10]",27
I like it A LOT.,"[0, 18]",27
How terrible. Imagine waiting this long only to die the day before release? I always get that minor anxiety before a highly anticipated album!!,"[19, 22]",27
[NAME] playing great this half,"[0, 27]",27
Honestly I can't see why not. Tho I'm a bi male so I don't know if it's valid haha,"[1, 6]",18
As guaranteed me under the terms of the Good Friday Agreement.,"[4, 27]",27
I’d love to get an update on what happened! (When you are ready),"[13, 18]",27
"He seems to have a really cool fashion sense, maybe he can do something with it one day, maybe go to Paris?","[0, 20]",27
[NAME] is a socialist I believe. He also seems like a lovely person.,"[4, 27]",27
"Surf Wax America, great song","[0, 4]",27
I like surprises.,"[18, 26]",27
Favorite: Hardhomme! That epic stare down at the end! Least favorite: No One. Completely ridiculous and unbeleivable,"[13, 18]",27
> ftw Awesome statistic. Made my day! Love it,"[17, 18]",27
"It's not his fault, it's your wife's. Shes the one you need to be pissed at","[2, 3, 10, 11]",27
Wow .. this is more terrifying than if they were a ghost ! Amazing twist,"[0, 14, 26]",27
Lol the fact that actual fans can't afford tickets is why there are let's go heat chants at this game,"[1, 3]",27
Please don't. I like the gym too be quiet,"[10, 18]",27
"Oh man, okay yeah i was wrong, thank you for correcting me","[15, 22]",27
"Never heard of him before, But I believe in [NAME]. He’s going to be a legend after we hire [NAME]. Long live [NAME].","[0, 4, 18]",27
You can't be serious.,"[3, 27]",27
"Unfortunately they do at times, but it's not the case in this video.","[9, 10]",27
They can't they need a morty dumbness shield,"[3, 10]",27
U can try. Maybe say u are busy now Thursday but Friday is still open. I mean u are not waiting for her forever right?,"[7, 20]",22
No I didn't. PM me your username here and I'll reach out to you.,"[4, 27]",27
He is actually good now. No teddy but he was great last year before he got into shit,"[0, 4]",27
"[NAME] is also very creative with the puck, I'm mostly liking the new guys so far.","[0, 18]",13
I keep seeing you around and I love the art. I really want to get into drawing but I’m only good ad heads and faces.,"[8, 18]",27
"That's called lust, and is completely normal. Just dont get obsessive and do things to keep you busy and dont be afraid of them feelings ","[5, 22]",27
"Dude, she had just lost her baby, too. ","[16, 25]",27
"Yup, that's exactly what happened when the alt-right took over the sub. So glad I won't get banned for saying that now.","[17, 22]",27
[NAME] needs to be thorough when looking for clues. Who knows what kind of sneaky business might be hiding in that plant.,"[6, 7]",27
"Hey, you sound like you're living my exact life. It's a good life. Enjoy sharing the love. ","[0, 4, 5, 17]",0
What do you mean? It would be the same code for every system?,"[6, 7, 27]",27
Thank [NAME] for the adult spammers on my susbscribed NSFW subreddits.,"[15, 23]",27
"Not really sweaty palms, but holy hell that's uncomfortable as all hell...","[10, 11]",17
"Funk Night @ Marble Bar is Friday, 1/25. Always a good time and only $5 to get in.","[0, 17]",27
"Didnt know that, just saw ""LG"" devices and got nervous. Bummer for you though, that sucks :/","[10, 19]",27
Our education system has been a complete and utter failure...,"[10, 25]",27
Wait... today isn't April 1st...,"[6, 26]",27
Everyone who supports him knows. The [NAME] need educating.,"[4, 27]",27
My balls shrunk up looking at that,"[14, 19]",27
[NAME] insulting his fanbase has literally been a hallmark of his persona from the beginning of barstool,"[3, 27]",27
Can’t wait to listen! Look forward to each episode.,"[7, 13]",27
"Honestly, I love hearing about stories like this - like the multitude of Skyrim and Oblivion mod developers who eventually got hired by studios due to their work.","[0, 18]",27
Interesting that these two have made such a splash. I might check into this season if it's worth watching.,"[0, 20]",27
WON ME 1K LAST GAME IN PARLAY!!,"[13, 17, 21]",22
"I remember that. It was a crushing experience that started a whole other level of depression. But hey, maybe things will work out for you. ","[9, 20, 25]",27
Did he just get fat? What caused him to fall off so much? It's amazing how quickly he flamed out.,"[7, 26]",27
I have never seen a dog more excited than when a sled dog is about to go to work.,"[1, 13]",27
i guess you must eat filets and lobster at all your parties haha,"[1, 20]",0
"They're upset because, if the slime that makes 4chan stink were to congeal into a person, it would be [NAME].","[9, 25]",27
Oh I will be independent. I don't need someone like that in my life.,"[10, 22]",27
Scared? A little bit. It's more of a simmering disgust at this point for myself.,"[11, 14]",27
"Maybe crotch-thrusting ""power pose"" on top of the White Cliffs will scare them all away?","[7, 27]",27
"I love the creative writing that stems from this sub, so entertaining.","[1, 18]",13
I thought I was the only one,"[22, 27]",27
Feel you pain. Stay strong,"[5, 25]",27
Amazing. And heartbreaking. I'm learning so much from little bits like that.,"[0, 22]",27
This is powerful. I appreciated it so much. I hope to end up as free and as confident as you,"[0, 8, 20]",27
Now there is no one face to face so tough is an option,"[9, 27]",27
Fucking fuck! 2 (or more) sets of fucking socks in fucking sandals.,"[2, 3]",27
I’m very sorry for the loss of your friend.,"[16, 25]",27
annoyed at most,"[2, 3]",27
[NAME] wrote a really technical and really awesome article in the Athletic about this game. Holy shit haha worth reading if you are a ball nerd.,"[0, 1]",0
"That's not really true, people judge all the time, it's just that they're usually too busy judging themselves to judge you too. ","[9, 10]",27
This makes me want Lancaster to be cannon! It’ll probably never happen though😥.,"[8, 9, 20]",27
">I hope that really incredible sex is in your future. Thank you. Also, you should write fortune cookies! ","[15, 20]",2
Too right. I hate the Sun. worst tabloid out there,"[2, 11]",27
I hate losing to the Blackhawks like I love my wife: Intensely.,"[18, 27]",27
I gave up on the show over and over before I adopted 'just skip around'. Ended up finishing all of 3-6.,"[9, 22]",27
I want to end myself when it happens,"[9, 25]",27
Waiting to see if a card expansion will make the game fun.,"[7, 20]",13
Ahem. Second best NA,"[10, 12]",27
"This is almost irritating. Like, take a breath, shithead..,","[3, 11]",27
That’s so great! Congratulations to you as well!,"[0, 15]",7
Just life.. I feel like i'm just a parasite that should be removed.,"[12, 25]",27
I hope [NAME] likes my Thanos costume though.,"[8, 20]",27
"Huh I would figure the Royce's have been lost in the shuffle of thousands of characters introduced since Waymar, rather than a late bloomer.","[22, 27]",27
"I'm sorry :( I hope this year ends up being incredible for you in ways you never anticipated, to make up for it. Hugs.","[5, 24]",27
And the amount of crops we eat is destroying river systems and forests. Not to mention the animals killed inadvertently during harvest.,"[3, 22]",27
Even the worst pyramid scheme pays out something.,"[20, 27]",0
Sounds epic man,"[0, 27]",27
I'm sensitive! :'(,"[25, 27]",27
Oh my gosh 😂. I do believe it!!,"[1, 4]",27
"Just looked up TITANS, now I've GOT to watch it!! Thanks for the advice too","[13, 15]",27
Good advice thank you I appreciate it. I need to learn to focus my mind again,"[0, 15]",27
"And my apologies if I misinterpreted but you seemed to state multiple times that it keeps you from seeking other women, such as the [NAME] example.","[9, 24]",27
How do you know he likes beer. Did he ever once state that he likes beer?,"[7, 26]",27
[NAME] has not been that impressive in my opinion. [NAME] seems like the clear-cut top guy.,"[0, 10]",27
"I take Yaz to treat PMDD and it has minimal side effects for me: no acne, no weight gain, no babies. I hope this helps!","[8, 20]",27
"idk what it is either, I think it’s because he looks like he plays in slow motion, but it works for him so idk","[6, 27]",14
Welcome back [NAME]!! You sexy Brazilian SON OF A BITCH,"[0, 18]",27
I love foreign money. I enjoy making origami from it.,"[17, 18]",27
Wow you’re mom is truly living by the love first motto that is [RELIGION].,"[18, 26]",27
Looks like complete slop with 4 turds thrown on top. 🤢,"[3, 11]",27
"Aw, I missed it :( . I really need to spend more time outside of the roundtable thread...","[8, 9]",27
When you've been to 9 in the past 20 years its kinda hard to stiil get excited . Its our week 17.,"[13, 27]",27
lmao i love [NAME] what a legend somebody who really doesn't care what the public thinks i wish i could be like him,"[0, 8, 18]",27
LOL I read that and slavated. I wish we could pull that sweet of a deal off.,"[1, 20]",11
"I hate the message that's being pushed, and it's even worse that it's being pushed by this guy.","[2, 11, 12]",27
What are you talking about? I posted this article and am replying to people who reply to me.,"[6, 27]",23
"Lol, I’m so sorry for u. Do u go down on her a lot? If so she need to give something too...","[1, 24]",27
"Many people from 2004 played Fortnite too. You know, because it's a good game and not everyone likes to hate on things arbitrarily.","[0, 4]",27
I had no idea but seeing this things make so much more sense...,"[4, 22]",20
Maybe time to see a doctor or psychologist? Although a bit of social anxiety is normal and not necessarily the disorder.,"[6, 7, 22]",27
I dont go because it ends 1 of 2 ways. Either im sick or im not. I dont like either of those answers.,"[6, 9]",27
I switched the the Smok Novo and I like it. Close enough to the juul.,"[0, 4]",27
Nothing more Jersey than the sound of car horns over [NAME] rambling out an annoyed answer to a caller.,"[2, 3]",27
"A lot of people shit on wiki edits, but most of them give me a nice little chuckle","[1, 4]",10
Omg. It's Viv from [NAME] !,"[13, 26]",27
Those ads actually make me feel bad for financial advisors gouging clients with excessive fees.,"[9, 25]",27
"Good mind, good luck.","[0, 4]",27
It literally never occurred to me that there would be a sub for USAJOBS. Thank you so much,"[15, 26]",27
YES! And have some fun guests to dish with.,"[4, 17]",27
"After how badly the Patriots screwed CT, how can anyone like them?","[6, 27]",27
Love situations like this...excited to see if he'll make it by tomorrow,"[13, 18]",14
Drs hate him!,"[2, 27]",27
Kill all humans,"[3, 27]",27
[NAME]. growing some ladyburn1974 as part of my first grow. thank you!,"[0, 15]",27
[NAME] got a serious case of the giggles today.,"[1, 2]",27
he defended [NAME] when [NAME] drugged and butt raped a 13 year old girl,"[2, 11, 27]",27
YES! I can't recommend this TED Talk enough and I think it's really disappointing that many portions of the left have caved in to anti-nuclear hysteria.,"[3, 9]",27
I do crazy’ I love to clean man. Just have fun. Or at least try.,"[1, 18]",27
I’m not arguing for it. I just think the punishment doesn’t fit the crime.,"[22, 27]",27
"So, that's super illegal in the U.S. And a cooler is not worth slicing someone's finger tips open. ","[10, 14]",27
"Wow im glad my uncle is dead , this sounds crazy .","[17, 26]",27
Won't continue. But the positive thing is it's not on fire shooting. It's great ball movement.,"[0, 20]",27
I have a deep seeded hatred for close-minded people too.,"[2, 11, 27]",27
I love adamtots. He's a great comic creator,"[0, 18]",27
I'm keeping my mouth shut. I don't want you yokels crowding up the wine store I go to.,"[3, 10]",8
I don’t think [NAME] knocking us out of the copa would change anything. Our team is incredibly lethargic.,"[9, 10]",27
"I’m conflicted. I do in fact love wine, but I also love crown, and it would be more cost effective to bring crown. ","[6, 18]",8
You're not my STBXH hehe. He doesn't type like you.,"[1, 10]",5
lmao i love this!,"[1, 18]",27
That last story was absolutely beautiful and sad.,"[0, 25]",27
"I wear sweet scents and get compliments from men on how good I smell quite a bit Good thing I love sweet vanilla,Amber,berry scents ","[0, 18]",27
I can understand political acrimony but the death of humor is really disappointing. Very sad indeed.,"[9, 25]",27
" ""If you don't wear BROWN AND ORANGE...YOU DON'T MATTER!"" We need a tshirt with that on it asap! ","[3, 27]",5
"Would it make you feel any better, little girl, if they was pushed out of windows?","[5, 7]",27
Wow. If it shows calls on the bill then what good is it? Glad I asked...,"[0, 13]",27
Yeah. I do wish you the best. It's not gonna be easy but I do. You're welcome!,"[5, 20]",27
But I feel like such a tool!,"[3, 12]",27
"This is the sweetest thing ever, im gonna steal it and use it on my fiance","[0, 17]",27
I'm with you. I'd like one too.,"[4, 5]",27
"Take an updoot for making me smirk and smile. It might be immature, but it's hilarious.","[1, 17]",27
"Honestly Quadriga has been pretty decent, can't fault them for the bank struggle, that's just how the Canadian banks have been towards this space. ","[0, 4]",27
"Ladies and gents, I present to you, your typical anti-gunner.","[13, 27]",27
Wow. That went south both times. Wanna try for a third?,"[7, 26]",27
"My wife is not allowed to flick my ears for any reason, and apparently I'm not allowed to stick my finger into her bellybutton lmao.","[1, 27]",27
"Oh you're getting trolls trolls. Damn what sub you think they are getting you from, lol I'm not gonna mess with them.","[1, 11]",27
Is Arges the Bright one available? I see his spawn location is in game now,"[7, 27]",27
"Upvoted because [NAME] is a good boi and can’t help it, but tbh it makes me sad to see him struggle like that..!","[4, 25]",27
Hate them. I really don't need to hear about you pissing your pants in the first grade.,"[2, 10]",27
"I almost downvoted you, because “Boooooooo!”","[3, 10]",5
"I am just afraid the Pistons front office, specifically [NAME] overvalues [NAME] and says no to this.","[10, 14]",27
I just wish he got more screen time. Im enjoying this season but I feel like the huge cast of side characters get all the attention.,"[9, 17]",27
Man. I wanna be there to see his face! It’d be great. 🤣,"[0, 8, 20]",27
"Nah they did a good job. It appears you’re very mentally unwell, I hope you get better.","[0, 5]",27
"This was good. I’m not the OP, but thanks for posting.","[0, 15]",27
Thanks for doing the job well. :),"[0, 15]",7
I'm so glad I saw this!!! Now I know how to wash my face! I can't wait for the tooth brushing tutorial🤗,"[13, 17, 22]",27
got enough rubies 😁 librals wouldn't know what saving is even if it hit them in the face! 🇺 🇸😎🇺 🇸,"[10, 20]",27
Same. It's my favorite show to watch in the morning. The whole crew is so likeable.,"[0, 18]",27
This is alternative facts level populism. The man is a liar.,"[3, 10]",27
"The word ""YES"" has never erupted from my conciousness so fast before. I practically ejaculated it.","[4, 10]",27
"Bravo! It's hard saying you need help, and sometimes even harder accepting it. So proud of you momma!","[0, 21]",27
Too bad such a scumbag of an organization gets to host the AFC championship game. NFL is thankful it isn’t the Chargers tho.,"[3, 15]",1
You really need to learn to read. 32 isn't too late!,"[5, 6]",27
Society hates everything. Just love yourself and the rest becomes easier.,"[5, 18]",0
"No sure what’s going on here, but [NAME] was one of my absolute favorites growing up","[0, 6]",27
Get a lawyer for starters. Be prepared. Don't sit on your arse and flip flop. Find out what you really want and then do it.,"[3, 5]",27
You mean they'd get as pissy as everyone in this thread is?,"[6, 7]",17
"Ah, yes, the good old “glass elevator”","[0, 4]",27
Did you even venture to scroll through the nearly 2h long video linked in this thread? Not hard to find....seems like you are just avoiding it.,"[9, 10, 27]",27
Lmao this is excessive,"[1, 27]",27
Who brings a gun to a middle school in the first place? This kid was not right.,"[10, 27]",25
"Looks fade, having a partnership with people that love and care about each other doesn't have to.","[5, 18]",1
This made me smile so hard. I am happy for you. May we all find our own happy and worthy constellations 💕,"[17, 20]",27
"No, their reaction was just as bad.","[10, 24]",27
Good call. Run!,"[0, 13]",16
This is awesome! I really wish I could make it!,"[0, 8]",27
It's not even the ads. It's the complete lack of anything worth watching between the ads.,"[10, 11]",27
Good stuff [NAME],"[0, 4]",27
This. Literally this post. This post is a good start. :),"[0, 4]",27
Why would we sign [NAME] when we already have a full time shortstop and third baseman?,"[3, 6]",11
>Shes completely self-made too :) Now I'm imagining her as some sort of entity that brings its own existence about,"[20, 27]",27
How’d you get out there? I miss the west. Love NYC tho,"[7, 18]",27
I probably would have upvoted it for effort.,"[0, 4]",27
Well thank you for all that you are doing. Have you considered becoming a dispatcher too while you are at it? Haha,"[1, 7, 15]",0
"5'11"" [NAME]. He's basically 6 foot, so I must be missing something here.","[25, 27]",27
Bless them!,"[5, 18]",27
He drives to the basket like [NAME] used to. And can shoot the 3. And he's super clutch. Love the dude,"[0, 17]",27
"This is why you play runescape as a kid, it teaches how to trust no one that offers free rune plate trimming","[4, 22]",27
Hahah Yea imagine what the GM guys will do when the DD app crashes for hours,"[1, 7]",27
"I feel like people kind of just... forgot about it, somehow? I watched the whole thing and it was a really really fun one","[13, 17]",2
I’m feeling the same about the nets and hornets. I’m only worried the hornets can’t cover,"[14, 19]",27
I’m not sure how to feel after reading this... I will say that [NAME] and [NAME] would be an attractive couple.,"[4, 20]",13
"It is funny and sad, when faced with the option to laugh or cry I choose laugh","[1, 25]",27
It was very good! Not a musical fan but it was pretty entertaining.,"[0, 1]",27
Actually you're a [NAME] if you aren't for exterminating the 'wrong inherently evil and guilty race'.,"[3, 27]",27
"You’re very right, I’m relieved I was free of this man before anything else happened. Thank [NAME]! And thanks for your kind words ","[4, 15, 23]",27
""" [NAME] has come down with a terrible sickness which caused him to deactivate his twitter account"" Jeez sicknesses these days get worse and worse. ","[3, 11]",7
"Awesome, thank you! ","[0, 15]",27
[NAME] and a libertarian? Is that some post-modern BS like a person can be a man and a woman at the same time?,"[6, 7, 27]",27
Good old guardian refusing to accept that [NAME] is stauncly anti-EU and anti-Brussels,"[10, 27]",27
It taunts you,"[3, 27]",5
"That's true, but you see, one man can really make a difference. [NAME] I loved the movie","[4, 18]",27
"lmao dana just like ""i fucking hate my nephew""","[1, 2]",27
That's a great dream. I love how your inner voice of him came out. It feels right on.,"[0, 18]",27
Your husband isn’t at all worried about your reputation since he’s the one who spread the lie. Something to think about,"[11, 27]",27
I noticed this while watching it and cracked up... it was so cringey! It was after they watched their wedding montages.,"[12, 22]",27
Mexico's or USA?,"[6, 7, 27]",27
This reply made me giggle. Sorry you got hit by a moron! Hope your car is repairable!,"[1, 20, 24]",27
"Heh, U.S. only has a partial government right now :/","[25, 27]",3
"Exactly. I forget what the ""killed per year in a school shooting"" figure is but it's shockingly low.","[4, 26]",25
TYT is a gossip shitpost panel for race baiting idiots. By race baiting idiots.,"[3, 10, 11]",14
"Thats nice to hear, glad I could help.","[17, 20]",10
I'm so sorry. You can do this. Just remember YOU are a person who is worthy of love and respect.,"[0, 5]",27
Ugh I know it's wishful thinking but I'm praying to mayor [NAME] for a DC gov closure,"[5, 8]",27
Seriously? Where the fuck did that sink come from?,"[6, 7]",27
I just worked 6 hrs today and already hate it lol work just sucks. I'm not sure how other people do it.,"[2, 6]",14
Does this really work? Any one else try this yet? I'm surprised I've never heard of this before thank you.,"[6, 15, 26]",27
This sounds encouraging. I hope they get lots of support from the public.,"[0, 20]",27
"Yea true , it sucks that theater mode doesn’t work its broken as hell in this game ","[3, 9]",17
"No it’s not, I can give you multiple examples of cops getting physically assaulted and not even using their guns. Stop lying.","[2, 10]",27
It's wonderful and gives me happy happy feels,"[0, 13]",27
"I like this template, it makes me happy.","[17, 18]",27
"Thank you! [NAME] is a character that means a lot to me, and it makes me happy that you like my portrayal of her.","[15, 17]",27
And I've no monkeys left.... Sorry man,"[9, 24]",27
my computer is a potato but im just curious how do i check for memory leaks on a mac? i lag on a lot of games,"[7, 27]",1
"Thank you for the kind words, that's very sweet.","[0, 15]",27
"Input: Drink candle. NPC: You don't want to get wax in your mouth, do you? Input: Maybe I do, NPC.","[6, 27]",27
"Honestly, Queen kinda sucks. Obvious they were ripping off My Chemical Romance.","[3, 10]",26
"Yes, please do. I'd appreciate any help.","[0, 4]",19
Scars do not fade after 2 weeks. Its gonna take a few months. I've got some nasty scars too girl I feel your pain,"[5, 25]",7
"Thanks for the advice, i appreciate it.","[0, 15]",27
Justice for that horrendous no call,"[3, 11]",8
"Best person available on DL or OL, CB if the two positions mentioned do not justify the pick. Trade back if we miss on all 3. ","[0, 20]",27
I cannot believe a woman in her 30s has never had an orgasm. I would have tried everything on the planet to have one.,"[26, 27]",27
[NAME] family must be having a field day there today!,"[7, 17]",1
"I like [NAME], but I'd just rather spend more time with [NAME].","[18, 27]",27
"Disgusting trash feminazis, fuck your hijab","[2, 11]",4
"It's ok, it was cancelled anyway","[23, 27]",27
That sounds awesome! Thanks for the reply!,"[0, 15]",10
You called yourself a Met fan. THAT is embarrassing. Edit: called themselves a Met fan and didn’t know who [NAME] was AMD disrespected him.,"[3, 12]",27
Mozzarella sticks!,"[13, 27]",27
Yep that was incredibly rude. What kind of adult sits down and decides to put that in a major magazine? Just unbelievable.,"[2, 27]",9
shut up LIBTARD you right now:🤯😭🥺,"[2, 3]",27
"Aw, good times, picking off them pesky 'tennas and coyotes! Me too, I'd love that! Thank you for playing, my friend!","[0, 15]",27
That’s amazing. I hope you feel this way for many many days.,"[0, 20]",27
"Not with me, no. I’m a true social butterfly ","[10, 21]",11
Lol oops what season are you in so I will know what not to spoil 🤪,"[1, 12, 20]",27
Im so glad that he Reacted that way i feel the same way about my college but im in the last semester 🤓,"[4, 17, 22]",27
I know logically that I haven't gained real weight but overeating both weekend days makes me feel like I have. I drive me crazy sometimes.,"[13, 22]",27
That’s what happens when you’re from the uk and there’s literally nothing but 1 uk event outside of the pro league and America.,"[22, 27]",27
Mine is Woman by [NAME] 😂 I get the chills when I hear that song. Maybe it is a hymn?,"[7, 20]",27
You’re amazing thank you so much!! :),"[0, 15]",5
>I don’t believe in changing the rules and laws however ... Then you believe [RELIGION] is in the 7th century for all times,"[4, 27]",27
"you did drug her though, and assault her by undressing her and taking her photo. you committed multiple crimes. you need professional help.","[2, 3, 5]",27
Oh yeah? Name one nature reserve or park and how will the wall affect them?,"[7, 27]",10
Keep pushing. You’ll come out of this stronger I promise,"[0, 20]",27
"I love military films, this was good. My theater was clapping when each terrorist got killed lol","[1, 18]",27
Is that the hot sauce she keeps in her bag?,"[6, 7, 27]",27
Why don't you just tell us? We're all dying to know!,"[7, 13]",11
I’m just gonna go ahead and call bullshit on most of the details of this story.,"[2, 9, 11]",14
I feel digestive regret just looking at them.,"[9, 24, 25]",27
Why tho... I don't understand why I like this so much,"[6, 18]",27
Now all we need is to beat them in the playoffs one last time and win the super bowl THEN I'll be able to be happy,"[17, 20]",11
"Oh, no wonder I like her so much!","[0, 18]",27
...says the opioid addicted narcissist with multiple untreated physical and psychological ailments and is completely unable to work with anyone but his own clone.,"[2, 3]",7
Thank god. This place was authoritarian.,"[15, 23]",27
Thanks hehe hit me up on there sometime!,"[1, 15]",17
I changed team snapchats name to “Bae❤️” so i get exited every time I get thing from them.,"[13, 18]",27
Your comment is kinda wasted. He can't read.,"[9, 27]",27
Shotgun rack? LOL. I had a BB gun rack on my Schwinn in the 60s in Houston.,"[1, 27]",27
Well one of our leading candidates is [NAME] so it's not like we're killing it in our search either,"[3, 10]",27
Would I rather be feared or loved? Easy. Both. I want people to be afraid of how much they love me.,"[14, 18]",27
Ok I tried to search the sub... is it too late to get a flair? It won’t work for me,"[4, 9]",27
"Not me, blue text posted it on fb airing out the guy but yeah she really handled it well ","[0, 4]",27
As far as I know you can only get one RI in a day.,"[20, 27]",27
Surely this particular one an extreme example? Thinking his brother is a lizard....,"[6, 7]",27
I've never been so proud of humanity.,"[21, 27]",27
can we all just get along over some tea,"[7, 27]",3
"Hey, can you post a pic (or many) of the chow/corgi mix? I really need to see it. Thanks. Actually, the kittens too. ","[7, 15]",27
"You’re in Iceland, a particularly craggy rock would be pretty interesting to you. ","[0, 4]",27
Omg!! Its rainbow!!,"[13, 17]",27
Thanks! I like your advice. I'm a mom too. I was even smaller after she was born than before my pregnancy. Weirdness.,"[4, 15]",27
Wow this was awful. What kind of audience do these morons have? I mean no one with the money to buy that junk would watch these fools,"[3, 11]",27
I didn’t know that. Gtk,"[10, 22]",27
"Interesting. See, that seems much more adult. And actually makes sense. The things we do in the US man...","[4, 27]",3
11 years goddamit I’m old,"[2, 3, 22]",27
That must have bean awesome to find those,"[0, 17]",27
What a fucking idiot lol,"[1, 2]",27
Thank you for your advice! I couldn’t agree more.,"[4, 15]",27
Stop using that excuse he hasn't been dominant since returning,"[3, 10]",27
Awesome thank you! I’m sure it was fine to wear but new guy here not trying to stretch any rules quite yet,"[0, 15]",27
i’m so sorry.....,"[24, 25]",27
I really like the colours but I'm wondering where that bit of shadow on the chin comes from.,"[6, 26]",27
:) thanks on behalf of kiwi. He’s quite handsome.,"[0, 15]",27
That's exactly why I'm asking you if you would.,"[7, 20]",27
"Maybe, I'm just saying that there are players with more talent out the gate than him.","[10, 22]",27
I am so sorry to hear about your wife’s tragic injury.,"[16, 25]",27
Wow! Never thought of it this way but that's a REALLY good point.,"[0, 15, 26]",27
Happy for u!!,"[5, 17]",27
"I schedule reading breaks during the day. It allows me time to relax if I’m feeling overwhelmed, but is still beneficial for the kids. ","[4, 23]",27
[NAME] with that birthday gift,"[13, 26]",27
Ahhh. A civil and interesting conversation on the internet. How refreshing.,"[13, 17]",27
Thanks love <3,"[15, 18]",27
"Oh my god, who in the world eats their cracker without its Shell? Simply disgusting, didn't even had to ask. Smh","[7, 11]",11
The real comedycemetery is people still posting this joke for the hundredth time,"[1, 3]",27
Its not fake. Its real. You now look hilarious for making ridiculous accusations and praises about a person that doesn't exist. Lmao.,"[1, 4]",27
dude people here can be assholes. there’s nothing wrong with taking a break.,"[3, 4]",27
Why not just bring the county governments back? Let them decide where to establish regionalized schools.,"[6, 7]",27
So did mine! And I'm now one myself. Sending a trillion hugs and props to you!,"[17, 18]",27
Hope to see you in the chat as the episode premiers! Best wishes!,"[15, 20]",27
Fantastic! Thank you for the info sir!,"[0, 15]",27
*How???* The internet never ceases to amaze me.,"[7, 26]",27
Lol nicely done,"[0, 1]",27
of moms give birth BY 30. About 11-13% of women are childless. Please lol some more.,"[1, 27]",27
"I could not agree more. Actually, last week I played in my first smash bros tournament! (I lost, obviously) ","[9, 10]",27
"Wow, thanks whoever did the silver❣ put a ray of sunshine into an otherwise cloudy day! ","[15, 26]",27
I was thinking the same thing! Then I saw your flair.,"[4, 22]",27
"I'm fine, how about you?","[5, 7]",27
Sorry you’re having to deal with that crap on your birthday. Hope the rest of your day gets better!,"[20, 24]",1
I need therapy but I’m too scared to go to therapy.,"[8, 14]",27
It's Incredible! So glad I could help with this! :D,"[0, 17]",27
"Very tired us can attendant: ""here are your vagina slimes."" ... thankfully the customer just laughed kt off.","[15, 17]",27
"I wish to join you on the search, as a source of motivation and friendship (sorry if that kinds led you on)","[5, 8, 20]",27
thanks for the thoughtful reply. but yeah I guess its mostly a pipe dream! I wish someone would post some detailed ideas and replies like this!,"[8, 15]",20
"Seeking, not expecting","[8, 10]",27
Damn don’t sell this,"[2, 10]",27
Are you okay? What's wrong?,"[5, 7]",27
"A Canadian Breakfast for €0?!? Unbelievable, what a world we live in.","[7, 26]",11
Isn't the minimum 3 majors or something? I don't think he made the cut but I'd be happy to be proven wrong,"[7, 10, 17]",27
Monster hunter world is making me desperately want to stay up all night and play it. But I can't make it past 11pm anymore 😫,"[8, 9]",11
"On VPR yes she is awful. On WWHL she seems very nice, and likeable. Not sure what's going on there. ","[6, 11]",10
"Ignorance, Illustrated","[3, 27]",27
I firmly believe that at least 30% people on that subs are just trolls to make the other 70% look like idiots.,"[3, 4]",27
That poor soul,"[5, 9, 25]",6
"Mate honestly what you had was a serious relationship with her, for all 13 years. I hope you heal up well.","[4, 5]",27
NIKE NIKE NIKE NIKE NIKE NIKE NIKE NIKE NIKE Those leggings lmao,"[1, 2]",27
"Oh my gosh, my Dodger blue heart goes out to yours and your family. I am so sorry.","[24, 25]",27
Dude has come up big in big situations time after time. To doubt his talent and clutch ness is dumb.,"[0, 3]",27
Hopefully you get a good bashing soon,"[2, 20]",27
Thanks friend lol,"[1, 15]",27
Thank you this is really inspirational,"[0, 15]",27
Merrily merrily merrily merrily something something scream... (I am not creative),"[13, 17]",13
I have a 4k screen lol. I didn't know you could do custom css rules. Thanks for the help.,"[1, 15, 22]",27
"hahaha, this is great. We need more anarchist jokes.","[0, 17]",0
Still won the race though ha who’s a failure now,"[4, 21]",27
"Yep, it's all extremely frustrating.","[2, 3]",27
We don’t improve without discovering our problems. Good on you man- wish you and your boyfriend many happinesses 🙂,"[5, 20]",3
Yes its absolutely freeing! And so pure :) Aaah my heart,"[0, 4]",27
My [NAME] and Papa were married 44 years before my Papa died last February. I hope to have a long marriage like them..,"[8, 22]",27
This isn't uplifting. This is *enraging*. This is what the government should be doing not nine-year-old fucking children.,"[3, 10]",27
Thank you! I’ll look for his art. Btw I have no idea what Faces of Death or Traces of Death is,"[6, 15]",27
I’m so sorry. You deserve so much better.,"[22, 24]",2
I'm having a hard time understanding what exactly happened. I'm sorry you're having these problems. 🙁,"[22, 25]",1
It's not funny. Your neighbor doesn't sound very bright.,"[3, 10]",27
That head must hurt!,"[25, 27]",27
You sound like you’re the one that needs a safe space (and a Depends change),"[4, 22]",27
"Never. He cheated multiple times, and each time I had an idea before I had proof. Listen to your gut. ","[5, 22]",27
Haha that's so true!,"[1, 4]",0
"Oh, totally mistaken - thanks for correcting me! I had read differently, but maybe that's in other states/cities?","[6, 15, 22]",27
"Although these are seemingly overpriced, yes, I adore these pieces.","[4, 18]",27
Oh damn I'm a clemson student I swore I had a flair on here,"[3, 22]",27
This is adorable I want an update,"[0, 4]",27
why wont i just fucking die,"[2, 3]",27
Is it a radical opinion to say no two consenting adults should not be able to kill each other lol,"[1, 7]",27
Fuck you're cool,"[0, 1]",27
The world needs a lil crazy,"[8, 20]",11
Humans are complex beings that we don't as people still don't understand completely. That is why.,"[9, 27]",3
May your test be negative and your New Year's be happy!,"[5, 20]",27
"I'm sorry to hear that. Wish I could be here to help you, stay strong ","[8, 24]",27
"If I don't shave I won't be able to wear a bikini, so not shaving is not an option","[22, 27]",27
I cringe when I see [NAME] playing while we’re stuck with sensitive old [NAME].,"[14, 27]",11
I wish I could help you but I’m in the same ditch as you. High school is causing me troubles too,"[8, 24]",25
"I didnt see a ref's hand up, I was about to have a stroke","[9, 19]",27
Here too. I just find weird colorful stuff and hope it doesn't clash too bad.,"[11, 20]",27
It is a racist nickname because you're literally using the man's race as a means to criticize him.,"[3, 10]",27
"I’m excited to see [NAME] come in here. I hope he plays some more quality, aggressive minutes","[13, 20]",27
He’s one of the calmest goalies I’ve ever seen in general haha,"[0, 1]",0
"That's encouraging. I have similar amounts of ETH and some LTC that's ""pending"" withdrawal from monday. Hoping I get it soon.","[0, 20]",27
[NAME] would be proud.,"[0, 21]",27
Is it my personal responsability if I was scarred for life due to abuse as a child ? IS IT?,"[6, 7]",27
"Ooh, good point!","[0, 4]",27
"Now that's brilliant... 30? woah. I'm only 19, hope it doesn't take me that long ","[0, 20]",27
"Have some more faith in him, it sounds like your husband is trying his best.","[5, 20]",27
"Thank you man whoever you are, this has really helped me. Best of luck to you too","[5, 15]",27
"No, he’s been with more women than I have been with men. He loves sex and has no problems with an erection. ","[10, 22]",27
>Any [NAME] who is married will skip her Well just for fun let's talk for a moment. Going to send you a PM.,"[1, 27]",27
"Shut up, [NAME]. ","[2, 3]",27
So happy for [NAME]. So sad he's not here. Imagine this team with [NAME] instead of [NAME]. Ugh.,"[17, 25]",27
That's how you think hes trying to input something. Glad it was my way home.,"[15, 23]",27
This is giving me so much life.,"[0, 17]",0
"If money's not a problem for you and you badly need to get braces then go for it, the sooner the faster your teeth can get adjusted.","[5, 27]",27
I don't know about that. Is that something?,"[6, 7]",27
Ok so how do I put money on this? Because I do not see Mac shelling out the goods to make that happen,"[10, 27]",1
I love the arm blasts on the ice. That dude was determined and loves his dog. Very cool.,"[0, 18]",27
She's as beautiful and as happy as ever,"[0, 17]",27
"Oh [NAME], me and kiwi or pineapple. Or that feeling when a tortilla chip gets stuck in the roof of your mouth","[3, 11]",27
"same, just found it interesting and sent it so people could see. ","[13, 27]",27
I'm worried he choked to death before he could finish the sentence.,"[16, 19]",27
Get the hell out! I will need to rewind this. Held her hand?? That’s scandalous.,"[3, 7, 20]",17
I got the 4K Blu-Ray and the Mrs and I are convinced you see more than butt in that scene.,"[4, 27]",27
Poor thing. Her arm looked stuck in the crutch as she fell. That had to hurt,"[9, 25]",27
"Well, that’s not a position many conservatives hold except for the [NAME], but I appreciate the honesty.","[0, 10, 15, 22]",27
"No car wraps? This was already upvoted a dozen times... Seriously don't understand the mods, man. ","[3, 6]",27
It’s kinda sad that this made me lol.,"[1, 25]",27
What’s that extra B for?,"[6, 7]",27
ISU was missing players and had to choke that game away pretty hard in order to lose,"[4, 27]",27
Please. I can’t even with these comments.,"[9, 25]",27
"Exactly, I remember loving those videos but I was also like 12","[18, 22]",1
I never knew that existed. I'm bloody dying right now 😂,"[1, 22]",27
The funny thing is [NAME] would probably be up for it. Let's do it! LoL sAiNtS,"[1, 20]",27
The comments under that video are disturbing. People actually see this as a sign of the end of times.,"[3, 10]",10
"I will, eventually. Thank you for the kind words.","[15, 20]",27
This is kinda sad,"[9, 25]",27
"The Fire are also trash and play their games 45 minutes outside of Chicago. Love you Fire fans, sorry about your ownership and FO. ","[18, 24]",27
That’s a fair point. Pretend to be a foreigner than? Haha I don’t know. I wish you luck my friend!,"[1, 4]",0
"I agree, thanks for the help and sorry for the late response.","[4, 15, 24]",27
"Money can’t buy happiness, but it can make getting there a hell of a lot easier.","[0, 4]",17
I hate [NAME] and [NAME] for what they've done to this franchise. And I'm growing to hate [NAME] as well.,"[2, 27]",27
I can easily relate to that as well. The siblings are the ones who will stick with us for the whole journey to the very end.,"[4, 18]",27
"Excellent! I hope that EU countries will issue statements of support themselves too, soon. Prime opportunity to really piss into Russias breakfast for once.","[0, 20]",27
It's ridiculous people blind fellow faith here in algeria,"[3, 11]",27
She’s so hot. Also happy cake day,"[0, 15, 27]",27
Ohhh sorry. I got it now. Thanks bruv,"[15, 24]",22
And sing the beat !,"[13, 27]",27
"Thanks, I actually just reached out to my counselor and said I'd like to switch to just myself.","[4, 15]",4
Drink. Watch hockey. Eat. That's what I do.,"[4, 20]",27
"That’s a shame. What’s worse, evangelicalism or Scientology? Tough call","[7, 12]",4
I absolutely did and loved every minute of it. I really do hope it gets more seasons,"[18, 20]",27
That’s very unfortunate for the bosses. Capitalism sure does commit genocide. Ireland. India. Indonesia. Vietnam. Iraq. Should I name more?,"[10, 25]",27
I had a blast watching it and am glad you did too!,"[17, 22]",27
Yes!!!!!! She’s a hot mess!,"[3, 13]",27
"Man, [NAME]. What a shame that trainwreck turned out to be. ","[12, 16]",27
deleted ^^^^^^^^^^^^^^^^0.1122 ^^^What ^^^is ^^^this?,"[6, 7]",27
Being a broke college student doesn’t help😂 thank you for taking the time to listen though it’s really helpful lol,"[1, 15]",27
Not that I fully disagree but this seems a lot more like a rant that you want people to back you up on rather than a genuine question.,"[3, 22]",27
This is lovely. Didn’t expect the end.,"[0, 26]",27
...do you know who owns the Metro? E: It's wholey owned by the Daily Mail Group,"[7, 27]",27
Thats a meme? That feels more like depression,"[3, 10]",27
"Bipolar symptoms tend to be very fun and exciting, but they can also be very bad and harmful. She should get some help.","[13, 17]",27
Can the Ark be filled to the brim with animals? I would love to Dynamite two of every kind.,"[6, 7]",2
"Human nature also leads us to greed, violence and aggression. Natural doesn’t equal good. Cancer is natural.","[4, 11]",5
I don't care it's amazing there lol,"[0, 1]",27
You sir are a true hero.,"[0, 4]",27
"Bet you don't even get £400, you probably only started this thread for some attention ","[10, 27]",27
"It's a cruel, uncaring universe we live in. Fingers crossed things won't completely fall apart for them.","[2, 20]",27
"Thanks for the encouragement, it means a lot! Glad you liked it, seeya around 👌","[0, 15, 17]",27
Typically the speeches come from a functional adult. The Idiot is an unindicted co-conspirator with a visible personality disorder. Feigning normalcy is part of what's wrong.,"[3, 25]",4
I understand. Thank you for the suggestion.,"[15, 22]",27
How did your consultation go? I would really love to hear what it was like. I'm starting to think about my future consult too.,"[7, 18]",27
We have a realistic chance of winning this.,"[4, 20, 27]",11
"sorry I dont understand, I dont keep up with celebrity gossip, was [NAME] involved in something [NAME] related?","[7, 10]",27
All the best. Safe travels.,"[5, 20]",27
Had to comment just to say that I don't even know what to say to this. It's so mindblowingly stupid.,"[2, 3, 27]",27
I'm sorry my Baby [NAME] joke made you so angry.,"[24, 25]",27
"He's a selfish bastard druggie, so we no longer care about him. Thank you for your condolences <3","[2, 15]",27
Think about how many times OP has jerked it into those sheets,"[3, 27]",27
"You know what you’re right, not with risking my CC info. Good thing I was too lazy to do it right away. ","[0, 22]",27
No. It doesn't. And a moron on Reddit has no authority to say that it does.,"[3, 10]",22
"They look incredibly legal, organized, and accurate, just like yours! ","[0, 4]",27
Thank you. Just hoping I'll make it with minimum damage inflicted on my friends who are helping me move,"[15, 20]",27
Help with what?,"[6, 27]",27
I got offered a couple of batches. They weren't 100% terrible but I feel like they could've been better so I didn't take them.,"[9, 10]",26
He will the author already spoiled it in previous chapters.,"[3, 27]",27
"Alright, I really wanted you to go to HR but it might not go right for you","[5, 27]",27
im sorry for your loss. your aunts behavior is disgusting. dont give her anything.,"[11, 15]",27
I miss [NAME] butt.,"[9, 25]",27
"I’m in a similar situation, but mine is my spanish teacher she favorites the boys, and she really just hates me","[3, 4]",27
"First of all, sorry for your loss. Keep in mind that funerals are for the people still alive not the person who has just died.","[24, 25]",27
Is this our year ????,"[6, 7]",27
nice try buddy,"[15, 21]",10
and...?,"[7, 27]",27
"Thanks man I’ll try, you stay strong too!","[0, 5, 15]",27
"You’re disgusting. I hope your wife finds somebody much, much better than you.","[11, 20]",27
Lol seriously. I mean Vardos was really cool but other than that the story was so bland and predictable.,"[1, 9, 22]",27
I'm about 5 weeks of NC after a 1 yr relationship. It gets better. Occupy and work on yourself.,"[20, 27]",7
Poor [NAME]. I like her. I wish they'd show what's going on with her.,"[8, 18]",27
"Right? This pops up like atleast once a month, for months now. Dude needs serious therapy...","[5, 27]",27
"Yeah, I probably should’ve gone ahead and looked that up beforehand. But the issue remains the same, even at that price.","[22, 27]",14
"Yep, regardless how people feel about this benign ad, it has generated 6.9 million views and countless posts. It's a resounding success.","[0, 4]",27
"I had a young woman patient who was repeatedly found on the floor, naked and masturbating.","[3, 11]",27
He’s a douche because... why? He got turned on by some animal porn? Why does that make him a douche?,"[7, 27]",27
I cannot believe the fucking audacity of him. Have some shame for [NAME] sake.,"[2, 3, 9]",27
"Why or when was he ever a locker room cancer though? Am I missing something? Thanks for the downvote for asking a question, though. ","[6, 7, 15]",27
I didn't realize it was that common of a thing for guys to do xD,"[1, 22]",27
Good answer. Thanks for taking the time.,"[0, 15]",27
So far she seems pretty decent but I'm side-eyeing the hell out of him. His conduct at the restaurant was so bizarre and creepy.,"[0, 3]",17
I’m literally shaking right now😫,"[14, 19]",27
"That guy is an actor. Forgot his name but he's in imdb, played small roles. ","[0, 21]",27
"Touche lol. Ours usually comes back pretty quickly, I think this is the longest it's been out.","[0, 1]",27
This is so painfully 80s. I hate it.,"[2, 25]",27
lol. good one dude. you really showed me. great argument. really showing off your intellectual prowess. keep up the good work!,"[0, 1]",27
I don’t understand the point you’re making sorry,"[9, 25]",27
Small group of friends either outside or at home listening to good music would be ideal for me. Maybe even one sober person to drive our high asses around,"[0, 4, 20]",27
"The only rank that can't be deranked is diamond. However, all rewards are based on peak elo. So don't be afraid to keep playing.","[5, 20]",27
I miss my Shrek Ghrok :(,"[9, 25]",27
Intresting. Well I sure did learn something today! Cheers!,"[0, 13]",27
"Great person, tough as hell, will truly be missed😢","[0, 25]",17
Happy to assist with the credit repairs. I've been in the industry for over 20 years. It takes time but it's fixable.,"[17, 27]",27
"[NAME] we support you! Love from Mexico I hope everything works out for you, whatever you decide to do!","[5, 18]",5
YES!!!! I will never understand why some post rants complaining that they cant make $$ off another persons hard work.,"[4, 27]",3
No. You seem to still be completely misunderstanding what memory conformity is. Are you familiar with the process as documented in the peer-reviewed literature?,"[7, 27]",27
She does seem fully committed. That’s just why I’m a bit confused. I’m hoping she does deep inside. Thank you.,"[6, 15]",27
I wish I would’ve! Idk why I didn’t record it I think I was just in such shock of what had just happened lol.,"[1, 20]",27
Relax it's a joke. Everyone does some 90's at the end of their videos. Otherwise people will assume that you aren't sweaty enough.,"[1, 20]",27
I'm not the disgusting. I take good care of her. I just have barriers. What is wrong with that?,"[5, 7, 10]",27
Happy new years!!,"[13, 15]",27
"Wow, great news bro!","[0, 26]",0
"Thank you for turning me vegan, good person!","[0, 15]",27
[NAME] are not the best at being subtle about being incels...,"[10, 27]",27
For myself and my lustful habitual sins if you don’t care. I’ll be praying for everyone in this thread too.,"[3, 5]",27
"That’s awesome, wonder if it’s available to buy on eBay. ","[0, 7]",27
Meanwhile in western society grown-ass adults will leave their McDonald's trash scattered all over the place just feet away from the bin.,"[2, 3]",27
Hardly surprising. Now they also lost their coach... rip,"[16, 26]",24
"Sorry, you misspelled disrespectful. You don't have my trust. Here are the divorce papers.","[24, 25]",27
Why do the religious think an omniscient god needs to test people? Shouldn't it have know who would fail long before it even created the Universe?,"[7, 27]",27
"Exactly, humans are selfish. That was kinda my point, my reasons are superficial and only affect me. Theirs are not. ","[3, 10]",27
Ah ok! I figured I was getting it wrong.,"[4, 22]",27
I am a 22 year old male... i hope to give mine away to a amazing girl someday...,"[0, 20]",18
I love chicken,"[0, 18]",27
Nope! But happy for you❣️,"[5, 18]",13
"Thank you! Happy New Year, hopefully it's a good one","[15, 20]",27
"Weird, Tuxedo Mask looks shorter and pudgier than I pictured him to be","[9, 11]",27
"Sorry, I have plans that day, week, month. Watching TV while you peruse Reddit are plans aren't they???","[7, 24]",27
Is that her official name now? [NAME],"[1, 7]",27
Ya. It's not what you think to start. Awesome show ending within 5 seasons with a planned ending. It's refreshingly hilarious. Netflix available.,"[0, 1]",27
I might be having carrot cake tonight!!! I love it! And that coffee sounds like the perfect pair! Enjoy it,"[13, 17, 18]",1
Done and done in the memory of [NAME]. I am sorry for your loss.,"[9, 25]",27
There’s this which is terrifying to think about,"[14, 19]",7
You're a big guy.,"[0, 27]",27
"Unread. Unworthy of my or anyone else’s attention. You’ll have to hate alone today, [NAME].","[3, 27]",27
Wonder if some of the ‘cuse guys we got because nobody was available anymore will be cycled out,"[7, 26]",11
I remember that one. I to found a special fondness for vacuums after that.,"[4, 22]",27
Power trip blindness is scary; how someone can't see the obvious aftermath of acting like this with their employees?,"[6, 14]",26
I didn't have an umbrella and got wet but it's so damn humid still it's all stanky feeling outside.,"[3, 10]",4
The kind look on his face certainly helps,"[20, 27]",27
"It's awesome. Sorry, I am a red-blooded male. I see a beautiful woman with a thick 10/10 body and I like it. 😎","[0, 18, 25]",18
It’s all about the tech my friend. The person who knows how to control the modem has the power.,"[4, 22]",27
[NAME] I LOVE YOU,"[1, 18]",5
"Or at the very least, why can't healers have HAMMERS!? (... I miss Legion :(]","[25, 27]",27
"Thanks for posting OP, much love to the [NAME] out there.","[15, 18]",27
[NAME] was very athletic,"[0, 21]",27
thanks! That helps,"[5, 15]",8
Curse your sudden but inevitable betrayal!,"[3, 27]",27
Upvoted twice because this is EXACTLY what they think it is and it sucks rat balls.,"[2, 3]",27
"Yeah, I started to see that as a better option from reading these comments since I own most of the house anyway. Thanks for your advice.","[4, 15]",27
And let us not forget the lord's privilege with a new bride. Ahhhh......the good old days.,"[0, 17]",27
I figured just being there is the main help. I will probably ask them as many questions as they ask me.,"[4, 27]",12
when has one of those systems succeeded?,"[6, 27]",27
Oh. Much less exciting than the edit. We live inside the fungus.,"[9, 11]",3
"Considered going for the 1st time this year, then I see all the ads targeting kids specifically. Feels weird as a 26 year old seeing all this..","[3, 11]",27
"So glad my mom didn’t act this way when I was diagnosed.... oh, and my mom was smart and vaccinated me","[0, 17]",27
Ill take condoms and council tax over dying in horrible pain from typhoid but each to there own.,"[8, 11]",27
"Now, remember, this is a very dulled version of what were used to considering they’re still riding the super bowl high from last year. ","[9, 27]",27
their just mad because i love olicity and i think it's the best ship in the whole arrowverse. oh and because i think laurel is trash.,"[0, 18]",27
"This might actually be one of the few cases where parallel poly will make sense, then ^^","[4, 27]",27
I think peach is hotter but not her attitude ha,"[3, 27]",27
Baby you was right,"[4, 27]",0
Hahahah this is one of the dumbest thing i ever heard. Thank you for sharing and giving me a good laugh,"[1, 15]",27
Yes I love that show! I need to watch the last episodes now that I think of it,"[8, 18]",27
That isn't in the rule.,"[10, 27]",27
Hopefully we will se [NAME] at least as a sub. We love you [NAME].,"[18, 20]",11
That was an horrendous season to an otherwise amazing show,"[0, 14]",27
"I didn’t think it was possible for one Twitter account to be so obnoxious, but here it is.","[11, 22]",27
"San Junipero. What if old ladies could fuck, using the Matrix!?","[7, 20]",27
"Just say that you don't like it. It tastes of blood, tears, and death.","[10, 27]",27
I love this meme,"[0, 18]",27
"I love them, it's so fun to jump around everywhere","[17, 18]",27
omg that's gonna be a hell of a reunion as well,"[11, 25]",17
but this girl said no make out lmao she just want a cuddle buddy till marriage XD,"[1, 18]",27
"New year home boy. You can still change. If not, 2020 is your time to shine boiii","[5, 13]",13
"Nah no offence taken! Just trying to keep things civil HAHAHA, it’s all good my man. ","[1, 4]",27
Probably overdose in a hotel after losing my virginity to an escort on my 30th birthday,"[8, 20]",25
Demonize - to portray as wicked and threatening. It's not hard to demonize someone when they regularly demonize themselves.,"[19, 27]",27
"Sorry, an errant surge of frustration ","[3, 24]",2
"Sure, they can help nurse [NAME] back to health. ","[4, 5]",27
"Yes, and then look hurt when you glare at them for causing a scene and/or not being just as tickled as they are.","[9, 27]",27
"Is there anything more conclusive, recent, and far reaching than a survey in 1988 Arizona?","[7, 27]",27
Oh ok sorry,"[24, 25]",27
only took em all of the time to realize,"[22, 27]",27
Oh that's hard. I hope you get an amazing nap in the car. The exhaustion is real with babies.,"[0, 20]",27
"I have [NAME] hat so I could marry it, flip it and kill it","[3, 17]",27
I understand. Sorry that happened to you. Stay strong!,"[5, 24]",27
Hell yes 😁 I loved it.,"[4, 18]",17
Ahh you poop too much,"[3, 27]",27
"Ugh, thanks. I'm still working through it emotionally 😂😂 so funny about worrying over the stain! ","[1, 15]",27
"It doesn't cost money to organize. It costs time, effort and concern for your country.","[4, 22]",27
Have some humility,"[5, 27]",27
"Such a great thing to hear. Setting aside my very immense distaste for SA, this really just makes me happy. I love our country.","[0, 17, 18]",27
This is so scary. Keep safe! I would put fencing up and become a licensed carrier at that point. Sounds like crazy druggies!,"[5, 14, 19]",0
You did a good choice :) i hope all goes well im proud of you !!!!! :),"[0, 20, 21]",27
"In hindsight, yeah, but we had a healthy [NAME] at that point.","[4, 15]",11
Society started going downhill at exactly the point where I became negatively affected by social change.,"[3, 9]",27
"I've got my sticker peeled off, nasty desperate notes left on the windshield, driver door..","[11, 27]",27
How the fuck do you moan tho,"[2, 11]",27
Eh my doctor isn't a GP. She knows her shit.,"[0, 4]",27
"JV for AD - i know its lopsided, but we need to swallow that pill.","[4, 27]",11
"Thank fuck they died... I mean rip, so sad 💭🙏","[3, 25]",27
Did she do it yet? I refuse to look.,"[7, 10]",27
"Oh that also would have been good. Plus, breaking pottery is so satisfying","[4, 20]",27
why the fuck is this getting downvoted,"[3, 9]",27
Happy Cake Day [NAME]! Enjoy this slice on me 🍰,"[13, 17]",27
Nah I’m good. I like my parents and their food.,"[4, 18]",27
That’s so nice! Kindness like this makes my heart happy.,"[0, 17]",10
Oh he dead,"[22, 27]",27
Crazy how quick people are to forget.,"[7, 9, 26]",27
This is a very good meme op but I hope you're doing good:),"[0, 20]",27
Ok so the scape goat is gone. No more excuses now [NAME].,"[3, 9]",27
She looks like one of my exs always feels weird seeing her about,"[3, 11]",27
"Yes, this is karma farming and it is disgusting to do that, BUT the title *could* be correct. It probably is made up though. ","[4, 11]",27
"Has he recieved ""Consent of the Congree? Don't deflect, that was the Constitution not CNN. ","[7, 22]",0
I'm glad you managed to find your own fun and most probably made a big contribution for this great ending. The whole masked rogue idea was amazing,"[0, 23]",20
How does that get past the health department? Birds are filthy. Half cooked birds wing is disgusting.,"[7, 11]",27
"It's the ""boyfriend around school haha jk"" thing that makes it weird.","[1, 3]",25
Looks great but am I the only one who can't hear anything?,"[0, 7]",27
"I'm crying right now, I don't know why. Doesn't even make me feel anything. ","[6, 25]",27
I like in Iowa. The weather part is true,"[0, 4]",27
Oh we’re TANKING tanking,"[2, 22]",27
Calm down.,"[5, 27]",27
Amazing shitpost.,"[0, 4]",27
"To be honest, I have complete sympathy for this woman and she needs help, not prison. ","[4, 5]",27
I’m on it. Will be recruiting family and friends as well. Thank you 🙏🏻,"[4, 15]",27
The only one to really be sad about losing is [NAME] tbh,"[25, 27]",27
I understand why... But it's so sad we have to lie... It breaks my heart...,"[9, 25]",11
Thanks. I'm in the same boat about being against therapy. Good luck to you too.,"[15, 20]",27
That was awesome. Momentum is really something isn't it?,"[0, 17]",27
When you're too stupid to realize they showed off character customization in the trailer...,"[3, 22]",27
They both crazy,"[17, 27]",27
"I actually really like this, and unironically find it funny. Forgive me.","[1, 18, 24]",27
"That's a very smart move. Anyway, congrats gamer girl, this is epic!","[0, 15]",2
"I hated [NAME], but only because I thought he was good and played for the Cowboys. I feel the same way about [NAME] and [NAME]. ","[0, 3]",27
"My favorite so far is ""national emergency declares national emergency.""","[0, 17]",8
"They're all the same, all the ratemes are a trap. It's just sad people keep falling for them because its so obvious it genuinely hurts.","[22, 25]",26
I enjoy shouting this at my husband and our friends when they're being especially nerdy.,"[1, 17]",27
"If you want to live the dream, good luck! I won’t change my mind until I get my stolen ETH back from them ","[4, 10]",27
There was no need to crap on this guys feelings but you decided to anyway. At least you did the right thing a helped him dodge a bullet.,"[0, 27]",27
I’m on mobile and I can see them. Omg it makes me so happy 😂 never noticed if before either. iPhone btw,"[4, 17, 22]",27
"Where do I sign up, then? Haha.","[1, 6]",0
"Besides, Canada is extremely choosy about the kind of people they allow in.","[5, 27]",27
Hello! [NAME] is beautiful but I’ve only been once. I never had the whisky so I can’t even argue haha.,"[0, 1]",0
"Also, note how the First Order recruits....children. That certinetly could lead to rampant abuse.","[5, 27]",27
"Nice watches, Id love to get one if they were a bit closer to my price range","[0, 18]",10
"Same here. But I thought ""[NAME]"" is a fitting name.","[4, 22]",27
"That’s awesome, congrats! ","[0, 15]",10
Oh good I’m not the only one. Hello my people.,"[13, 23]",27
Is this from “Please Like Me”? I loved that show. The last season had me in tears though. Really hard to watch. 😢,"[7, 18, 25]",27
"And why isn’t it ranked average, Bayern are second most average but ranked 4th for most supported, cmon now they just had less games....","[10, 27]",27
ooh a piece of candy,"[17, 27]",27
Hell yeah buddy things are looking up.,"[3, 27]",17
"""Feed the wars and fuck the poors"" is pretty much their policy.","[2, 3, 10]",27
This live action version is good but whats the original anime?,"[0, 7]",7
[NAME] for sure. I really hope we don’t lose [NAME] though. He’s basically our ace for the moment.,"[8, 20]",11
Despite how much the Liberals and NDP apparently hate each other they really do work well together.,"[0, 6, 27]",27
That sucks :( are you guys still in good terms though?,"[3, 7]",27
Nah mate i think you have me mixed up with someone else. I am [NAME]. Pleased to meet you.,"[10, 15]",27
Glad you got her back! Fantastic way to start off the new year with good news!,"[13, 17]",27
"[NAME], don't fucking front the pass if your help defender is [NAME] he will not help you","[2, 9]",27
this is amazing,"[0, 13]",27
[NAME] found the perfect position to not have to defend [NAME] or [NAME]. Amazing instinct to be honest,"[0, 4]",27
"If your friend ever decides to go public with their content, make sure to let us know. We're more than happy to promote them. ","[17, 27]",11
My goodness I didn't even know this existed. This is my first time seeing something like this. Pretty cool stuff.,"[0, 26]",27
Did anybody else noticed the mom right at the end hand gesturing the boy annoyingly as if it had been his fault?!,"[6, 7]",27
Take the child from them! Wtf? Theyre so dumb. You always secure the kids seat!,"[3, 11]",27
"Yep, they’re women’s shoes!!","[4, 27]",0
"This is an incredible insight I've never thought of before. loyalty vs disloyalty, compared to care vs harm, I mean.","[0, 4]",27
Please try again; even [NAME] would make for a better ending.,"[5, 20]",27
Awesome! Congratulations. That is a nice investment.,"[0, 13]",10
That is not a law. It's a freaking poem that someone decided to write.,"[2, 3]",2
You nailed it!,"[0, 27]",27
May [NAME] bless your efforts. I wish I could be there. De verdad soy Panameňo.,"[5, 8]",27
442 is how many goals we're scoring today,"[8, 20]",11
That is profoundly messed up.,"[10, 25]",27
Went on a date with someone whose 8 years older than me. She didn't realize I was only 20. Whoops.,"[4, 26]",27
that sounds absolutely adorable!! im glad you had those kittens there as a distraction :),"[0, 17]",27
Happy cake day!,"[13, 17]",27
Get out. And take your facts with you.,"[2, 3]",27
[NAME]... Nice,"[0, 4]",10
"I low-key love his YT channel, he's genuinely an interesting and good person","[0, 18]",27
I wish this was because he was being demoted and we were getting a new DC,"[8, 20, 22]",11
"Dont see why she is attractive, she looks like a chihuahua with watermelons on her chest.","[6, 10]",27
"Id be glad, I used to take those off when I was a kid. I dont want brightly colored rocks in my brownie","[10, 15]",27
I gave up trying to be 'normal' years ago. But I get your point though.,"[4, 22]",27
im trying to but my depression gets the better of me i have my good days and bad days,"[22, 25]",27
Was it a promo for the cross overs?,"[7, 27]",27
"Noooo. I seriously did not know that. Yes, mind blown. ","[10, 26]",27
He's not alt-right. He's just the normal clutch pearling conservative. He's like an annoying villain from an 80s movie.,"[3, 27]",27
"Does Instagram and Facebook have these nested ads/ articles? I’m not on social media enough to notice. Well Reddit, but I never see ads. ","[7, 10]",27
"I will not be preposition shamed. but yeah, you're right","[4, 27]",27
"It is really boring. There is a culture in church, but it is essentially soulless and is really only weirdness with a heaping of superiority complex.","[3, 10]",27
"when to do it- janitor or something and out of cleans, everyone agrees to it. when not to do it- d2 literally ever","[6, 27]",27
"[NAME], I love these kinds of threads.","[17, 18]",15
"this is super cute, i love it","[0, 18]",27
"Lmao, I remember [NAME] saying this was the best game he'd ever played and was debating whether he should switch from HS.","[1, 27]",27
"Oh, you're completely right. I'm an idiot. I'll be here eating my words.","[3, 4]",27
Sorry it didn't help. I hope you can find something that does.,"[20, 24]",27
"This is good advice, and I apologize for freaking out. ","[0, 24]",27
"Not everyone find it meaningful, but it helped me and my friends at least :) Hope others may find it useful too","[4, 20]",27
I might be able to help. A/S/L?,"[5, 27]",27
Don't be a [NAME] and misuse this term. We've reserved it for a movement of women who are done with sexual harassment.,"[2, 27]",27
"You're didn't vote for her you are obviously a racist, sexist, homophobe, you're the worst kinda person.","[2, 11]",5
This comment is complete garbage.,"[3, 11]",27
"Because you're not making one in any coherent way. As such, I'm done. ","[2, 3]",27
Lol loving these choose your own ending memes [NAME] 💕,"[1, 18]",1
I feel like the world just doesn’t want [NAME] to have the spotlight. This is torture for a [NAME] fan like me. :’(,"[9, 27]",11
"black bears will run off if you yell at it. if its a grizzly, you play dead and hope it believes you. ","[20, 27]",27
[NAME] would love [NAME]. [NAME] would hate [NAME].,"[18, 27]",27
"Fly, you fool!","[1, 3]",27
Thanks for the recommendation! Hopefully my Ulta will have some to swatch!,"[15, 20]",13
tailing... BOL!,"[13, 27]",27
i luckily became really good friends with one. we definitely helped each other process our pain from him... so surreal how well they spin those lies,"[3, 9]",27
We’re honouring good King Billy. That’s also how we decided which [NAME] brother to buy.,"[0, 4]",11
With just coffee and nothing fancy I did love the Komodo blend back in the day.,"[18, 27]",0
I'd still try to pet it,"[5, 27]",27
Lol the lefties are gonna see their arses over this!,"[1, 3]",27
Omg [NAME]! One of my favorite bb players,"[13, 17, 18, 26]",27
"Funny enough, not all [NAME] are celebrities.","[1, 17]",27
She was walking like that shoe was up her butt at the club. So tacky and just nah.,"[11, 27]",27
I dont know this one (new or yet another alt) I can't take people seriously when they have a hidden agenda for these questions,"[9, 27]",3
[NAME] is a gem and I love him but he should really be a DH somewhere,"[0, 18]",27
I finished high school back in 2010 friend but yes good luck to me for the weekend 😎,"[4, 20]",25
"Because he's an anti-science fool, like other irrational ""environmentalists"".","[3, 27]",25
"They could have checkmated the ""journalists"" and avoided this situation by saying they decided to switch to only pay for quality journalistic work.","[9, 27]",27
My life has been destroyed,"[16, 24, 25]",0
"I’m not sure why they thought it was cute, but this is what that alluded ","[6, 27]",27
[NAME] Almighty. This may be the most empathetic and compassionate reddit thread I've ever seen! Who ever said drunks were mean? Terrible stereotype.,"[14, 25]",27
"I don't understand, was he purporting to be a priest? This list has him as a seminarian. ","[6, 7]",27
"Ya missed a clue there, Guess it never hit ya!","[3, 9]",27
I would say they do because it was a horrible accident but they were also in the wrong. The military tried to get them to disperse they didnt.,"[9, 25]",27
Yep. I have a reading goal along with my weight loss goal.,"[8, 27]",27
Should be coming this year with MW4. It's now or never,"[4, 27]",27
I both love and hate everything about this,"[11, 18]",0
People would still always parry them (600ms) :(,"[3, 9, 25]",27
"I work at an R1 university, with most of my team composed of CS/CE undergrad students. Yes, I've known many...","[4, 27]",27
"wait, no more [NAME] SJW pwned vids in my recommended? YOU DARE DISGRACE OUR LORD AND SAVIOUR?","[3, 7]",27
Have you told this story before? It seems really familiar.,"[4, 7]",27
Posts like this depress me severely. I pray to [NAME] my kids don't live with me until they are almost 30.,"[8, 9]",27
"It also would have to take less than like 2 hours for me to get to my destination, time is worth more to me than real money ya know","[4, 20]",27
"Nothing happens. However, I'm glad that ICOs have ceased to appear. ","[4, 17]",27
"There's a sweet spot. Pathfinder Kingmaker has important lines voiced, and others are just text. It works great.","[0, 27]",27
I love [NAME] comedy. I hope she makes another show.,"[0, 20]",3
Sorry I am kind of new to posting here. Didn't even know that existed! Gonna try and move over there.,"[12, 22, 24]",9
Funding was never the problem of Mass Effect. EA is. You're confirming their bad business strategy.,"[4, 27]",27
Interesting how [NAME] leads his team in BPM and RPM every year while not being the most important player. Defense and efficiency matters.,"[0, 27]",27
Y’all some sharks. I’m really just out here trying to be hopeful for the future of my team after a heart shattering lost.,"[9, 25]",27
Thanks for your opinion. It's highly respected lol,"[1, 15]",27
Haha damn this put a huge smile on my face! Good job on handling that situation. This almost deserves it's own post!,"[0, 1]",0
There is... use a credit or debit card.... lol it hits instantly I just did it literally last Sunday,"[1, 4]",27
Was getting ready to comment about this one. Was really surprised how much I liked it but can see why it’s not for everyone,"[4, 26]",27
I've been waiting to watch [NAME] die for a long long time. Sure hope that one is right.,"[7, 20]",27
Can you imagine not being able to pick your nose THE WHOLE GAME ! Those poor bastards.,"[2, 3, 11]",27
"I am so very, very happy at your last sentence. If you understand that, you will be permanently free.","[4, 17]",27
Oh. My. [NAME]. I can’t handle this,"[9, 26]",11
I like how because it’s on topic you assume everyone involved is making it their entire being. Lmao.,"[0, 1, 4]",27
Oh cool. Did everything else that got listed not happen either?,"[7, 17]",27
"CIA?... Yes, this one right here.","[4, 6]",27
That comment reads like something out of a circlejerk sub. I can't believe it was said unironically,"[9, 10]",27
"Yep. Two actually. Both older. Brother undiagnosed, sister diagnosed. It’s been a hellish nightmare... ","[4, 9, 25, 27]",27
"Still undecided. May depend on how much an uber costs, lol.","[1, 6]",27
Sounds like they’re not responsible and shouldn’t have the right to have these.,"[10, 22]",27
"Also, he never gets hurt so you can't Robidas the guy. ","[25, 27]",27
Well new years eve people can hit it with some luck in my area haha,"[1, 17]",0
I promise you it would for most people. You're just spoiled with having the mountains 45 minutes away.,"[9, 27]",1
"I have never seen [NAME] playing like this! (only started watching this season, not sure about last one)","[26, 27]",27
Lol good talk,"[0, 1]",27
Wow. Yes,"[4, 26]",27
I hate when these crooks say it ain't so cuz it is🇫🇷😤,"[2, 10]",27
I don’t understand why you got a couple downvotes. I found your comment quite funny.,"[1, 6]",27
A car. Let someone else eat the immediate depreciation and break it in for you.,"[9, 27]",27
can't wait to catch me one of them suckers,"[7, 13]",27
"That's how you're supposed to serve a pretzel, so it doesn't go soggy whilst lying flat on a plate. ","[5, 27]",26
That was horrible defending what the hell,"[2, 3]",17
I can never refold the paper properly so kudos just for that!,"[15, 26]",27
It’s harder when you have kids with the partner.,"[19, 25]",27
"Ya, because it’s funny and relatable","[1, 4]",27
"Yes, some doctors look down on military docs. However, I've never seen military nurses looked down upon. If anything, it gives them a leg up.","[4, 22]",27
Major props to your mom!,"[0, 15]",9
Did you know it inspired a direct to dvd adaptation with the same name?,"[0, 22]",27
Does he even own a pair of airpods? Broke boi.,"[7, 9]",27
Lol okay. It's not like they're billion dollar organizations that have their own personal agenda. Fine. Enjoy your bubble.,"[1, 17]",27
Thins are my favorite and I will not apologize. It makes the flavor of the cookie shine through.,"[18, 20]",27
"2000 kid, know cursive but really badly. I have old notebooks that are barely legible because of my cursive lol","[1, 11]",27
Boy where is you. We use to race on the parkway in highschool lmao.,"[1, 27]",3
"Right, we don't know for certain. It was just what I've heard. We'll have to wait until we can test it.","[20, 22]",11
[NAME]! I told you it would come to this. I was right. The [NAME] are taking over!,"[20, 27]",27
Sorry for having a working brain :3,"[24, 25]",1
Worst feeling ever,"[11, 25]",5
I didn't even think about counselors or talking to my obgyn. That's a great idea! I really appreciate the advice and encouragement :),"[0, 15]",20
How is this cable beneficial to Belgium? Who agreed to this?,"[3, 10]",6
I'm slightly ashamed to say I thought that was what the title implied too. Glad that's not the case,"[12, 17]",27
Got boomhauer(?)(boom-how-er) pretty right tho his character was apparantly a [NAME].,"[4, 27]",27
"Good deal, thanks","[0, 15]",27
"Ok, thanks for the clarification. I don't find it compelling but I appreciate your time and patience.","[0, 15]",27
"Ah, I love a quality rant, OP. Please keep up the good work! :)","[0, 18]",27
Putting them away feels so good it’s worth the frustration. Snipers dropped my career KD by like .15 >__<,"[2, 23]",27
So edgy. 1/10 Try again. You can put a little more effort into your trolls.,"[3, 20]",27
What did I just read,"[26, 27]",27
"I have considered that, and if is possible, I will see where it leads me, thanks.","[15, 20]",27
Thank you all for your responses! Some new info for me is giving me hope again lol see ya on the battlefield,"[1, 15]",27
"Something cute and fluffy who gets to nap a lot, lol.","[0, 1]",27
Still love [NAME]. Gave his heart to the Broncos for many years. Hope he can go out and win himself another ring this year.,"[18, 20]",3
[NAME] and [NAME] for Trout?,"[6, 7, 27]",27
I like the pig because shes stealthy,"[4, 18]",27
"Screw that psycho lady. [NAME] is ridiculously adorable, OP, please give him gentle head pats from me!","[0, 3]",27
in your neck?,"[6, 7, 27]",27
"This is an excellently written response, thank you for offering her your support. ","[0, 15]",27
">You can't do anything about it now, and nobody cares. Hundreds of thousands would disagree with you.","[10, 27]",27
this season has already become my favorite over '12-'13 (yes I know '08-'09 was better but I enjoyed watching the '13 team more),"[0, 4]",0
Hopefully no one was sitting on his lap at the time!,"[8, 20]",27
I’m so sorry for your loss. It’s the smallest things that take up the biggest part of our hearts.,"[24, 25]",27
"My kids did, I’m sure! I hope this card enjoys the bottom of my trash can. ","[4, 20]",4
"Of course it was a smart move, it's only dumb if its the only move","[0, 3]",27
"Agreed. But considering their poor cars were carrying 1200+ lbs of weight, that might slow things down lol","[1, 4]",27
"Well, to them that probably was the polite term! That's funny though lol","[1, 17]",27
Cheers! Let's keep it going!,"[13, 17]",27
"omg what a nightmare, I feel for you 😞 is there any way you could order it online?","[5, 7, 19]",27
"Kill me, [NAME] ","[2, 27]",27
🙄 i hate these people.,"[2, 3]",27
"I'm sorry, but that poor kitty looks miserable.","[24, 25]",27
"I thought it may be the industry, but based on other people’s answers here, I’m not so sure :/ ","[6, 10]",27
That's...not at all what I said. I said I *hoped* they would tell me. [NAME].,"[3, 10]",13
Wow.. You must be fun at parties,"[1, 26]",27
I'm so sorry. Hang in there.,"[24, 25]",3
"LOL, you’re a good sport. In all seriousness pretty cool picture.","[0, 1]",27
You know how I know Boomers are trash? They love [NAME].,"[18, 27]",4
Congrats. Having a steady job (and one that I actually enjoy somewhat) is the #1 thing that helped me out with depression/anxiety.,"[0, 15]",1
He gets to watch boxing for free and get paid for it. It's probably his dream job. I'm happy for him! :),"[5, 17]",27
A lot of people call that this is only one they made her sick,"[9, 25]",27
Sort of like a window?,"[6, 7]",27
nah [NAME] ditto is a bad idea. Unless the marth is really bad he's gonna get 4 stocked quick,"[9, 10]",20
"Hey, I bought a few issues of ""Lady Death"" and it was awesome! I wasn't hanging posters though.","[0, 17]",27
It is heated overnight at much cheaper rates. They are very well insulated.,"[10, 12]",27
Very interesting study.,"[7, 13]",27
Hitting me. That just added another funny dynamic to it even though I wasn’t actually trying to hit her.,"[1, 3]",27
"Usually its better just to ignore the dude whos insane, because you don't know if he has a knife or a gun","[3, 5]",27
"Because people that comment on YouTube videos are toxic, filthy heathens.","[2, 3]",27
"gotchu lol, in that case sorry you got downvoted to hell for this lol","[1, 24]",17
I think I met you. Sorry if I was a bit standoffish.,"[6, 24]",27
This is great and Elephant is pretty fun. We went to the clown exhibit last month.,"[0, 1]",11
I would see a doctor asap and get to a psychiatrist. Hallucinations of any kind are worrisome.,"[14, 19]",27
It’s like she’s forcing a fake British accent it’s so strange,"[26, 27]",27
"Love this. I thought I replied this morning, but I’m definitely taking your ideas and going to try them! Best of luck","[8, 15, 20]",20
I would like a hug,"[8, 18]",27
"Thanks, I hope I can get through it too. Good luck with your futile attempts to sleep :p","[15, 20]",27
Good [NAME].,"[0, 15]",27
This is where the fun begins.,"[1, 22]",27
"Thanks for your kind words, I really appreciate it and I hope you're right.","[5, 15]",27
Last week was her week. She killed everything about that episode,"[0, 27]",3
"Thanks, I hate it.","[2, 15]",27
The man and dog have been spotted running past [NAME] and nobody is helping! I would help but I just had my nails done.,"[9, 27]",27
): hope the goose is okay ):!,"[5, 20]",27
This gave me a laugh on this shity day thank you,"[1, 15]",27
*Hey just noticed..* it's your **1st Cakeday** aerosvision! ^(hug),"[13, 17, 22]",27
i love them both but I still think you have to be a stupid cunt to think they live happily everafter together in the end.,"[3, 18]",27
"They look like great bros, sorry for your loss <3","[0, 25]",25
They mug you and ruin the country,"[3, 27]",2
"In the 50s my aunt was 6 weeks old when a flu virus caused inflammation of the heart and she died. So there's that, too.","[19, 27]",7
What an effort! Lets Go Pens!,"[0, 4, 20]",27
Welcome home [NAME]!,"[5, 18]",22
"Good for you, [NAME]! You deserved a nice drink to end a year where you made an impact in peoples lives! Cheers!","[0, 17]",3
My favorite part of women being in the game is fucking destroying them. Take that femenists,"[3, 18]",27
OMG what??? ...[NAME] actually showed up for a gig without cancelling with a terrible excuse?,"[14, 26]",27
I just discovered her channel recently too! She's hilarious and I love watching all the diet tryouts.,"[1, 18]",27
This is one of the dumbest things I’ve read on reddit this year.,"[10, 11]",27
No it’s a lie because he could not possibly have been in Vietnam. And he did not correct a single outlet who said he was.,"[9, 10]",27
"You should play PoE its a better game in every single aspect, you'll love it.","[4, 18, 20]",27
You’re being downvoted for making a moronic comment - not for your “heroic” efforts here fedora...,"[10, 27]",27
I had corrected myself but I deleted the original post now for people like yourself who don’t read fully before you get enraged and comment.,"[4, 22]",27
"Wow OP sounds like you're really skilled at opening your legs, you're parents should be proud of you, STI and all.","[13, 21]",27
"Thank you for taking the time and effort to try and understand, you sound like a good friend","[0, 15]",27
"Change politicians' healthcare to that of the average citizen, and this could all be sorted out much faster. ","[3, 4]",27
"Thanks...One year in making, I hope it gets the love it deserve. ","[15, 20]",27
That’s so cute I wish I was that talented at drawing haha. I love art like that it’s adorable,"[0, 18]",0
Rip hot chocolate 2019-2019,"[25, 27]",27
"Thanks, as a Vietnamese [NAME], I love cheap Viet lunches!","[15, 18]",27
"I am female. If someone approached me in a coffee shop who followed your above rules, I’d be giving out my number for sure.","[4, 7]",27
"But primarily, you think external factors are a bigger factor. It's true, after all. ","[4, 27]",27
This will pass and you will be stronger because of it,"[4, 27]",27
"Yeah I probably would've started crying on the spot. Loud, sudden and especially shrill noises are extremely *""cringey""* and uncomfortable and stressful","[9, 12, 14, 19, 25]",27
Wiggs stop that thing you do with your tongue man.,"[3, 10]",27
Oh man this gave me some flashbacks to awesome times playing with my dad,"[0, 17]",14
$70... Now that's a good price!,"[0, 4]",27
"Penis enlargement? Or reduction? If it’s something serious I apologize for the inappropriate comment, and good luck hopefully everything goes smoothly. ","[20, 24]",3
Thank you I love you,"[15, 18]",5
Why else? Seems that it is just lack of imagination on your part.,"[7, 27]",27
I laughed harder than I should have at this reply. Then the sadness hit me when I realized it wasn't meant to be funny.,"[1, 25]",27
I have and it didn't help. It's only a matter of time now for how long I can hold on.,"[4, 22]",27
"Hmm okay, maybe I was just arriving at threads too early or something before they got cleaned up...","[4, 6]",15
There is something terrifying about petite crazy girls. LOL. The scariest girl in my middle school probably weighed 90 lbs. Everyone was scared of her.,"[1, 14]",25
I enjoy therapy...everyone's different I guess...I don't think there really is any other alternative....sexual abuse need professional help.,"[5, 17]",27
Is this [NAME] comics? His Simpsons stuff is great,"[0, 7]",27
Thanks. I desperately need to connect with other women.,"[8, 15]",27
I will try that! I have never really tried balancing exercises but will give that a try too! Thank you.,"[15, 20]",27
Happy birthday and I'm really glad I won't be feeling like you when you wake up tomorrow,"[13, 17]",27
Ya! It was a bangin’ movie! A super fun ride with characters I cared about.,"[13, 17]",27
I did some social media snooping since I posted this. Turns out they’re both not retired at 25. Go figure.,"[3, 4]",27
"I trust [NAME] in getting us the people we need, but I don't trust [NAME].","[4, 10]",11
"Did you really upload a video you took, of your own cat, to whyweretheyfilming? Seriously?","[7, 27]",27
"To be fair, we’re still missing CP3 and [NAME]. This game has been pretty ugly overall though. ","[3, 11]",11
I think I'm kinda the same way like I change up so much everything I say feels like a lie... See just did it again. Fuck.,"[2, 3]",27
"Likewise, Reddit has just gotten strange recently, sorry for misinterpreting.","[24, 25]",22
"It’s crazy how invisible, worthless internet points control us","[2, 3]",26
You look so happy now 😍 Hope you are doing well and that you get everything good you deserve. ❤️,"[4, 17, 20]",5
"Lol thanks, yeah you need to ""legitimize"" the being hacked part and build from there. ","[1, 15]",27
They still make VCRs? This makes me happy and I’m not quite sure why.,"[7, 17]",27
"I'm just concerned about [NAME] health. Do you think an old, ugly, fat, stupid person like him should be eating such unhealthy meals?","[2, 5]",27
This has been largely disproven. [NAME] had no problem dropping the bomb and knew it wouldn't change the outcome of the war.,"[10, 27]",27
"You don't suck, jazz is amazing man. Thanks for a album to listen.","[0, 15]",27
Burn themall!!!!,"[2, 3]",27
It's a shame that anyone has to deal with that sort of feeling. I'm sorry that you had a similar experience. No one deserves that.,"[12, 24]",4
"You obviously don't understand, this season was a bumper crop and *I* want to bank all that sunshine in *my own* pocket.","[3, 8]",27
"I hope you'll be feeling better soon, friend","[5, 20]",5
You realize that the ex husband is not related to MGTOW at all right?,"[22, 27]",13
Did you win? We need one positive thing out of this disaster of a Saturday night.,"[7, 20]",27
This was a hate crime. Cut and dried.,"[2, 4]",27
[NAME] has to have a shot. Tough son of a bitch. Also [NAME] = [NAME].,"[2, 11]",27
There was no Israel then dumbass!,"[3, 10]",27
"Are those both not true statements? Everyone loves attractive people, even employers.","[4, 7, 18]",20
Thank you! I was hoping somebody wpuld post that video since I couldnt think of what to search for.,"[15, 20]",27
I am! And I have no idea! Lol sorry. I have some of my own and I couldn't even name them to you.,"[1, 24]",20
oh man that actually sounds gross in that context,"[10, 27]",27
"For real though, I do apologize. That's a bad run of luck for sure, it's such a rare syndrome ","[11, 24]",27
"Love how she was able to find a 'rabbi' from N anti-Semitic group to ""prove"" her defense of anti-Semitism. Just fantastic. /s","[0, 18]",27
"The worst thing about this is, there is a good joke hiding deep down somewhere. Someone just used a jackhammer to retrieve it","[11, 22]",27
I thought that I was on the IASIP sub...,"[6, 27]",27
This is amazing. Love these edits.,"[0, 18]",27
The papers listed at might be of help.,"[5, 20]",27
You got shafted.,"[0, 27]",5
"Yes. It feels sharp and hurts in the chest sometimes. It will pass, but it freaking sucks. I'm here to listen, if you want❤","[5, 25]",13
Apparently government cares about the environment about as much as many of our neighbors.,"[5, 27]",27
Oh that's lovely.,"[0, 18]",27
"I second that. What goes up must come down. And to OP, i hope you find peace and clarity. Good luck!","[15, 20]",27
"Thanks for the feedback. Sorry, and welcome.","[15, 24]",22
"I love how nobody posting here to decry the buzzfeed article is using their actual accounts, they’re all throwaways. Cowards. Just like your felonious President.","[2, 3]",10
"ah thats my bad, she just finished the blog and im sharing it around, one sec and ill edit it. ","[9, 25]",27
This just looks like it’s actually from porn lol what is the original context,"[1, 6]",27
Can we put down weed bro? He’s faced too much suffering.,"[7, 25]",27
We've sucked ever since he got here. Just saying,"[3, 27]",11
A 12 million sub channel has value. Wouldn't be surprised if it's been hollowed out ready to be sold and rebranded.,"[26, 27]",27
I never thought to look for this subreddit! Thanks for sharing. I love this show,"[15, 18]",27
I like how you have the word idiot in your name. You are sure living up to it,"[4, 18]",27
Have fun.,"[17, 27]",27
I don't think fantasy draft has been a thing for a few years in career mode.,"[10, 27]",27
Free with a price of $600+ if you want full standard collection or maybe $300+ if you grind with no life. What a deal!,"[13, 17]",27
"Obviously, there's only a few inches, but I could never really see any improvement. i thought it would be a good supplement option for you.","[4, 22, 27]",27
Hahaha years of being a nets fan makes me only look for reasons we wont win.,"[1, 27]",27
Well you're lying about my pun being better bitch,"[2, 10]",27
Thank you. I’ve been feeling a bit better since they make people happier.,"[15, 17]",27
Like idgaf if it’s fortnite themed I need those in my life again,"[4, 8]",27
It’s amazing what they can justify to themselves. I’m not sure if I can believe anything out of her mouth anymore.,"[0, 6, 10]",9
Don't give yourself so freely to people who don't value you.,"[4, 5]",27
Glad to hear it. You deserve your best life without that abuse and negativity.,"[5, 17]",0
One of things I loved about this subreddit is the use of the old school meme format,"[0, 18]",25
"A site was the good site on old cobble, so they changed it and left the awkward B site alone. Thanks volvo","[0, 15]",27
"Damn, but I’d miss my mother. Then again she’d be all happy in her heaven. The rest of us can party. ","[3, 9, 17]",27
"Not loving what I'm seeing so far, let's hope we can tighten it up.","[9, 20]",1
"Thank you, I know my OHIP Is up to date as I have my health card in my wallet and I updated it myself when we moved ","[4, 15]",3
She reminds me of my crazy sister. Just a ball of nervousness and constantly just on the verge of crying.,"[18, 19, 25]",27
"The no rape was my favorite part, so glad people agree","[17, 18]",27
[NAME] is ruining the Pittsburgh Steelers culture...don't fucking @ me. Sinking fucking ship,"[2, 3]",27
[NAME]? 1st for [NAME]?,"[6, 7]",27
"I am an immigrant myself, how ignorant of you. ","[3, 4]",27
That is SO cool,"[0, 4]",27
[NAME] damn cummonists,"[2, 3]",27
Thanks. Wish he liked me,"[8, 15]",27
"You don’t need Radom sex, you will find a man who will give you what you need. Love,respect,and well.. you know..","[4, 5, 20]",5
I suspect wilful idiocy to sell books and merchandise to the even more idiotic.,"[2, 3]",14
Yes - 21 of the cases were kids,"[4, 27]",27
> Just because you're white doesn't mean you should try to speak for white people. That's the joke™,"[1, 3]",27
So fucking heart warming. Brother love man it’s wholesome as shit.,"[3, 18]",27
are u ugly?,"[2, 7]",27
"Amazing, I would also be deeply in love. So happy for you Hun. Enjoy every bit💕💕","[0, 17, 20]",27
Yeah nuance is in desperate need. The world is complex. Simple answers using simple binary thinking may not give us meaningful political discourse.,"[3, 20]",11
Nice job. I'm surprised not a single one of them used their CC immune ults or had beads. That is usually really important in assault.,"[0, 26]",10
"If by ""better"", you mean ""more fun"", then I'd go with the second one. <smile>","[4, 27]",27
It's very common. Same with punching and it not hurting someone in your dreams. Practice more.,"[5, 27]",27
"No it's because we're ugly, short, and ethnic ","[9, 22]",11
Sweet summer child,"[0, 27]",27
"Had a great time playing overwatch, but only *some* of us were getting too drunk for everyone's entertainment >.>","[1, 17]",27
Who the hell has all these power tools but no hammer,"[2, 3, 9]",17
Congratulations on the low quality come back. Hopefully one day you can go to therapy to work on your resentment to bartenders. ❤️,"[0, 20]",27
I’m interested in the tactics and positional play lmao ;),"[1, 13]",27
"It's fine, I just don't want to take the time out of my day to make food... or wait for food.","[10, 27]",27
>It is tailored to your viewing history. That's fairly common knowledge nowadays isn't it? Weird thing for the comic to point out.,"[7, 12]",27
Why are we making fun of a little kid? He probably hasnt even the ability to grow a neckbeard yet.,"[3, 5]",3
This has been reposted so many times the photo is degrading.,"[3, 9]",27
Yea he’s a good shooter love playing as him in MyGm,"[0, 18]",27
Eww that would mean creating a facebook account.,"[11, 27]",27
HUGE RED FLAG. Don't ignore it!,"[4, 5]",22
I did that my first day of middle school (got off at high school instead) but that's probably because I'm an idiot,"[3, 9]",25
yeahhh fellow new shift here too * high five *. Congrats!,"[0, 15]",27
"Im sorry I was just trying to help, thank you for educating me ill do better, Happy New year!","[15, 24]",27
Same. I unfollowed the cast and the fan pages. I can’t anymore lol,"[1, 3]",27
I feel the same at 5 feet 9. Feels bad,"[9, 25]",27
"😀ahhh I see what you did there, clever.","[0, 17]",27
But he's relieving pressure. Just count yourself lucky he doesn't cough when he farts.,"[5, 23]",27
I love it. The only thing faker than their lies is them. I’m glad the girl was able to get her divorce.,"[18, 23]",27
"I’m broke, dealing with my own mental illness, and immediately concerned with just keeping the peace.","[16, 25]",27
Remember when he first got the ball this season and nobody cheered or knew him? Oh how times have changed.,"[7, 22]",27
Yeah I would have loved it if those things actually contributed something to the gameplay,"[4, 18]",27
"If this is the kind of game you enjoy, you should REALLY check out Blades in the Dark!","[13, 17, 20]",27
Which was in 2017. Enjoy your loss and shush. You'd think having 1 win in a month would humble you...,"[17, 27]",1
A news source putting out sponsored news is inappropriate. Stop reading BBC i guess,"[3, 10]",27
Wow she’s getting a spud in the head the next time I see her!,"[0, 1]",27
lol you are 18 and a female. You'll surely find someone,"[1, 5]",27
What are the odds it isn't someone on this list? I don't remember if the [NAME] hire was totally out of the blue or not,"[6, 7]",27
I look forward to it.,"[4, 20]",27
Zionism is the ISIS of [RELIGION]. Brainwashed idiots like ISIS.,"[2, 3]",27
Sorry don’t follow you.,"[10, 25]",27
There’s a fairly strong intersection between white supremacists and antivacs from what I’ve noticed,"[4, 22]",26
So cynical! 🙄 😂,"[14, 19]",27
Are we in agreement that this would be out of bounds if true?,"[6, 27]",11
The fact that they're flying their drone in the rain gives me anxiety.,"[14, 19]",27
Your friend should be disowned by their family,"[2, 3]",27
I love [NAME] as a player. I still think the best is yet to come with him. Just praying he stays on the field.,"[18, 20]",27
You might be able to google earth it? I dont know that area very well so I cant help at all. But thats what I would try.,"[7, 20]",7
"Please get your soy away from me, i’m allergic.","[3, 11]",27
I kinda feel like you may be my auntie. Florida?,"[4, 7]",27
That’s cool. I didn’t know they had cameras like that. Thank you for sharing :),"[0, 15]",27
I love that whoever was filming zoomed in knowing what was about to happen. [NAME],"[4, 27]",27
Is there some scripture you could quote me? I'd like to read up on it just to be sure for myself,"[4, 7]",27
If all else was equal it’d be a good idea but I don’t think it’s feasible.,"[4, 10]",20
Dude is gonna end up playing in his boxers one day lol,"[1, 20]",27
"Thank you for sharing, I hope your mum can find a partner :)","[15, 20]",27
"Childhood is happiness. After that the rest of your life is spent chasing that feeling, a feeling that you’ll never experience again ","[17, 22]",5
"You’ve got a lot to learn about this town, sweetie. ","[5, 27]",27
I'm sure he'd love to do that. Just have to get a few others on board first haha.,"[1, 18]",0
"At what point do we consider arresting people who arm themselves in order to oppose legitimate, democratic decisions by force of arms? ","[6, 7]",27
Loooooool what?,"[1, 27]",27
Nope I'm good to go! My goal this year is to drop a packet for warrant officer.,"[8, 10]",27
Lol this cant be possible.hey thanks for the link and info! I'll look into it!,"[1, 15]",27
I think I might like a front end web developer job but not positive since I've always been in healthcare/science,"[6, 9]",27
This bit was more fun than it should have been.,"[1, 17]",27
Mmmm traveling for work often isn't exactly the most desirable situation. It can be exhausting.,"[3, 9]",27
Agree! Poor girls! They seem so sweet.,"[0, 4]",27
to stop any confusion we're talking about this photo,"[6, 27]",11
Uuuuh I bet they look sick :D,"[4, 25]",27
"Not sure what you're talking about then. Feints work on untrained people, just not subtle feints.","[6, 27]",27
"Yeah, life in America is horrifying. Give me a break. ","[3, 10]",27
😂 thanks. I like yours!! Makes me think of yoga retreats but like in the best way possible,"[15, 18]",27
OLD can be a dangerous place. Gotta stay safe somehow!,"[5, 14]",27
"Wow, you are quite the romantic...","[18, 26]",27
"The sheer size of [NAME] now is insane, would love to see him come back at heavyweight ","[8, 13]",27
Wow that’s a fascinating belief,"[0, 26]",27
Sob then! Be with the emotions and let them out until they pass. I always feel better afterwards.,"[5, 22]",27
Haha colluded? Do you and your friends collude to take pictures together? Such buzzwords you are using lol,"[1, 7]",0
I cringe at every part of all of this,"[14, 27]",27
"That's slick, would love to see you guys do it.","[0, 8, 18]",27
The similarity to cigarette companies is eerie.,"[3, 27]",27
Your logic is pretty messed up and the pos assumption has zero to do with this. Centralized mining will cripple the ability to fight censorship.,"[3, 9]",27
"The real worst though is when she says, ""I love you more"" 100% seriously.","[5, 11, 18]",27
Absolutely brutal.,"[10, 14]",27
I get abused on the daily fam ‍♀️‍♂️‍♂️‍,"[12, 25]",27
"Worth a try to report the bus number, the route and the time to PTV to see if he can get them back. Best of luck!","[5, 20]",27
I never understood the real harm until I started reading about childhood emotional neglect and how much it affected me. It's very common with nParents.,"[25, 27]",27
And if you ever make a fat cop joke on reddit then you're the worst criminal of all!,"[3, 10]",22
Same. And then cried a little.,"[4, 25]",14
"Yessir, it gives me the creeps. That boy ain't in Scotland, and that boy ain't right.","[10, 27]",27
"Yep, the presidency isn’t at all related to the 22nd amendment. Be gone, chud.","[4, 27]",27
"You bet, sweetie ;) But I date girls so don't get too excited <3","[13, 27]",27
No clip? Screenshot? Picture at all? Sounds fake as hell,"[7, 10, 11]",17
"Relatedly, my legs are lean because I run away from my problems.","[14, 19]",27
Lmao!!! 🤣 He does look rather greasy.,"[1, 11]",27
If you do that there is no incentive to fix whatever budget problem is,"[10, 20]",27
"Wow amazing, anyone know where can I find more at higher resolution?","[0, 26]",2
I think you might be underestimating some people sadly.,"[3, 10, 25]",27
"If your maternal grandmother is [RELIGION], so are you. Not having ceremonies doesn't change that.","[10, 20]",1
Missed it by 4 minutes,"[9, 27]",26
You're back but you're still broken.,"[25, 27]",5
don't send that message,"[3, 10]",27
I miss their 100 Octane petrol...,"[25, 27]",3
You know he humps the hell out of that thing right? Like probably right in [NAME] mouth!,"[7, 20]",17
Can we just go down there and propose a bill? Die the constitution not allow that? An if were not allowed doesnt that count as non representation?,"[6, 7]",27
This spoke to my soul. I might cry 😭. I really do run away from my feelings,"[9, 22, 25]",27
"I'll chase you till the ends of the eaaaaarth, Shooooooooooooooooooooooooooocker!!!!!!!","[2, 26]",27
Theres nothing more despicable in this world than a carelessly brewed mug of chai brother. You gotta get with the program.,"[3, 9]",11
I hope things get better soon. I'm proud of you for getting help and talking about it and wish you the best,"[0, 20, 21]",27
I do play League of legends and [NAME] is my favorite character that's why my name has Thresh in it :),"[0, 4]",27
With the way [NAME] carried himself in Hard Knocks I wouldn’t be surprised if he flew off the handle during his firing.,"[0, 26]",27
"When will [NAME] learn that recycling his old favorite beliefs and takes from 2008, will not end or age well. ","[7, 22]",27
"Yes, clearly u/backwoodmenace was repeating misinformation intentionally.","[3, 10]",27
"Oh man, I love [NAME]. She's so consistently good. ","[0, 18]",6
Love how she actually cross referenced the picture with the POTUS.,"[0, 18]",27
you get an upvote for that username! I wish I was a funhammer,"[0, 20]",27
I heard about that too,"[4, 22]",27
I looked this person up. She’s a real doctor,"[0, 4]",27
Mixed drinks are tastier. And I hate raw clear spirits in particular.,"[3, 4]",27
Just be sure to take some condoms with you.,"[5, 27]",27
Sonofabitch that makes it so much better [NAME] Edit: you talking about this?,"[1, 4]",27
"Sadly, I don't have insurance so unless I'm bleeding out I won't be getting medical help.","[14, 25]",27
The Chargers defense looks impossibly bad,"[9, 27]",27
So why wouldn’t the white Sox just offer an extra $20 million,"[7, 20]",27
That sounds awesome actually,"[0, 4]",10
"I guess the top left forgot to read the part of history where their ideology failed many times, and killed many people","[6, 27]",27
"No I don't, but I'm assuming they are true for arguments sake Why is more stress relevant or bad? ","[2, 10]",27
I just can’t imagine he is as bad as that...it’s just hard to believe.,"[3, 9]",27
Ignoring your Motte and Bailey. What makes the medical needs of America so unique?,"[6, 7]",27
Fun fact: you can stop this by removing the prostate that would be epic,"[1, 20]",27
You really need to stop hanging out with those people.,"[10, 27]",27
Ok. Believe what you want. Have fun starving to death.,"[2, 3]",27
"Just read up on that guy, not sure he changed that much since his conversion unfortunately. ","[6, 9]",27
Oh haha I’m from liberal MA and started having sex younger. I come from a sex positive environment.,"[1, 4]",1
[NAME] I want to get that ~~monkey~~blackhawk off our back so bad.,"[8, 25]",27
"I can deal with pupper and doggo in moderation but heckin, hooman, fren all make me irrationally angry.","[2, 3, 4]",27
"A 2-day old account, and this is how you decided to use your time? Trolling the teacher subreddit? Ok dude...","[2, 3]",27
Great job thanks!,"[0, 15]",27
Better slap that car roof.,"[2, 3]",27
Calling people on the internet “sweetie”... sweet [NAME] I love this sub. The cringe hurts so good.,"[18, 27]",27
Wow that's just like when I sing it,"[0, 13]",27
"Clearly. Sometimes, this woman baffles me with her stupidity ","[6, 27]",27
Yeah feel bad for people paying 200 to watch this crap. Better hockey watching my sons novice games.,"[3, 11]",27
"As someone who has lived his entire life in the tropics, I can't even begin to imagine what those kinds of temperatures are like.","[10, 20]",27
"Given the shorts and tee shirts, I don't understand why these guys wear helmets? Is that just to conceal their identities?","[6, 7]",12
Honestly I’d believe it. [NAME] seems stuck in that high school mentality,"[4, 27]",25
I know that's what she said they dont repackage they have to toss them so instead she brought them home,"[4, 27]",27
Wow crazy. Proud of her,"[0, 13]",27
"Thank you for your opinion. I think I’ve been improperly placing myself in the comments too much, accidentally misusing this sub.","[9, 15]",27
Awesome! I just read Bad Blood and have been waiting for a documentary about it.,"[0, 13]",23
Did I just get called [NAME]? Achievement Unlocked!,"[6, 13]",27
Uncle [NAME] doesn’t deserve this,"[3, 27]",2
[NAME] has aged me 10 years in the last 3 months,"[22, 27]",27
great for on the go! but i’ll always smoke glass if i’m home :),"[13, 17]",27
I love how he bends down with his head in the 'loaded' guillotine to screw off the end cap.,"[0, 18]",27
Holy shit. Those guys are scumbags. I'm so sorry you had to go through such an awful roleplay.,"[2, 25]",27
"you should be super proud of yourself. super, super proud. you are absolutely strong, brave and above all AWESOME!! ","[0, 21]",27
That's what I think of the school that gave AOC a degree in Economics.,"[22, 27]",25
> since he was the one to take it away from [NAME] last season [NAME] didn't deserve it last season,"[10, 27]",27
"The slam final I want, [NAME] vs [NAME]. The slam final we'll get, [NAME] vs [NAME].","[8, 27]",27
Damn that coyote was a fucking noob.,"[2, 3]",27
Orisa will actually fair better than most if the orisa has good fortify usage. Mainly decreases effectiveness for dva and rein.,"[4, 20]",10
Funny a lot of rich kids think 100k a year is very feasible.,"[1, 27]",27
"Not really, I’m not too sure, thanks for asking ","[6, 15]",27
I can't not pick Savor the Flavor when playing Stitches though. It's just too damn fun.,"[1, 17]",27
I saw the first 10 seconds and I feel like I understand,"[4, 22]",14
Sweet. Thanks [NAME],"[0, 15]",27
I mean it changes that game at least because if the defender actually wraps him up it’s a sack because [NAME] never threw the ball.,"[22, 27]",27
I think you may just be an asshole/moron bud... sorry.,"[2, 3, 24]",2
Oh my [NAME] how did I miss that😂,"[7, 22]",27
Wow! Dude has aged well. Maybe I need some of that snek oil!,"[0, 26]",27
"And for your daily dose of ""Saints LoL Meme"" you are still welcome at r/falcons we wont stop in the forseeable future ^^","[15, 27]",27
My rabbit had one just like this before she passed. I hope the animal is okay.,"[20, 27]",27
"""Think of how stupid the average person is, and then realize that half of them are stupider than that."" - [NAME]","[20, 22]",27
I didn't knew people can be so bad until I met a few people online.,"[9, 22]",27
That's a great start! Amazing. I congratulate you on your self awareness. Some hugs if you want them,"[0, 15]",27
I absolutely hate the guy. Can't stand him. But we live in country with laws and he broke none. I think lynch mobs are more gross,"[2, 3, 11]",27
"Well that didn't take long, sorry for your loss :(","[9, 25]",27
"The only thing worse than this guy, is an actual vegan lecturing random strangers on why meat is murder. ","[3, 11]",27
Because prostitutes clearly can't be raped or kidnapped. It's so horrifying that our society still believes this.,"[11, 25]",27
"Not really, in my mind it was continuous cringe that I was always curious about","[7, 14]",27
[NAME]. Your mom will never be your boys best friend. That part is so cute!,"[0, 4, 20]",27
"nice looks like I hit just about hit the sweet spot, thanks","[0, 15]",10
That destroys honor tho right ??,"[6, 7]",27
They’re more and more surprised every week when this is reposted.,"[13, 26]",27
"Good dad, manipulative son.","[0, 9]",14
"Betcha he just needed a new tube of that colour for his kit, & thought it'd be funny to mess with your heads. ","[1, 8]",27
I'm lost here,"[9, 25]",27
"Great show - up until the last half of the final episode. It was such a lackluster, disappointing ending for what was a great series.","[0, 9]",27
I know I've heard this phrase before but it's driving me crazy not remembering what it's from Please save me from my torment,"[14, 25]",27
Everyone’s freaking out about our OC. Our need for O-line is more substantial imo,"[2, 3]",27
Yeah but how is that even possible if 99% of girls who are out are with friends? That’s pretty intimidating,"[7, 14]",27
I’m genuinely upset that people missed the sarcasm because your comment is hilarious,"[1, 3]",26
Never argue with religious people. You can't win. They think [NAME] is real after all.,"[3, 4]",27
"There are no words to help heal your broken heart, but I’m sending you as much love and support I can. ","[5, 18]",27
Haha that's amazing.,"[0, 1]",0
...and show some respect to her parents!,"[2, 3]",27
"THAT IS A $200 PLASMA SCREEN TV YOU JUST KILLED, i also loved the way he walked into the room all mad, lol","[1, 18]",27
Thank you - you may call me daddy.,"[4, 15]",5
I like how the last picture is of [NAME] beaming smile and not even so much about the tattoo at all.,"[17, 18]",27
"Thanks, I guess? Haha","[6, 15]",0
It’s called concern trolling. Don’t be so gullible and quick to politicize everything.,"[2, 4, 5]",0
"Not necessarily, plenty of people in my small town that will buy your food stamps.","[4, 10]",27
"He believed Ireland had a right to exist, he just didn’t believe in the way the IRA(1919-1921) went about their business. ","[10, 27]",27
*Hey just noticed..* it's your **2nd Cakeday** yosoyjackiejorpjomp! ^(hug),"[17, 27]",27
So many nice things here. Good vibes. Enjoy your cake day and weekend. ✌,"[0, 17]",10
Is that were its from ? All i know is since i was young that is scary af !,"[7, 14, 22]",27
In what fucking world is this drawing not bad,"[2, 3]",11
"Hey, take that grade with all the pride you can muster--no shame in being happy for an accomplishment! Congratulations!!","[4, 21]",27
Good bot lol,"[0, 1]",27
DonutLicious in Spring is the most gourmet one I’ve ever been to.,"[0, 4]",27
"My favourite part is that the Saints are completely right, but it doesn't matter a god damn bit.","[3, 18]",27
"Oh, a little misunderstanding, my bad.","[12, 27]",27
Omg! Sounds like [NAME] was right about calling [NAME] a weirdo! That is so so odd!,"[3, 26]",27
Oh [NAME] this is atrocious... I think I'm in love,"[18, 26]",27
then its lost man. So sad!...its terrible,"[9, 25]",27
"Sorry, ""semi"". Happy?","[7, 25]",27
They should be liable for this abuse. It’s just insane!,"[3, 27]",27
This sounds very familiar...,"[4, 27]",27
"Oh my [NAME], is this the new transphobia specific ""Post Hog""? Because it really should be.","[7, 26]",27
Lol this was cosmetic. Thankfully both of mine are alive and well.,"[1, 15]",27
Woohoo! He is motivated and awesome!,"[0, 13]",27
At some angles you can get a ws4 into a combo but its inconsistent.,"[10, 27]",27
Thanks! I'll check it out! :),"[15, 20]",27
Oh sorry if I seemed dishonest. I hope you can make it through your mourning.,"[20, 24]",14
"If you had a giant rock on your land, and you couldn't stop people climbing, wouldn't you be pissed?","[3, 6, 7]",27
"Good job that you don't, then.","[0, 10]",27
wow...u wanna say u were never toxic and u never rage okay if u can t do what I asked just go away ok???,"[3, 26]",27
"That's definitely sexism, same with that ad","[3, 27]",10
There is obviously love here. Don’t give up. Talk to each other.,"[5, 18]",27
Don’t worry it will work at some point haha.,"[5, 17]",0
"I should have known better, its obviously not a juul. I was just happy to see Oliver Tree tbh ","[8, 17]",27
Good answer -- thanks!,"[0, 15]",27
"Don't blame me, I voted for Kodos.","[2, 3, 15]",27
Happy to- good luck!,"[0, 13]",27
Hey now I masturbate in my own filth and I don't take kindly to being compared to these people.,"[3, 13]",2
"If your significant other had sex with someone after getting drunk, you wouldn't consider that cheating?","[6, 27]",27
Okay that makes more sense to me. Thank you,"[4, 15]",27
"Sure, there are edge cases where this is less clear, but in the vast majority of conflict, this is true.","[4, 27]",27
Why nothing will change at all ... lol,"[1, 6]",27
Glad we got that criminal off the streets! No-good [NAME]. Tsk tsk,"[15, 17]",11
Soooo difficult to do.,"[9, 22]",27
"My girlfriend's creepy uncle gets extremely triggered when I point this out, or that a lot of conservatives are gigantic fudds.","[2, 11]",27
Yes!! THANK YOU. I’m happy the point of this story was not lost among all.,"[15, 17]",0
"Had the item hit you, I would have asked security to hold them, for you to press charges for assault. No one should be entertaining that foolishness","[2, 3, 10]",27
This is how my SO gaslights me. I hope it goes well when he comes home and good luck with the baby!,"[5, 20]",27
I didn't see anything in that comment referring to a cactus.,"[10, 22]",27
Your spine is so shiny! Good for you!,"[0, 5]",26
"Fam, I fucking love [NAME] play. Gotta be the most exciting dude in the league other than [NAME] when he’s hitting everything from 30ft+","[13, 18]",0
"Gotta admit, I chuckled at this one","[1, 4]",27
Hard to believe we scored like 8 points through the first 6 minutes.,"[17, 26]",11
Want to get a hangover there 👍🕺❤️,"[8, 20]",27
Yes congratulations that was the joke.,"[1, 15]",27
"I have a lot of fun on pre-CU servers, but I like to grind and I love the Star Wars universe","[1, 18]",27
Sad but true lol,"[1, 25]",11
Cake! Happy days!,"[13, 17]",27
[NAME] is unbearable. I wish [NAME] had killed her.,"[2, 3]",27
I think you're right. I've been proactive before and it helped. Thanks and hope this year is good to you as well!,"[15, 20]",27
Washington Post is garbage because it prints garbage. I'll go with the decision by the experts thanks.,"[4, 15]",27
That fucking Mills charge is FUCKING BULLSHIT,"[2, 3]",27
Thank you very much. Follow up question what is a suura?,"[7, 15]",27
>you never learn anything ever from university This is not true,"[10, 27]",27
"Seriously, check his food. It is upsetting his stomach.","[2, 9]",27
Wow! That takes guts! I’m so squeamish that I can hardly stand getting a shot 😂,"[0, 26]",27
I'm personally curious why we didnt get a video bit from him. Is he natty or bust? His stuff is great,"[0, 7]",11
">very good teams and perfect situations Situations such as.... [NAME] at the Knicks? Lmao dude, give it up. ","[0, 27]",27
"I was hoping that wouldn't be the case, that really sucks man. Hope you find something that ignites your passion again!","[8, 20]",27
I love you and I love your style. Nice work. Bullies should not be rewarded,"[0, 10, 18]",10
Dan cool and rich,"[17, 27]",27
Chipotleee! [NAME] Damitt! Closes in 39 Seconds.. but we made it!! Loved this guy!!,"[0, 13, 18]",14
If I have to watch Canada lose in a shootout I'm gonna lose it,"[3, 9]",27
What's the point of marching for life when you don't respect those living in front of you? I'll never understand these schmucks.,"[7, 20]",27
That’s crazy! Really bizarre. Is she off reddit too? I did notice fewer posts.,"[7, 13]",2
Omg I just finished and I'm in awe...,"[13, 26]",27
True. I'm just glad I didn't have to go through my high school years we the her...,"[4, 15]",25
The NHL has the best All-Star events. the 3v3 tournament is so fun to watch.,"[0, 1]",27
"“Stop replying to me as I send you a message first!” Oh, meat eaters ❤️","[3, 10]",22
A sorry lot,"[5, 24]",27
Ah. Not on either of those. [NAME]! ::goes back to stalking profiles::,"[23, 27]",27
why is this being downvoted?,"[6, 7]",27
"Damn, this one sucks doubly so considering all the positive threads on here today.","[3, 27]",27
Oh my [NAME] strawberry watermelon menthol that sounds amazing,"[0, 13]",27
Interesting... is it a felony in certain jurisdictions?,"[0, 7]",27
Wow wish I could take that. That is an absolute steal. Not a lock by any means but value alone is worth it,"[0, 8]",13
I did notice it because it was widely reported in the media! Just as this would be!,"[20, 22]",27
Agreed. You can't count on him every night. The entire team is frustrating as hell,"[3, 10]",17
"Ah, I see. Thank you for clarifying!","[15, 22]",27
And other hilarious lies you can tell yourself...,"[1, 3, 17]",27
So nice of everyone to welcome [NAME] to his rehab like this.,"[0, 4]",10
"Wow that is one part disgusting and another part a huge waste of time for expecting an entertaining payoff. Warning, this video also includes spoilers for the latest Avengers.","[2, 11]",27
"Lol, good luck! Hope it goes well for you (I have no idea how it’s working at all for me)","[1, 15, 20]",20
"If you went through the campaign, idk what needs to be explained 😂 ","[4, 6]",14
Too bad I already got a college degree 5 years ago. ;) Would love to go back to school again.,"[12, 18]",25
as [NAME] wishes he didnt want to be buried so they had is ashes thrown in a lake in india as [NAME] wanted please respect his wishes,"[8, 9]",27
"Haha I’m not expecting anything at considering they’re 2,000 miles away from me. I’ll be surprised if she does give me numbers,","[1, 26]",0
"one dude puked on my patio, he fell out at 2am! weak!","[3, 11, 25]",27
[NAME]. I’ll keep my teeth thanks. They’re better (and more useful) companions than a weird dude.,"[3, 15]",27
Why is this sub obsessed w/California? And Texas in general?,"[6, 27]",27
[NAME] is good but he needs to never take a midrange shot again,"[4, 10]",27
"Wow dad, you took a baptismal for me","[13, 26]",14
Of course that's possible but you need to provide some proof.,"[4, 27]",27
You’re an angry elf,"[2, 3]",5
What can you expect from guys who think everything based on sex and romance is solely based on a person’s looks and not at all their personality?,"[3, 7]",27
? sometimes i play ffa with my friends to have fun,"[1, 17]",27
Youre fantastic. Thanks! How cute,"[0, 15]",27
"""[NAME] could drown in a glass of water."" LOL. i actually love [NAME], though. i know i'm in the minority.","[1, 18]",27
Thank you I appreciate it,"[0, 15]",27
Haha I hope this is real. Look up neti pot. Warm water will soften the paper and come out.,"[1, 20]",0
"Yeah i know, i'm just stating why it slipped my mind, i'm glad you brought it up. ","[6, 17]",27
Just because you stopped to let me cross doesn't mean the other 3 lanes of cars did.,"[3, 27]",27
But it's accurate. The other link states he was living in one of the poorest provinces in China. Dude was just an idiot,"[3, 27]",27
He really channeled his inner [NAME] for this goal,"[0, 4]",27
You literally changed someone's life for the better. You made the world a better place. Thank you for helping change the stigma against autism.,"[0, 15]",3
Thank you .. I wish I was religious.. I admire religion... My mind just doesn't want to believe..,"[8, 15]",27
"The Sephardic Temple in my area offers traditional non-equalitarian services, so it’s not an official Sephardic synagogue?","[6, 27]",27
It goes that far back? That was probably hands down the best fight ever. I loved stone cold as a kid,"[0, 18]",27
"He is already 19, turns 20 in July I think","[6, 27]",27
"Fish tanks and fiddlesticks, that was intense!","[4, 27]",27
I signed up!! I hope your Mother has a wonderful birthday!!,"[5, 8]",27
Loved every part of this series so far!! Keep up the good work!,"[0, 18]",27
"Good to see this getting traction again. It really exposes [NAME] to be a useful idiot, and his supporters to be even dumber than that.","[0, 3, 4]",4
"Thanks, I love it ","[15, 18]",27
"Wow, that was fast","[0, 26]",27
"I remember your story. Like you, I'm not as active. And also like you, I try and come back and give folks here hope.","[8, 20]",27
I enjoyed [NAME] intermission report where he was very low energy until the end when he squeaked out a HI MOM =D because he's the best,"[0, 17]",27
Ashamed of being British,"[9, 25]",27
I actually have the complete collection so I can play any of them when I want to!,"[17, 27]",27
That’s sex discrimination. The male class has their own bathrooms but the female does not.,"[2, 3]",18
"Aww, what was your favorite thing you did with him while you were there?","[0, 7]",27
You sound like my gf. I'm so lucky to have her in my life.,"[17, 18]",27
I really hope we win tomorrow. .500 halfway through the season would be insanely satisfying... also I want to win lol,"[1, 20]",27
How are we going to get a high 2021 pick? Unless we lose a ton of games of course.,"[3, 7]",11
"Sad really. Are they really that threatened by people speaking a language? We all speak English everyday, not like we do for sectarian reasons.","[7, 25]",11
"You're not missing anything, don't worry about it.","[5, 27]",27
Holy shit! Did not see that coming! Gonna miss you [NAME] :(,"[25, 26]",27
Biting the hand that feeds them,"[3, 11]",27
"I remember just feeling sick watching this, [NAME] made me cringe hard, I found [NAME] hilarious and ru looked terrible ","[3, 14]",27
Do you find yourself depressed a lot? I feel like depression comes out of boredom.,"[7, 19]",5
This is amazing man. Congrats and keep em coming,"[0, 15]",27
"I personally resent the RCA's centralization of conversion authority within the orthodox world. That's what I meant. Unrelated, I love your flair.","[4, 18]",11
I was 10 years old when this happened and seeing her heartbroken dad on tv and hearing her story still haunts me.,"[14, 22, 25]",26
"Wayakum, [NAME] make it easy for you inshAllah. Feel free to PM me if you or your brother have any questions. Would love to help out.","[5, 20, 27]",27
I really don’t want the I told you so moment to ever arrive. 😔,"[3, 10]",27
They won VEGAS not the PRO LEAGUE QUALIFIER. Stop trying to bait me,"[3, 10]",27
"What I'm suggesting is that since companies are ""people"" in the terms of citizens united, something like this could have some interesting unintended consequences.","[8, 20]",27
"Okay I will, thanks so much you are helpful. I don’t even know if she is into me or anything but... I will see. ","[4, 15]",2
Gotta eliminate the competition. It's Just Good Business.,"[0, 20]",27
I don't think a [NAME] would agree....,"[10, 20]",27
lol not bullying. Just a socially aware nerd complaining about how annoying most of my people are. ¯_(ツ)_/¯,"[1, 3, 10]",27
"Yeah, sorry for that one. Some opportunities are too good to pass up.","[24, 25]",27
I like how he called his mom asking if she was trying to contact him just so he could tell her what’s wrong,"[0, 18]",27
"Right, and the names would be different.","[4, 27]",27
"No, no I'm not.","[10, 27]",27
Devils fan here: how good is [NAME]? I'm watching this game and was wondering how he's been and what his potential is,"[0, 7]",27
"Thanks! Oddly enough, it's actually the first place that I ate at, when I was apartment hunting in New Haven several years back.","[15, 22]",27
"Haha ok I thought it looked like the vine logo, but assumed I was wrong since it’s been dead a while.","[1, 22]",0
Man from Czech Republic can't understand why a name common in his neck of the woods is not so common elsewhere.,"[6, 27]",27
I'm so happy you said this. I just accepted that I was going crazy.,"[4, 17]",27
She's passed away.,"[16, 25]",27
But he seemed really enthusiastic! And he was wearing really expensive boots!,"[1, 13]",27
"Only six colors for this look, sweaty? I could do the same look with sixteen.","[6, 7]",27
"Sounds like my SIL with me/hubby. But she's a bitch and we never liked her anyways, so neither of us really care lol. ","[3, 11]",27
I honestly think he’s making fun of you,"[1, 20]",27
"I really love that game. It's so chill, I played it a lot. ","[13, 18]",27
This shit ain't rocket science GateKeeper,"[3, 10]",25
"Yeah suck it, California","[2, 27]",27
"[NAME] can’t you see, you’re being way too loud for me","[2, 3]",5
You seem fun.,"[1, 17]",27
Truly a blessed day for you! Shine on!,"[5, 20]",5
"Same here, she left the house we bought and is giving me till the end of the month. Woooo","[13, 26]",11
i wouldn’t want to fight me neither,"[3, 10]",27
"I blame all of y'all, y'all told [him he] was funny","[3, 27]",27
This is doubtful...he just won with over 50 percent,"[6, 26]",27
Ya it would suck good luck too you and your family man 👨✌️👍👍👍🤜,"[4, 20]",27
"I might be a prude. ""Suck him off in the bathroom of your friend's home!"" Those don't equate","[2, 27]",2
Farewell wonderful traffic. It's been good 2 weeks.,"[0, 17]",7
"Of course, life get’s better. Just keep on keeping on and I hope you do change your mind. ","[5, 20]",27
Two horrible cunts,"[2, 11]",27
Both are on the right though.,"[4, 27]",0
Bhahahahahahahahah. Right. Your attitude seems pissy.,"[1, 3]",17
Hi I'm not police where is your business and what is your full name thank you,"[7, 27]",27
"You know the first thing they're going to ask ""so, are you hungry?"" ","[7, 20]",27
We haven’t had much luck either. We wish you and Aunt [NAME] the best. Stay strong! Thank you for the kind words.,"[15, 20]",11
I already did,"[4, 27]",27
"Sounds awesome, but I am so out of practice I'd be embarrassed to show up lol.","[0, 1, 12]",27
"Don't be so hard on yourself. Often, things need time. Don't beat yourself up over it. ","[5, 10]",27
"Wow, talk about being [NAME].","[13, 26]",27
"[NAME], loved the story. Personally I don’t think this was petty I think it was quite fair and right. Good job dude.","[0, 18]",27
If you think not actively going out your way to insult people constitutes hiding your sexuality I don’t know what to tell you.,"[3, 6]",27
I do hate fortnite dances,"[2, 10]",27
I don't like sleeping in the couch :(,"[9, 25]",27
Well done. I like it!!,"[0, 15, 18]",7
I really hate this jersey and it just doesn't seem like a Sabres logo despite being the most accurate to the name of the team.,"[2, 10]",27
Keep rebuilding. That’s all we can do,"[20, 27]",11
"Yes, yes you did","[0, 13]",27
was that hutty from [NAME]?? ahhh that makes me so happy. love those boys e: oh it was a rebound,"[6, 17, 18]",27
I agree with everything you said. I still fell sad for her but this is the consequences of her own choices,"[4, 25]",27
Thanks! I've just been so irritable. I am proud of myself and my husband too.,"[15, 21]",27
That was the most boring movie I’ve ever seen,"[9, 10]",27
"2 years down the road (that is, now) every Uber driver complaining about how they re exploited and blackmailed and can't make ends meet.","[9, 27]",27
dang... that's just crazy.,"[1, 27]",27
Scenes like these are what make me wish I could forget the entire show at will. So I can watch and enjoy them all over again.,"[0, 8]",27
How you walk when you're in work and you are the boss.,"[7, 27]",5
"Love when this happens. Thank you, oh wise one.","[15, 18]",27
See i hate [NAME] and got my ass kicked that game bc i couldnt use him so i was lime why me 😂,"[2, 3]",27
This team will never win another super bowl with the current coaching staff. That’s my leveled emotional viewpoint,"[9, 10]",3
Agreed - from a team who made bowls at 6-6 twice in the past 5 years. We didn't deserve either of those.,"[4, 9]",11
Legit. Can't beleive that society lets those people run around free like the walking sex crimes they are.,"[26, 27]",27
I watch it 4-5 times every time it comes up. I think there is something wrong with me...,"[9, 22]",27
Im sorry my friends money should be out soon then ill release for all to see,"[4, 24]",27
"Also interesting to note that [NAME] left Lille for Monaco, been an interesting player when I've watched Lille this season","[26, 27]",27
That poor girl who said she'd help out is about to get a surprise when she finds out she has to pay for the coffee.,"[22, 26]",27
Gang beast is really only fun with friends,"[4, 17]",2
Purposefully hurt people. [NAME]. I don’t understand why anyone cares.,"[3, 25]",3
He’s 30 freaking years old and is scared of managing a bank account. *eyeroll*,"[14, 19]",27
"I wish Florida was a thing for me... But I'm keeping toasty with a little liquor love in Erie, PA... ","[8, 18]",27
He seems sweet and I think he really loves her.,"[0, 18]",20
You know what’s a real tragedy? I’m yet to find Soleil art with brand.,"[7, 27]",27
"True or False, you post in /r/The_Donald ?","[6, 7]",27
OH MY GOD! The PTA has disbanded! Ahh! Ahh! AHHHHH •jumps through window•,"[1, 26]",22
"you are two hot cuties, all the bestest!","[0, 20]",27
[NAME] was an awesome Chief. Wish we would've seen more of him being a badass.,"[0, 8]",11
"You're very welcome. You do, and I hope (for your sake and especially for your daughters') that things work out for you all.","[13, 20]",27
Correct. The LTB judgements are enforced by going through small claims. Which makes for another hurdle for tenants trying to collect judgements.,"[4, 27]",3
"ummmm Wulp I personally love a feminine man. I prefer it, ‘manly men’ are gross and stupid ","[8, 11, 18]",27
Are you actuslly a libertarian? This is some insane thedonald level shit. Is this still a libertarian board? Have I been duped?,"[6, 7]",27
Wow! Congrats! I am really proud of you. Hopefully you feel better soon. What an awesome momma ♥️,"[0, 15]",27
That's really sad and shocking to hear this Really embarrassed to be a human being on this earth...,"[12, 25]",27
**Takes away membership card* HOW DARE YOU SIR!!!,"[2, 3]",27
I just see a car incessantly hogging the middle lane despite being undertaken on the inside!,"[2, 3]",27
:o thats pretty good. Not what envision my boy [NAME] but I like this alot.,"[0, 18]",27
"They seem to have very ""sick"" laws in Saudi Arabia. Where women don't have any protection from government against their perpetrators.","[2, 27]",27
"[NAME] is my favorite character so I’m super happy they did what they did and I’m very happy she used her semblance, finally. ","[17, 18]",27
It's crazy I don't get where their finding them,"[6, 13]",10
"She’s a [NAME] also, but I doubt that means much in the entertainment business..","[4, 6]",27
Wooow! Thank you! Amazing,"[0, 15]",27
"can he break throws though? just kidding. yellow is the season 2 green, OP dude. keep focussing on small steps. better rank will follow later.","[1, 5]",4
They took my favorite hair gel!! The bastards! Good thing I took a picture of it beforehand just in case,"[2, 23]",27
"How to PRETEND to have ice powers? Wikihow, *do you think this is a fucking game?!*","[3, 6]",27
Does [NAME] do it telepathically?,"[7, 27]",27
I'm cringing for you. Good luck in your future after this.,"[5, 20]",27
Did you just call me a *bitch*?? You will NOT disrespect me like this TODAY!,"[2, 3, 7]",27
The denials is crazy in here,"[2, 3]",27
Can attest. Vitamin deficiency here. Certain vitamins help alleviate bags under my well-rested eyes.,"[5, 22]",27
This is ugly af sry,"[10, 11]",27
"Wow, that crazy. Hope this doesn't happen again with you. Stay safe!","[5, 26]",27
"Don't, it's shit compared to the original. It's rather WATERed down :P Jokes aside it isn't as good.","[1, 10]",27
"If Clemson wins this, they should have to face Alabama in the national championship.","[7, 27]",8
Lucky you got a sane dad. Get ready for a world of crazy... just don't get sucked into her toxic world. Good luck.,"[0, 5, 20]",11
The secondhand panic and embarrassment I feel from this is astounding,"[12, 14]",27
My organs love me. I wonder how emotionally damaged a person has to be to come up with these. It's weird and sad.,"[25, 26]",27
This is racist,"[2, 27]",27
"""We've won the AFC less often than you have"" is a weird flex","[11, 13]",27
This is very accurately funny and sad. 🤦🏻‍♂️,"[1, 25]",27
I wish I was there lol,"[1, 8]",27
I completely agree they got fucked on that no call. And I absolutely love it.,"[4, 18]",27
I am loving this exchange. At first I felt really really insecure that my sister and I are best friends and now I realize this person is ridiculous.,"[0, 18, 22]",1
Liberals have become the very thing they accuse everyone else of. Being intolerant and racist.,"[3, 11]",0
And KAT with 6. Weird game.,"[11, 12]",27
Old dirty Bastard?,"[2, 3]",27
"Sounds like a horror junkie in the making. Congrats dad, you’ll have a buddy to watch movies with in a year or two!","[0, 1, 13]",27
Keep fighting the good fight,"[0, 4]",27
"Interesting how the before photos are clearly yellow-tinted, as can be seen by the difference in the skin complexion ","[0, 22]",4
Get this religious bullshit out of here smh [NAME] doesn't give a fuck about who wins or losses a child's game,"[2, 3]",27
You're glad Australia was playing politics at a time like this? That's not a vote of confidence in the [NAME].,"[7, 17]",5
[NAME] campaign donation at work apparently. Sure didn't take long.,"[4, 22]",13
Omg I did the same exact thing LOL,"[1, 26]",13
To me he's extremely funny. Love him.,"[1, 18]",27
"When's he due? (Sorry, couldn't resist)","[7, 25]",27
But he is. He won’t talk to us. [NAME] damnit OP answer us!!,"[2, 3]",27
SHUUUUUT UP THIS IS TOO TRUE,"[2, 4]",11
I just had a panic attack!,"[14, 25]",27
Is this an /r/antijokes ?,"[7, 27]",27
"I am happy with North Sydney, Milson's Point or Kirribilli and happy with the 19th too!","[13, 17]",27
[NAME] from elfen lied is that you?,"[6, 7, 27]",27
I found an understanding of [NAME] degrees of belief and updated probability extremely clarifying,"[4, 27]",27
that made me cry tears of sadness and joy at the same time.,"[17, 25]",27
"Yep, same here. Got way too excited, then logical part of my brain kicked in. ","[4, 13]",27
"Weird, no formatting was applied. I changed to text","[3, 27]",0
"Great questions. I don't have the answer, but I'm happy that were starting to discuss it.","[0, 17]",27
"Cheers, brother. What are you doing to meet women? ","[7, 17]",27
"Wonder no more, this is coming out like next year","[20, 27]",27
HALLELUJAH!!!! YOUVE SEEN THE LIGHT!!!!,"[26, 27]",11
Ok this makes more sense now.,"[4, 27]",27
It pays well and I enjoy it. I travel 6 months a year. For the last 16 years.,"[0, 17]",27
Well that just sounds delightful. Where was the exchange?,"[0, 6, 7]",27
He's likeable but the pace of a game on live tv is too much for him. He'd definitely be better suited as a halftime guy,"[0, 20]",27
"Someone commented that it's like that friend who constantly talks about their ex, but insist they're over them.","[4, 27]",13
"If it's anything like what happened in France, I'd assume because it disproportionately affects the poor. ","[7, 25]",27
"I don't like it, simply because men never want to be just friends, and I have no interest in dating random dudes who message me.","[3, 10]",27
No it's not. It's two people legally allowed to kiss kissing. Whatever stigma you have is yours and not shared by everyone.,"[3, 10]",27
"That's gonna be a no from me, dawg.","[10, 27]",27
you are definitely trolling us. That can't be true,"[3, 27]",27
Notley-nomics helps grow the economy once again! Thank [NAME] we have such good governance.,"[0, 15]",27
The worst is when those moments pop up randomly. Especially when you’re feeling happy and then a mistake you did back in 2005 comes creeping up.,"[2, 17]",27
Lol kill me now,"[1, 2]",27
Can we ban this person? Post history is sketch. Thanks in advance!,"[6, 15]",27
Yeah I hope so! I really love her but I understand too that I can only do so much! Thank you.,"[15, 18]",27
There was a weirdly similar post to this on LegalAdviceUK maybe a couple of days back.,"[22, 27]",27
Ha interesting. Grew up in MN and never thought about this.,"[0, 4, 22]",13
CNC is just the safe way to play out a rape fetish,"[3, 4]",27
Whoa I didn’t even think he was a husky from the first picture.,"[22, 27]",27
Vancouver is such a beautiful city! I visited it for a half a day and really want to go back.,"[0, 8]",27
Oh fuck. Is that legal?,"[6, 7, 26]",27
Best RB draft pick ever? Sure. Best draft pick ever? No lmao,"[6, 27]",27
Of all the stupid terms for people out there “womxn” is by far the stupidest,"[3, 27]",27
You look like a bear.... An ugly cartoon bear,"[10, 11]",27
I am so pleased for you that you are going for therapy. You can really benefit from it. I wish you the very best for the future.,"[5, 20]",5
"That's really sad to hear, I can't imagine. I'm wishing the best for you","[5, 25]",26
Terrifyingly accurate bot,"[0, 14]",27
"my fiancé enjoys all the aspie things I do and thinks they're cute. I don't understand why, but I appreciate it nonetheless.","[0, 6]",27
Wow. A relevant and amusing Garfield comic.,"[0, 26]",27
Ah I didn’t think of that second definition of end. I like it!,"[0, 18]",27
Do you mean “lol”?,"[6, 27]",27
i just don’t think we are aggressive 100% of the time,"[2, 10]",3
"Thank you noodle, very cool!","[0, 15]",27
That's true deep voices are sexy.,"[0, 4]",27
Of course! It's all good buddy! Pretty cool if that's really you!,"[0, 4, 13]",27
"Yeah lol like I'm cool with signing/drafting DL but pls not in the first like 3 rounds lol, much less at 2.","[1, 23]",27
True story? Haha,"[1, 7]",0
I'm glad that yours is getting slightly better too! Keep on working on it and you'll be a social butterfly someday!,"[0, 5]",27
Sadly that's probably the worst game I've ever seen [NAME] play.,"[9, 25]",27
"after months on months of making gameoverse, he’s had no time. it’s getting the best of him now... pray for him","[0, 5]",27
He got It from his moma,"[4, 27]",27
This is horrible... One of my worst nightmares actually.,"[11, 19]",27
That's really interesting. How come?,"[7, 13]",3
"Well...I really am [NAME], one of the original neckbeards, so maybe?","[4, 6]",27
*Hey just noticed..* it's your **1st Cakeday** CrimsonEagl3! ^(hug),"[5, 22]",27
Nice! I’m glad you liked it. Have fun exploring :),"[1, 17]",10
"Why did you repost this 7 hours after your initial post!? And to the same sub!? Yo, that's not cool man.","[7, 10]",27
Oh this belongs here,"[22, 26]",26
Guy looks like he's taking a nasty deuce.,"[3, 27]",27
"Ohhhhh man, too real. I spent way too many years with full on raccoon eyes and just accepting that's what makeup was.","[9, 26]",27
"Thank you so much for this link, watching [NAME] was an absolute delight! ","[15, 17]",27
It's the first two themes in the themes section lol - what game did you get :),"[1, 7]",27
The lesson is to not take 4 Ambien. That is just stupid.,"[3, 22]",27
My aunt lost a ton of weight by eating a huge bowl of lettuce with a very light dressing and tasty veggies.,"[4, 27]",27
LOL at the tldr. What a crazy story. I'm glad the writer got some friendly new relatives out of it.,"[0, 1, 17]",27
Still concluding I’m disingenuous despite getting your facts wrong. Big ego you’ve got.,"[3, 10]",27
"Great piece, thanks for sharing.","[0, 15]",27
He can do a balloon party with his brony friends,"[17, 27]",9
wow just shows how confused **I** was Ftfy Pretty fucking clear as day what was going on here lol I honestly don't know what to tell you,"[3, 6]",27
Wonderful sculptures. Love the expression of the Scottish mythology behind them.,"[0, 18]",27
Start taking psyllium husk and literally every poop will be your best.,"[5, 27]",27
A UBI has to be sustainable. Taxing something to reduce its use and funneling that money into something people would depend on is absolute stupidity.,"[9, 10]",27
You are a unique woman. Happy for you that you found someone who suits you so well.,"[0, 17]",5
I too think serfdom is good,"[0, 4]",27
"Exactly, last year was frustrating with our [NAME] awful home record. ","[3, 9, 11]",27
I love those possum dives!,"[0, 17, 18]",27
"That's awesome, good for you! This sub needs wayyy more posts like this. ","[0, 15]",27
"35k? That's just crazy. Mine was less than 2k, and that includes the wedding dress.","[7, 26]",27
I guess they thought the crit boost was way better than it is?,"[7, 27]",27
"Pretty good, yourself? Edited - Saw the link, hahaha... How you doin? ;)","[0, 1, 7]",27
"If you're talking about tfue you're insane. He plays scrims for hours, every, single day. ","[3, 27]",27
Wool will stay warm even if it gets wet.,"[5, 27]",27
"Im not a brexiter. In fact, this is my concern with a second referendum. I'm worried that remain will lose.","[5, 14]",27
"> your character is so yuck Thank you, for confirming my suspicions of who/what you are.","[11, 15]",27
"Lol ""progressive reformer"". Gotta love how gullible Chicago voters are ","[1, 18]",27
"You called me a troll and a liar and you're surprised that I sound ""antagonist and confrontational""? Wow, you're impressive. Good talk.","[0, 26]",5
"I did not know that, and tbf I did completely neglect my MH between 18-23. Too busy with sex, drugs and alcohol. ","[4, 22, 27]",27
PM me if you need more info. Good luck! Its tough haha,"[0, 1]",0
I don’t think you even know what you are talking about yourself,"[3, 7]",5
I had a total of 5 pet chickens. No way I could've ever eaten any of them. Glad that gfather confirmed that Banana Chip was buried.,"[20, 23]",27
And this is why men are so against #believewoman,"[10, 27]",27
I was aware I would be going to hospital and would be showing the teacher up (should have mentioned it),"[22, 27]",27
OMG. How have a I never heard this before? Absolutely dying. You can tell [NAME] just lost it off mic. 🤣,"[7, 26]",27
Lol for some reason this made me snort hard. Thank you.,"[1, 15]",27
"If you're talking about drinking, unless there's tea or coffee in it, gross.","[11, 20]",27
Your cat is the best thing I've read all day. Take care of your cat!,"[0, 5]",27
"When I am outside for daily errands, then it sometimes is inevitable, unfortunately ","[9, 27]",27
What type of migraine do you think it is? Hope you get better soon,"[5, 7, 20]",27
Damn who is [NAME] pissed at?,"[2, 7]",17
"It was. I accept that, and it taught me a valuable lesson.","[0, 4, 22]",27
yeah but FUCK devil roar. I swear a volcano happens every single time I step on land there,"[2, 3]",27
Cholent powered rockets will fly men to the moon'🎶,"[4, 20]",27
Why is it so hard for people to accept the word no? Jfc. She definitely deserved what she got lol.,"[1, 7]",27
Help that damn cat,"[3, 5]",27
"Good, hope he actually takes that to heart!","[4, 5, 20]",27
i wonder how people who are in college/undergrad who are in stable relationships do it.,"[6, 26]",27
I found some very interesting things on the mind shock podcasts about questions I had. Enjoy the digging in the reddit hole.,"[13, 17]",27
That's not true. There are people that genuinely want to cause harm to people and don't care about reactions.,"[10, 11]",13
"Well, exactly that actually, lol. ","[1, 4]",7
Praise [NAME]. Hope his health issues have gotten better. Dude should be on a contender right now 😭,"[4, 20, 21]",27
Can confirm. All my friends in cork always do it while I get stuck waiting.,"[3, 4]",27
"Even while [NAME] in a America are discriminated against, they still have such warm hearts. [NAME] Bless them (my [NAME], and theirs)","[0, 5]",27
"By who? Hate the Flames all you want, but there's nobody competing for a wildcard spot that will ""dunk"" them in the first round","[3, 7]",27
just fed up of reading subjective opinions be paraded as fact that he was the worse ever.,"[3, 11]",27
He looks like a genuinely nice guy. He doesn’t look fat and greasy,"[0, 4]",10
They apologized for that episode.,"[24, 27]",27
I feel left out... I never get invited to our new world order meetings with our elders of zion,"[9, 25]",11
"The games are that expensive, because corporations have figured out that people will pay that price point. Now bugger off.","[3, 22]",27
"Thanks for the info, appreciate it. ","[0, 15]",27
Ahahaha I’m enjoying your troll. Seriously remember commenting on it like a year ago. Hilarious people are still trying to correct you.,"[1, 17]",27
"From Rockledge, Florida in the united states. Don't know why I ended up here to be honest but it's a good time.","[0, 6]",27
I love [NAME]. But I’m not sure there is a single player in he nba who he can guard,"[6, 18]",27
I don’t get it :(,"[6, 25]",27
Came here to say this. I thank you kindly. Long live America. 😁,"[4, 15]",2
I stopped trying a long time ago. I actually feel much better (most days anyway),"[4, 23]",27
"Oh sorry. To clarify, I was wondering if I should mention that I am more than willing to help her if need be.","[5, 26]",27
That’s so wholesome.,"[4, 27]",27
I like that they have a red light camera there to combat the red light runners. You can see it flash twice at 0:48.,"[0, 17]",22
Hey. Maybe talking can help you last till then. What's bothering you?,"[5, 7]",27
And they let you run money making missions while playing in a solo server? I don’t remember this from gta.,"[6, 7]",27
Happy new year /r/newyorkmets. Everyone in this community makes this place feel seriously special. Let's go win a world series in 2019.,"[0, 17]",11
"nsfw pls, thanks nice work doe","[0, 15]",10
What could it cost? $10?,"[6, 7]",27
>I think this is the same for most people. Exactly.,"[4, 27]",27
Forgive me for being so forward but you’re hot af,"[0, 24, 27]",27
ya shes stressed out alot. oh ok. thanks for the advice.,"[15, 25]",27
A little girl recently died because her parents refused to get her medical treatment and insisted [NAME] would heal her.,"[25, 27]",27
What a confession! Unbelievable!,"[0, 26]",5
I don’t know man I feel like this goal is just a combination of unluckiness,"[9, 25]",27
Some of us only play QP. I’d like to think QP is just as important as comp.,"[4, 27]",27
Problem is as soon as someone criticises Israel they jump up and down and scream anti semitism,"[2, 3]",27
"It's pretty stupid honestly. [NAME] clearly pointed a bug and people are saying ""oh, it's a feature"". ...seriously now.","[3, 11]",27
"It’s so hard to be a mommy! Chasing kiddos. Work, work, work!!! ","[9, 25]",27
This is super duper nasty,"[3, 11]",27
*looks at title* IS THAT A JOJO REFERENCE?!?!?!?!?!?,"[6, 27]",27
"Yeah I haven't felt anything in days. It's like I'm numb, I hate that feeling.","[11, 22]",27
I don't really understand what you mean 😩 haha Can you explain please?,"[6, 7]",0
"i am a little bit confused, who are these guys and why did you ask her if she is dead","[6, 7]",27
I'm not sure what you're talking about. He removed his name off the records long ago.,"[6, 22]",27
"There’s no way this gets signed, right? Is it just lip service?","[6, 10]",27
"haha I didnt remember that Rampage was there live commentating for that one, good stuff. ","[0, 1]",0
I'm so sorry! I hope you are doing better!,"[20, 24, 25]",27
"but that’s exactly my point lol you get better at those things, the scary factor affecting skill learning becomes smaller and smaller","[1, 27]",27
"Honestly, this has got to be the most reckless way to bully and harass a kid. Kids have a tendency to grow to their expectations","[2, 3, 11]",9
"I’m from Oklahoma City. Not a small city, but a few of his patients are from there.","[4, 27]",27
I hope all of y'all that are commenting isn't all men because not all women do that!,"[8, 20]",27
"Oh wow, I am so sorry. I hope you find someone who values you for you. ","[20, 24]",27
as someone who doesn't wear a kippa at work out of concern for these things happening....what was being said? And thank you for standing up.,"[6, 15]",27
Agreed. How do you feel about the rumors that he doesn't pick any girl as an endgame?,"[4, 7]",27
"I like [NAME], but this entire sequence was hilarious. Poor guy. ","[1, 18]",27
Not offended just dont care to debate over game development or how long it takes 🤷🏽‍♂️ lol you win sir,"[1, 4]",27
"I find porn disgusting and boring, could this be a sign I'm asexual?","[7, 11]",27
Can't stand people who spam their terrible youtube channels,"[3, 10]",27
[NAME] on twitter is way different that [NAME] on youtube... anyways i love tsm no matter the tiltles no matter the rosters lets have a good year !,"[0, 20]",27
It bothers me that he doesn’t respond to your texts. That’s weird,"[3, 25]",27
This guy doesn’t know how to life...,"[9, 10]",27
"True enough, I just hope there are more reasonable people than not. ","[8, 20]",11
"Wow, you’re so generous with other people’s money.","[13, 26]",27
"Sorry, I swapped back to Canada unclearly, to respond to the comments about it.","[24, 25]",27
That’s a rad gift.... I cried when he came back from cancer. He was my hero,"[0, 23]",14
Wow! You've put my relationship in words I couldn't think of.,"[0, 26]",27
105 strikeouts over 81 2/3 innings. that's good lol [NAME],"[0, 1]",27
"Whatever you do, respect the kids' genders.","[4, 5]",27
I dont know.. i did message him many times but he didnt reply me.. i am worried about him. I asked his mother about him,"[5, 19]",27
Thank you! We all appreciate the kind words! 💓,"[0, 15]",11
"I only buy Venus razors, in solidarity with women everywhere. Why should I get to make more *and* spend less on razors?","[6, 7]",27
WYA? I'll come through.,"[4, 7]",27
What was the first insult from [NAME] to [NAME]? I think I missed it,"[7, 22]",27
"as a [NAME], trust me its not that great lol","[1, 10]",27
Fabies? fababies? fatbabies? but fat babies are so cute.,"[0, 7]",27
That LOD is a moron,"[2, 3]",27
Omg yes feels like being new born.,"[4, 13, 26]",27
This isn’t a “someone” this is a company.,"[2, 3]",27
Thank you. That's encouraging. I hope to find people like that to learn from.,"[15, 20]",27
Damn look at [NAME] and his insane get off. We could use an [NAME] now probably now than anyone on this roster.,"[20, 27]",3
Is this the track that’s just [NAME] cat meowing but slowed down? My memory is failing me,"[6, 9]",27
The bed is comfy and I want it to stay that way,"[0, 4]",27
They're really cute but I'd never in a million years own one because they literally smell like week-old pissed on rugs.,"[0, 4, 9]",27
"Sorry, I’m out of the loop- are they on this season as well? I forgot about them","[7, 24]",27
Thanks for your words. I appreciate hearing from you. You bring up some very disturbing points.,"[0, 15]",10
"Wow, your posting history is a real... interesting ride.","[0, 26]",27
"Here, we [NAME] are open books. Brutal, and often hilarious truth in every word we speak 😂","[1, 3]",3
Exactly. Some ammo is already cheaper than that.,"[3, 4]",26
It's so odd. He even sits in the co-pilot spot. Why isn't he now the pilot? [NAME] had never even flown into space before.,"[6, 7]",27
I'm just thinking our government sucks at Civilizations. Should have invaded them decades ago. Lots of water and farm land to use.,"[3, 8, 20]",27
LOL. Glad you noticed.,"[1, 17]",27
"Your nurse is an idiot and I'm sorry you dealt with that. Yes you are sterile, and talking to your doctor is a good idea.","[0, 24]",27
I always admire a pinch of salt in anything. I can't upvote you enough sir.,"[0, 27]",27
you keep telling yourself that - now go back to sleep before you embarrass yourself even more,"[12, 27]",27
"I dunno, ""Lobbyist"" and ""Senator"" seem like mighty fine jobs","[4, 6]",27
Went on a trip to the Austin area. This park is nice if you haven’t been there. Subscribe if you can. Enjoy,"[0, 17]",10
🤷🏻‍♀️ As a wise man once said: he was a bastard in life thus a bastard in death ,"[2, 3]",27
They didn’t even respond to my email so I don’t think it’s gonna work,"[3, 9, 25]",27
"He will, I feel like it's Christmas Eve and I'm waiting for [NAME].","[8, 13, 17]",17
And suck this guy off at the same time,"[2, 27]",27
Hahahahaha. That's hilarious. Oops! Thanks for pointing out my typo. I think I'll leave it.,"[1, 15]",27
Awesome! I'm really excited. Are you there too?,"[0, 13]",27
"It's ""snowflake"" to get upset over something like this 😂😂😂","[3, 9]",27
I like how the [NAME] stood there like what the fuck and then just accepted his death.,"[0, 18]",27
"Still looks pretty delicious, makes me really want an omelette rn tbh","[0, 8]",27
"Haha, glad someone was able to point you in the right direction then ","[1, 17]",0
"That's an unusual idea, I must try it out! Thank you!","[0, 15]",20
What the actual heck.... Like I just don't....I cannot,"[10, 26]",27
"> Literally no one cares if you stay or go, Funny you should say that...","[1, 9]",27
"I still think [NAME] is better, [NAME] normal are really bad... ","[4, 10]",27
"[NAME], what is the ""short run"" vs the ""long run""?","[6, 27]",16
I just came off of watching all of his movies. Dear [NAME]. I love and hate them at the same time.,"[0, 4, 9, 18]",27
"The social cohesion after brexit is going to be super cool too, everyone with flags on the windows.","[0, 13]",27
"This makes perfect sense, thank you for explaining! ","[0, 15]",27
What do you mean?,"[6, 27]",27
"Ever heard of the New Deal? Look it up, it was pretty cool.","[0, 7]",27
I legitimately want to brutally murder this person for saying that about us autistics,"[2, 3]",27
This is horrible,"[2, 11]",27
The fuck?! You're in the wrong subreddit with this regressive bullshit victim blaming.,"[2, 3]",27
I *want* to like R&M but people are making it really difficult,"[3, 9]",27
"“Fall in love with at least one physical, one artistic, and one intellectual pursuit” — This is great advice! Thank you 😊","[0, 4, 15]",27
"I love [NAME] so much, but honestly it's great news that they refused to go back to that system. Hoping for [NAME].","[18, 20]",27
DuDE -- I aLMOst HAd yoU!!,"[13, 27]",27
"Yeah, I completely agree. I was just making fun of this sub for seeming like they only want girls wear hoodies lol.","[1, 4]",27
I wouldn’t call Sargent Peppers underrated by any stretch of the word,"[10, 27]",27
I am getting a lot of weird replies...,"[3, 11]",27
"No I made the best of it, we had so much fun. Can’t wait to go back! ","[0, 1]",11
"No, she's standing in the water after she pees.","[11, 27]",27
I simply would not need a backseat driver to tell me what to do.,"[10, 20]",27
Any time. Sorry she is putting you through this. I hope you two figure it out soon.,"[20, 24]",27
? What do you mean? This is my favorite video game.,"[0, 4]",27
medical care in the US sucks.,"[10, 11]",27
I didn't read that but so what?,"[3, 7, 10]",27
I sure hope by all falls down you mean all mine and by the workout plan you're talking about the skit and not the song,"[20, 27]",27
That was the only place I saw and their pictures looked horrible. Might just have to go to the source and vacation in southern Asia,"[14, 22]",27
My school did this too except with a gold spray-painted plunger. Kids love toilet humor. 😎,"[18, 22]",25
Yeah it ringed a bell but i wasn't sure of the church,"[6, 22]",27
Good job shining up your spine and telling him it's over! Your life is going to get so much better with him not dragging you down.,"[0, 15]",27
I’d rather give up masturbation. No time for it anyway when I work.,"[22, 27]",27
Lol. Exactly,"[1, 4]",27
"Out of curiosity, what's wrong with the tribal casinos? I've been many in Southern California that were great, are the ones on Washington bad?","[0, 6, 7]",0
"Sure you can, but the question is whether or not the kid will listen, or if you will upset the parent. ","[9, 27]",27
I love flying out of Midway because I feel like I have never waited more than 10 minutes for security. I love the lines at Midway.,"[17, 18]",27
"You know what I love abou you [NAME]? Octopussy. Man, I must have seen that movie... twice.","[13, 17]",27
muh racist history! its all gone! no one will ever know about my slavery and being a traitorous vermin! help meh!,"[9, 25]",27
That is so sad. So your sisters got to ruin their bodies and forego a career? Yikes.,"[7, 11, 25]",27
Woah nice. Did you enjoy it or was it a completionist pain? I wish I could get into [NAME] but I just dont find the fun.,"[6, 7, 26]",10
Omg this is too good.,"[0, 4]",27
Why are you comparing third world countries to a first world one? This speaks volume about the lack of a proper argument.,"[3, 7]",11
Couldn't have said it better. Just did the same over my winter break and really got to know myself a lot better. Cheers to the new year!,"[15, 17]",27
Powerful stuff. I'm sorry I gave you this much time and credit.,"[3, 24]",27
Think FARC and Columbia if you're looking for something to compare the Afghan talks to. That's the best that useless war can hope to achieve.,"[0, 20]",27
I can see that! Let's say that I'm less enthused by that idea now than I was after Mania last year...,"[4, 13]",20
"I would have to agree. He acts for himself and wants revenge but also cares for and respects life so, chaotic neutral.","[0, 4]",27
"I love the vid, I just wish it was longer ;_;","[8, 18]",27
You've not listened to him.,"[3, 10]",27
I was having a good day. We were ALL having a good day.,"[0, 17]",1
"It's 57% upvoted, which pretty much means most people hate it. ","[2, 10]",7
Think you mean this Labour MP,"[3, 27]",27
We need an irbe so bad right now. I hope [NAME] is that guy,"[8, 27]",11
Omg. This is just the best ever. 💜💜💜,"[0, 26]",27
Good luck to you! Cheers to a new year! 👍🏼,"[4, 17]",27
That is one cute baby. I don’t think all babies are cute either. But this is a really cute baby.,"[0, 18]",27
Thats the problem you have with this? Mule kick in zombies has exactly what he wants xD,"[7, 8]",27
"Apologies, that distinction always slips my mind lol","[1, 25]",27
Great to see him involved.,"[0, 27]",27
"That's the weirdest dream I've heard of, but maybe you just have a high midichlorian count 😂","[11, 20]",27
Reminds me of that tragedy,"[22, 27]",27
correct. i am the one who decides if something is funny to me or not.,"[4, 20]",27
Normally the posts on this subreddit are pretty innocent and vanilla.....yeah not this one I think I’ll pass on “TheDickPill”,"[4, 27]",27
[NAME] was such a fun weapon,"[17, 27]",15
Thank you! We feel hard. We just don’t express it the same way feelers or maybe just most people recognize.,"[4, 15]",11
thanks i hate her,"[2, 15]",27
so doing something illegal only dehumanises you when caught?,"[7, 10]",27
Agreed! Hopefully! :-),"[4, 20]",27
I’m a fan of your awareness for others here. This sub needs more of that lately.,"[0, 4]",27
Because they don't realize that the Act of Union occurred. Either that or people don't like that this guy is being pedantic.,"[10, 27]",27
Not defending [NAME] at all but this is just super sad if it’s true...,"[25, 27]",27
"It seems there is strong agreement on all sides that ""Nothing changed"" now. Is that progress? /s","[4, 7]",27
"Guys message got deleted, what did he say? ","[7, 9]",27
persistence that is working perfectly fine...thanks to backup scripts lol,"[0, 15]",13
that made me feel bad for nw,"[9, 25]",27
That will have to be MY cake then!,"[13, 27]",13
[NAME] bringing on Sir [NAME] to confront [NAME] about calling him fat is a great interview,"[0, 4]",27
Do *you* believe yourself to be a clone?,"[6, 7]",27
Sorry! Yes you are right about the exact name. My brain confused it with the similarity titled cat toy :-p,"[4, 6]",27
"It isn't only a representation of the economy, but how poor most people's financial sense and budgeting skills are.","[4, 22]",27
"Alright dude just fuck off ok, it's not the funniest thing on the internet but it did make me smile so in conclusion fuck you","[1, 2, 3]",27
Wow this made my forehead hurt it was so cringey. I love it.,"[18, 26]",14
[NAME] could kill someone on purpose and she isnt going to get into trouble EVER,"[4, 27]",27
"Why don't you just move to secular country like North Korea, China or Sweden? Leave theists alone we don't want you.","[3, 7]",27
I believe so,"[4, 20]",27
Thanks! We had fun.,"[15, 17]",11
"Nah I'm good thanks, I still got Netflix and the Pirate Bay","[10, 15]",27
That was the best time to be Black in LA,"[0, 4]",27
"People are still playing bf1?Wow thats nice,I should play some games until more content drops for bf5.","[0, 4, 7, 26]",10
Lol... that is awesome.,"[0, 1]",10
I love the [NAME] conspiracy and this is a good addition! Thanks for sharing.,"[15, 18]",6
I know! BTW I love your choice of critter. Penguins are fabulous.,"[0, 18]",27
Don't care. Have fun. Got better things to do.,"[1, 5]",27
That’s my favorite aquarium! Wish I saw that though lol,"[0, 1]",27
">I want to believe that everyone deserves love They absolutely do! And he loves himself enough already! Too much, in fact.","[4, 18]",27
It's disgusting how good our teams have been both years until december happens. It's usually started by injuries too.,"[11, 25]",27
"I have but one upvote to give, otherwise you would get more.","[5, 18]",27
That’s kind of cool! You made a friend at the store. I usually make people want to leave.,"[0, 4]",27
Was really hoping for something about free aim in this update. Can't see myself playing gun rush against auto aimers lol,"[1, 20]",27
"Thanks dude, palms were very sweaty lol","[1, 15]",27
"I had a panic attack when I saw that, thinking that I slept for 3 years and Hall was a Duck.","[14, 19]",27
These are some of the best movies to watch high (esp Butterfly Effect),"[0, 4]",27
I've finally found my people who know the struggle.,"[17, 23]",27
That's what makes the best reply you could paste the comment at mumble rap and 10 day tho.,"[0, 4]",27
Capitalism coerces all of us into exchanging labor for money. Respect all hustles of non harmful types! 🙌🏻,"[0, 4]",27
I second that,"[4, 27]",27
I love [NAME] and totally understand. I hope she and [NAME] are able to have their healthy baby.,"[18, 20]",27
are they worried their dog will get autism or something?,"[6, 7]",27
"Well, the bill was about 100+ per person. Must be amazing lunch there.","[0, 20]",27
I realize that’s the joke and I want to know what’s funny about it,"[7, 22]",11
Sad but exciting to see him in a place where he might perform well. Hopefully he stays injury free.,"[5, 20, 25]",27
Yeah I love all of my little rejects. They keep my wife warm when I've got a night shift.,"[5, 18]",27
Imagine my shock... but he does seem very representative of the left.,"[7, 26]",27
A dry phone?,"[6, 7]",27
Fear of awkward and inconvenient encounters. What can he do to you?,"[12, 14, 27]",14
Thanks for that. Never really investigated mechanism of it. Seems to be familial as father has it too. Otherwise normal.,"[15, 22]",27
"Im sorry but I dont get the joke, can someone explain it to me?","[7, 12]",27
"I’ve never been in love, haha. So I wouldn’t know.. thank you for this comment :)","[1, 15]",0
Loved him in Gavin and Stacey! Thanks for the recommendation,"[15, 18]",27
Not gonna lie I’m pretty out of it for New Years so I probably knew-jerked more than necessary. Happy New Years my man!,"[13, 15]",27
This is the same woman who fought tooth and nail to have wrongful convictions upheld while she was a prosecutor; she craves tyranny.,"[2, 3]",27
I'm sorry but I would've have pressed charges on the guy who kicked me in the ribs while I was being held down.,"[9, 22]",27
"Thanks for the link, my email indeed was breached it says. I’m just not sure what this exactly means.","[6, 15]",27
I can feel my left knee getting sore now,"[22, 27]",27
You miss the sidewalk wing massacres as well I'd bet,"[20, 25]",27
The shitty taste is what keeps you awake.,"[3, 27]",27
I slightly hate you for triggering my OCD but at the same time it’s glorious,"[0, 3]",27
"Dude, I'm happy for you. Keep going, you're doing great!","[0, 17]",27
"Nice, congrats!","[0, 15]",10
USA Trash is [NAME] beloved gift to Canada. Thanks [NAME]. Nice hair though!,"[0, 15]",10
Oh good point! I bet the farthest they go is reporting to credit agencies. Which still sucks but he can always fight that outside of court.,"[0, 20]",7
"Man, I kinda feel bad for dude, hopefully everything went smoothly past that","[20, 25]",27
"That’s true, thank you","[4, 15]",11
"Thank you. [NAME] killed it, earned his spot. Love my packers but sometimes people in this sub are ridiculous ","[15, 18]",27
"Some folks are just bitter and taking it out on the world right now. Don't give into their idocy, keep up the good spirit!","[0, 20]",11
Our 2nd unit is as bad as anybody in the NBA,"[9, 10]",27
Too bad it's the wrong kind of blows!!!,"[10, 25]",27
"Hey thanks, I appreciate it!","[0, 15]",27
"Do they have rankings beyond the top 9? It'd be great to see what type of talent would be available in rounds 3, 4 etc.","[7, 27]",27
Damn straight.,"[2, 27]",27
"Honestly, I respect [NAME] for doing what he felt was best for business. [NAME] can go fuck himself.","[0, 2]",27
I never said you did? I'm just going off the conspiracy that's been going around for awhile about her being a clone,"[7, 20]",4
I were wondering what's the deal with the second pic .Nice find .,"[0, 7]",10
"Serious on the vacation time, I haven't seen some government workers doing anything for weeks now!","[2, 3]",7
Lmao there referring to what [NAME] said in episode 3 🤦‍♂️,"[1, 22]",27
"They hated [NAME] since the beginning of [RELIGION], they treated them like animals","[2, 27]",2
You are doing your kids such a grand favor! I wish I were raised like that.,"[0, 8]",18
"Yes, which is why I hate the term ""ranked choice voting"".","[2, 3]",7
Happy cake day,"[13, 17]",27
I don't think you've ever seen the dsm. If you knowingly do something stupid you don't deserve anything but what you get,"[2, 10]",2
Someone off screen threw one back at him I would assume,"[3, 20]",27
They love to prey on women that have just given birth. It’s so disgusting!,"[11, 18]",27
Insulting [NAME] for being captured is good praxis,"[4, 27]",27
> Every billionaire is a policy failure Damn right!,"[4, 27]",27
"Thank you. Let’s not blame one parent only for the existence of a child, or the batshitness of one coparent. ","[15, 22]",27
"Brother, I am in tears, [NAME], I wish I had been there. ","[8, 25]",27
interesting theory. I'll try to keep this in mind more. ♥,"[0, 20]",27
Dudeeee damnn why am I at work when this happens lol,"[1, 3]",27
This isn’t true right? That would be incredibly funny,"[1, 7]",3
why are other dashers such [NAME] 🤣who made y’all so upset,"[7, 9, 25]",27
It's not Russian land either. Your argument is still complete nonsense.,"[3, 27]",10
R u a dad or did ur dad leave u both have bad jokes,"[6, 27]",14
Don't use autism as an excuse to be an asshole,"[2, 3, 10]",27
I’m not sure even know sits a fucking painter’s tool. I hate everything about everyone in this video.,"[2, 3]",0
Oh no! Poor dude!,"[9, 25]",27
"So glad you are safe. It looks like icy conditions, too, so that is great that you were able to avoid this.","[5, 15, 23]",27
I wish him good luck trying to get the video back but his chances are quite low. It's one man versus a corporate empire.,"[5, 9, 20]",27
"Let's not name anything after him. Even if it's a disorder, the incels will take it as recognition and pride.","[20, 21]",27
Where's this snow everyone's talking about? Just looked out the window and there's no snow here.,"[7, 22]",27
"It would hilarious, but also kind of sad.","[1, 25]",22
"As someone with sinus and breathing problems, this makes me anxious and short of breath just looking at it.","[14, 19]",19
Wow sold out during break without most of the students. Don't know how they'll fit the students in once we're back,"[6, 22]",27
Giants are getting him even though if take him. He wants them too so no room for us,"[8, 9]",27
"Oh wow- some truly have crazy different genetics. I’m glad you got her a friend, I’m sure it helps immensely. ","[0, 17]",27
Thank you! I will take that warning under consideration. History is brutal but there's detail and unnecessary detail.,"[11, 15]",27
"Wow, is it March 24th, 2018 already?","[22, 26]",27
"it is very clearly incorrect, and it's apparent that your descent into reactionary politics has made you fully delusional. ","[4, 10]",27
"Oh wow, hate that. ","[2, 3]",27
That's why many places have it at 18 or 19. It's not like 16 and 25 are the only options.,"[22, 27]",27
Now were talking. Acknowledge our short comings and bring in a guy that is essentially a solution to most of them. Love it.,"[4, 18]",27
This one is hitting people that knew him hard. He was such a happy guy all the time. Hopefully they catch the bastard soon.,"[17, 20]",27
"YOU'RE AWESOME, THANKS!","[0, 15]",27
Being approached isn't a license to act a racist fool yourself,"[3, 27]",27
Just wanna say I love you and hope the flight and everything thing else goes well👌👌.,"[18, 20]",0
This just oozes passive-agressiveness. I love it!,"[17, 18]",27
Felt like yesterday when they got married in that barn/bar/bistro. Truly the halcyon days.,"[17, 27]",27
We had some sparkling apple in our ICU tonight as well! Happy new year!,"[13, 15, 17]",27
"Cadbury is better than both of these, however they’re still solid choices.","[0, 4]",27
Takes a lot of courage to admit they are autistic online. Nice to see you worked up the courage buddy!,"[0, 4]",27
Nice work. I really want the full scene in this format.,"[0, 8]",10
"Very interesting link, thanks for sharing. Happy New Year!","[0, 15]",3
"[NAME]: ""She seems useless""","[3, 27]",27
"And losing to division rivals gives them the tie breaker, no? Very frustrating. ","[3, 9]",27
"I hope you’re doing well with RCIA! So sorry for your loss. Praying for you, your family, and your daughter ♥️","[5, 20, 25]",27
Are we sure this isn't the beaverton?,"[6, 7, 27]",11
Amazing. The perfect words for it,"[0, 4]",27
Same! I don’t know how our elementary level colleagues do it. When I subbed in elementary a few times it was awful.,"[3, 11]",4
I don’t know about the whole state but we do have some shady cab drivers here.,"[3, 9]",11
Haha I can drink to that! Cheers man!,"[1, 17]",0
I wish they didn’t hate [NAME] so much. Feels bad to play her.,"[9, 25]",27
"That’s always good to be away from toxic people like that. Try to keep yourself from those types of people, they can ruin your life.","[4, 5]",27
Mind linking the Etsy store name?,"[7, 27]",27
It's prevalent in everything. WoW was incredible when it came out *because* everyone was garbage.,"[0, 27]",0
My first Hawks jersey was #81. Praise be.,"[0, 21]",1
You're right. I forgot more Democratic seats were up for reelection! Thanks!,"[4, 15]",14
Hahaha thanks for sharing that is simply amazing. You probably gave the buyer a good laugh too.,"[1, 15, 17]",27
I can't help it. It's just so perfect.,"[0, 4]",27
These are worse than the [NAME] ones [NAME],"[3, 10, 11]",27
He will regret nothing I'm sure,"[24, 27]",27
Though i think i preferred it when it was artistic and gritty i still love that series. Listening to the audiobook he took the voices from. highly recomended,"[0, 18]",27
Worried it will be taken off the table?,"[7, 19]",27
"Sorry man, I have no idea either! ","[6, 12, 25]",20
"I suppose when discussing socialism one ought to avoid the use of the word prosperity, it does become a touch embarrassing. ","[12, 27]",0
I'd love to hear someone argue in support of our current income inequality..,"[8, 18]",27
> You could probably argue that they'd be fine with giant steaks and BBQ Pretty sure I mentioned it.,"[20, 27]",27
Me too! Just figured out how.,"[4, 22]",27
"[NAME] bless you. Yeah I said [NAME] because we live in America,the land of [NAME]","[4, 5]",3
"DoorDash can deliver my White Castle's at 3am, that makes me happy","[0, 17]",27
"Happy Cake Day! I, too, have been a victim of cake.","[13, 17]",27
"I’m sure you’ve been accosted many times by the cops, or as I call them “[NAME] fash squad” !!!","[3, 27]",27
"Its a tough thing, but our government NEEDS to be downsized drastically. I just hope the affected employees have help with the transition.","[4, 8, 20]",27
Disgusting performance. [NAME] appears clueless.,"[6, 11]",27
"""I care about the nation and the world"" and ""I'd rather let trump win than vote democrat"" are opposites of eachother","[5, 27]",11
"Suffice it to say, I understand why you want to build one, although I disagree with both the solution and how you arrived at the conclusion. ","[10, 22]",27
Ay just like my life *whips whilst sobbing,"[25, 27]",27
I used to like [NAME] so much him and [NAME] were one of my fave couples but I’m over him and his BS lol,"[1, 18]",27
"[NAME] insists it went off the glass, i trust him!","[4, 27]",27
hugs back! thank you for writing and being here with me.,"[5, 15]",27
Leave ASAP. That is all. Your life will be better for it,"[4, 5]",27
The most irrelevant comment award..... goes to..... no one else but you.,"[3, 27]",27
I hate this and I love you for sharing it,"[2, 18]",27
"Thanks. I'm still sad till this day. But whatever happens, I'm at peace with his decision.","[15, 25]",27
Idk which is worse. The guy doing the project or me watching the video.,"[3, 6]",7
The kids aren’t doing anything stupid here... cause it’s a fake video. I feel like this is in the wrong sub.,"[3, 10]",27
And shockz isn’t? And he wouldn’t be too much of a threat for... fuck I forgot who’s on rec honestly,"[12, 26]",27
I love how you are a individual just trying to be yourself. I always say sexuality is the least interesting things about yourself.,"[4, 18]",27
I blurred the names of the others it's about [NAME] being [NAME] 😂,"[3, 22]",27
I don’t know where you live but just a bj should be around 80$,"[6, 27]",27
Finally I feel like it’s been ages. Dude needs to really beef up this offseason don’t focus on anything else.,"[5, 23]",27
Thats fair. I know its a joke it just always struck me as odd how people wrote it off. No worries.,"[1, 4]",10
Is it bad that im really bummed he didnt get hit?,"[7, 9]",27
Because they are idiots.,"[3, 27]",14
"I personally find it very funny how they talk about vaccines not helping against cancer, while there isn't even a vaccine against cancer","[1, 3]",5
"me: haha im an incel. rApE sHoUlD bE lEgAl! wOmEn ArE iNcApAbLe Of ThInKiNg greaseball who stares at my chest on the bus: Well, actually...","[1, 2]",0
"I thought it went well, but then she clearly didn't I guess it started to go downhill the second she saw my face C'est la vie I suppose.","[6, 22]",27
Haha that literally made me laugh out loud OMG I'm still dying. Take this upvote man. Well deserved,"[1, 15, 17]",0
"Yeah, might just grab a coffee and be done with it.","[4, 27]",27
I had dream where someone said this to me having no idea it was him,"[8, 27]",1
"Huh, I was just wondering if something like this existed. I'm working in food manafacturing an this would be epic.","[13, 26]",27
Somebody has got to be a parent lol,"[1, 17]",27
Who tf told you that weirdo is left?,"[3, 7]",15
Yheaaa I always gave me till 35 to decide if I want a kid or not. [NAME] kicked in sooner than expected.,"[6, 22]",27
The article didn’t use it. OP just did a bad copy paste I think.,"[10, 11]",27
Well good luck! Hoping to see you in my diamond games soon. Psn is LokleLad if you ever wanna stack,"[0, 8]",27
"Thanks for the detailed reply friend, much appreciated. I’m a history buff and love learning about these things.","[0, 15, 18]",27
Breathing out like a dragon keeps me from gagging when i brush the back of my tongue,"[25, 27]",27
Just rubbish.,"[2, 3]",27
"Third here. Oh, ok. Wow.","[0, 27]",27
I feel so bad anytime I see anyone fall on their face... I just want to make sure they are ok.,"[5, 9, 25]",7
Gotta love trailing for 59+ minutes,"[17, 18]",27
Thanks im going to get that on a shirt u are awesome and must love everyone thanks for the help [NAME] is still president,"[0, 15]",27
"I agree, I love acdc, I just don't love the comments on their songs cause so many of them are dumb lmao","[4, 18]",27
Literally what happened.,"[7, 27]",27
Agree with that XI but sad that [NAME] is our best choice.,"[0, 4]",27
"HEY! Once I was out on my own, I **loved** getting socks and underwear as gifts. My son just realized the same thing.","[18, 22]",27
Glad to see Tael (wabi) on the list but surprised its not at the top.,"[17, 26]",27
The puppy is actually suggesting that the use of laptop to be repulsive. ^^^^PCMR4Lyfe,"[5, 27]",27
Did not expect it to work with a body on it..,"[26, 27]",27
They have THE BEST tortillas too. Made right in front of you. Mmmmmm!,"[0, 27]",27
"To be fair, the world (especially politics) has been kind of a shit show since 2016","[3, 9]",11
Where did people get this? It’s hilariously wrong.,"[1, 7]",27
Yup. How sad is it to admit I'm jealous of the ravens run game and defense 😣,"[9, 25]",27
That's unfortunate but can't blame that lawyer for doing his job.,"[10, 25]",27
"Love The Weasle, I've grown to like him a lot ","[0, 18]",27
Ah the high life. Must be sweet.,"[0, 1, 17]",27
why would you have kids? why would you chose not to be with that girl with big boobs? you dumped her?!,"[6, 7, 9]",27
I'm sorry to hear about what your sister did to you. I'm glad my videos could be of help!,"[17, 25]",27
"[NAME], [NAME], [NAME], prime [NAME] + [NAME] was fun. ","[1, 17]",27
[NAME]? Man that laugh when the captain joked that she can read minds. Kinda embarrassing.,"[7, 12]",27
You're right. Lets see what Fox News Analyst Lt. Col. [NAME] has to say about Fox,"[4, 7]",4
So the watering down continues. When will the democrats stop losing the battle before it's fought?,"[6, 27]",27
Struggling to find :(,"[9, 25]",27
"all 10’s left tbh hoping for a clarity win, we found love second, rather be third, and titanium fourth","[20, 27]",27
We are up 2-0 and this game is pissing me off so much.,"[3, 9]",3
And he’s been with same org with his former teammates before Vegas. That and highly doubt [NAME] would drop a loyal player.,"[20, 22]",11
"Yeah, for sure. I've definitely come pretty close to panic attacks at the dentist as well.","[4, 14]",27
"My parents died. I wish they were someplace warm that I could visit them with their grandchild, and they could visit too.","[16, 25]",27
You are AMAZING. I especially love the woman !! :),"[0, 18]",27
"she seem immature, playing mind games. I would be direct and if she still keeps playing games let her go. seems like an attention seeker.","[3, 9]",27
") /sorry, the Excel formula part of my brain was driving me insane.","[9, 25]",27
That's the perfect intro for a panic ult.,"[0, 14]",27
"Now I guess the question is, were they dipping their brush in their own paint pot, or were they sharing with a friend ?","[6, 7]",22
Sorry then. My bad. Let's hope there is no full scale war any time soon btw.,"[20, 24]",27
Congratulations!! How are you feeling/doing these days?,"[0, 5]",5
oh yes! i did not know pizza could possibly ever be disgusting until i moved to florida.,"[11, 22]",27
That such a sad flop [NAME],"[9, 25]",27
Glad [NAME] found some love in his life,"[13, 18]",27
Solid r/ThisIsMyLifeNow material. I love it. They’re such gorgeous dogs!,"[0, 18]",27
"I love playing [NAME] against everyone. Main fire for 2 seconds, alt fire in the head, 100🔥 ","[13, 18]",14
"Thank you! When I have more, I'll post it.","[15, 20]",27
"You ""finally"" realized this? This sounds like a journal entry from 2003.","[7, 22]",27
Thank you! I agree. We’ve decided to back off. No need in feeding into it. :-),"[4, 15]",11
If you hike past the 2-3 mile.mark on just about any trail you'll lose all.the Instagram hikers.,"[9, 27]",27
Amazing work!. I truly enjoyed reading this and read like a page directly from the book.,"[0, 17]",27
Cordovan in the mech with the loudspeaker really makes me smile. It is just so bonkers. I love it.,"[17, 18]",27
"“excuse me, sorry im next”. “oh sorry”(moves behind you). “thank you”","[15, 24]",27
[NAME] lines especially. They're all so good because originally [NAME] was going to play that character.,"[0, 4]",27
B-But big pharma is great! Vaccines everyone! Vaccines! We love big pharma! They never lie! Come on start circlejerking!,"[0, 13, 18]",27
Uh oh. I think I love Calabro. That was a hilarious call. Gotta love it!,"[1, 18]",4
Guys. Our defense is bad outside of like two guys.,"[9, 10]",27
This is interesting. You want to share experiences with her but not necessarily have sex with her?,"[0, 7]",27
I think it should be a felony. Kind of crazy that illegally entering a country is such a minimal offense.,"[2, 3]",27
"I love and stan Manila , I always will. BUT the fan base worshipping the ground she walks on is getting so irritating ngl","[3, 18]",27
Nooooooooo I was a student staff member at the WCC and this makes me so sad and angryyyyy,"[2, 10, 25]",27
Nice try cat daddy ;),"[0, 15]",10
I loved it so much! I really wish they had better paths for [NAME] though. Poor guy!,"[18, 20]",27
Everyone panics when they are on fire.,"[14, 19]",27
you would love the episode of the boondocks called the return of the king.,"[18, 27]",27
"As a BMW owner, I don't understand what this meme is even talking about.","[6, 10]",27
So I've just read your whole post. Wow. Your mum is a piece of work.,"[0, 26]",27
Guys a complete troll who has no idea about cancer or the physical pain it can cause. Move on and don’t give the cunt the satisfaction.,"[5, 25, 27]",27
Way to tongue punch that fart box. 👍,"[3, 12]",27
"If you’ve never been to DSA you’d be surprised by how many amazing, smart people you’ll meet. ","[13, 26]",27
"I mean, if I make it look like an accident, just think of all the ribs I can buy with the insurance money... ","[4, 20]",27
"You're probably right and how terrible of them, if so. Poor [NAME].","[4, 9]",14
"I’m so glad you had a lovely time! And you gave so many other people a good experience, too!","[0, 17]",27
I would love to see [NAME] play all 60 minutes but nah. [NAME] needs to chill.,"[8, 10]",27
I Will as soon as I get out of The mental hospital lol thank you for recommending it. I love [NAME],"[1, 15, 18]",27
"So, the cops raided my favorite massage parlor today.","[3, 25]",27
8 other justices?,"[6, 7]",27
EVERY POST YOU MAKE IS AMAZING THANKS MY MAN,"[0, 15]",27
I'll have a look and see if I can find it. Cheers for the info!,"[13, 17]",27
Everyone knows a Sith would be called [NAME]. What a terrible fan of the franchise that poser is.,"[4, 11]",27
Even that game winning kick was close. Our kickers are cursed.,"[9, 25]",27
Thanks I got sorted here anyway.,"[15, 22]",27
*Hey just noticed..* it's your **6th Cakeday** ThaJarseff! ^(hug),"[13, 26]",27
"eh, it has its ups and downs. ","[4, 22]",27
I'm so sorry. Read about you getting kicked out at home. That must be devastating,"[24, 25]",27
Apple can still go kindly fuck itself tho,"[2, 3]",2
Damned straight.,"[2, 27]",27
"It's literally essential that everyone stop what they are doing and watch this, the best video, as many times as possible and then some more times.","[0, 4]",27
I agree but I can’t force him.,"[4, 5]",27
Wow... Mid 2000's this would of been a way better follow up to Space Jam and probably just as if not more popular.,"[13, 20]",10
Since [NAME] are technically [NAME].,"[3, 27]",27
Congrats keep going,"[15, 21]",27
Never heard of the artist or the song. But it sounds really great! Thank you for sharing!,"[0, 15]",27
I guess [NAME] are especially good at making heaven sound boring 😂. I'm also an [NAME],"[0, 4, 20]",27
"I'd give them a first, but they have to retain salary. You know they'll just destroy that first round pick too.","[9, 10]",27
It would honestly make sense for her track record and she’s releasing her new song and it’s a plastic runway and she made of plastic,"[20, 22]",27
Brave would be the movie you’re looking for,"[7, 27]",27
It means >![NAME] is the only one really close to Dutch now.!<,"[4, 22]",27
"You can thank [NAME] for that. He wouldn't commit to taking [NAME]. He wanted to play for [NAME]. He shunned uncertainty, not the Jets.","[4, 15]",27
I just HAD to tell at her parents and pass on my misinformation! 🙄,"[20, 22]",27
I want it!,"[8, 27]",13
"I did, I did!!!! Now I feel special ","[13, 17]",27
"Wasn't that just Age of Apocalypse? AFAIK, [NAME] and [NAME] are married in the comics right now.","[7, 27]",24
Does it say how many servings are in the bucket? I'm really hungry.,"[7, 27]",27
I saw this entire movie on YouTube and loved it! But it doesn’t seem to be on YouTube anymore :/,"[18, 25]",27
"[NAME] bless you, fellow [NAME]! What a wonderful testimony of the changes that [NAME] can make in us. ","[0, 20]",27
Good retort! Thank you for your contribution to the discussion.,"[0, 15]",27
"That's the best thing about free will, you don't need an excuse.","[0, 4]",27
"Well, I guess that explains my gf mood now ","[6, 22]",27
"Lol at the caption, but I believe it’s Netflix’s new original movie Close.","[1, 4]",27
Want to relay that in a coherent message?,"[6, 7]",13
Have a wonderful day.,"[13, 27]",27
"Seems fun, wonder how she would have ended up if the ca er was not there","[1, 26]",27
Crowder is terrible... How do you lose that gunfight or not have the common sense to just run away,"[2, 14]",27
"Are you located in Wellington? Just interested to see where garage project is available in New Zealand, because i've heard its limited... ","[7, 13]",27
They are bad for your body.,"[5, 10]",27
Slightly obscure I like it. I’ll add crash.,"[18, 20]",27
"Yeah, what do you know about her? Her Wikipedia page is pretty barren.","[10, 27]",27
Sell all bch for bitcoin and hope for a bull run. Best decision you probably will make in your life.,"[5, 8, 20]",27
Please no hate it’s my first post bro please,"[19, 25]",0
"Ahhh, the old ""if you don't vote the way I do, you're a big dumb idiot"" gambit. ","[3, 11]",27
"I'm not sure about bigger, but according to Google search algorithm, definitely as relevant.","[6, 27]",27
I'm sorry you felt alone. It's a terrible suffocating feeling of dread. I hope you are feeling better and that you are in good health,"[20, 24]",5
The fufure is not written! But my skateboard career is!,"[4, 20]",27
"Hi, [NAME]! I just wanted to stop by and wish you peace and happiness! -HappyFriendlyBot","[8, 20]",27
That magazine cover after her first surgery was awful. She got a chin implant or something I think. Receipt:,"[10, 11]",27
I'm praying they get a spin-off. Keep this crap off my VPR.,"[3, 5]",27
You have more patience than I do.,"[0, 22]",27
"Thanks. I knew DH, but that one was confusing me.","[6, 15]",27
Love the new intro song.,"[17, 18]",27
Thanks boss. Finally got a sibling for the Glock!,"[13, 15]",27
"No, every movie shouldn't be like that. But a good protagonist is a good protagonist! ","[0, 10]",27
"Whatever you say, mate. Good luck trying to tell kids not to love their parents.","[20, 27]",27
Sakura drops & Goodbye happiness,"[17, 27]",27
"Watching girly tv shows. Stuff like gossip girl, pretty little liars, and gilmore girls are all a guilty pleasure","[1, 17]",27
Good always love him,"[0, 18]",27
"Ok, I will take this with a pinch of salt, but take it into consideration nonetheless. Thanks.","[4, 15]",27
"I would not be that mad though. Just disappointed. I am angry at people like you, not the show in itself.","[2, 9]",27
Its more of a suggestion its not in forced at all i doubt a lot of people even see the quiet carriage sign,"[6, 27]",27
Disinfected or sanitized maybe. No way an entire exam table is sterilized.,"[6, 10]",27
You can do it girl! I believe in you! :),"[4, 20]",27
"Thanks, Now I hate you, and will have dreams about this tonight.... Just what I needed","[3, 15]",27
I recently won a match going 12/19. Always ends the same way you thanking them profusely and them being slightly annoyed.,"[3, 21]",27
Oooo I love that theory! I hope we do find out her name one day,"[18, 20]",3
Great! Can't wait :),"[7, 13]",27
"Just hit Leichhardt! Well, the wind has, waiting for the cool now though!","[20, 22]",27
What you are describing is what I am feeling right now aswell. It's hard to handle the fact but atleast you aren't alone.,"[5, 20]",27
"Ehh, still pretty ambitious lobs for [NAME] though. I'd get it if it was [NAME]. ","[8, 27]",27
Not exactly the cream of the meme crop there. And on a personal note I don't think ironically bad memes are funny.,"[1, 22]",27
Always worth a try. Good luck!,"[0, 4, 5]",27
One week sounds like a good timeframe. Good luck on your channel! I hope that expected revenue goes up for you.,"[5, 20]",27
Okay. The wall that he's mentioning. What wall would that be? ***on the border?? Oh my! Big surprise***,"[7, 26]",10
"No way. [NAME] was annoying. Arizona left a huge gap in the cast, she was great ","[0, 3]",27
Bee happy! ' v'),"[5, 17]",27
I loved coming across this today! Nice work!!,"[0, 18]",10
[NAME] is honestly really badass and he has a great design I hope they give him something good to do in 11,"[0, 20]",27
I had to look those up.lol. That's awesome. Do you make money by doing so or just pure hobby?,"[0, 1]",27
I hope. Sirens got me excited,"[13, 20]",27
Argentina is with you! Be strong comrades!,"[4, 5]",27
^ This. You know the guy's a liability when multiple teams openly admit to taking advantage of his defensive inconsistency at the left.,"[10, 27]",27
Thank you to share your opinion and I’ll appreciate this (=,"[0, 15]",27
It's always been Marfeles. Was 30 years ago when I first visited.,"[4, 22]",27
This’s didn’t hold up too well.,"[9, 10]",7
Happy to hear that :). Where are you from btw?,"[7, 13]",27
Oh wow this is big. Thanks for the heads up. Indeed! So many great memories that I still like to reflect back on. Thanks!,"[15, 17]",27
I'm still so sad we never got to see [NAME] witnessing his miracle baby's first steps. ☹️,"[9, 25]",26
At least he let you use an envoy. Those are seriously reliable. What color was the envoy,"[3, 4, 7]",27
you never wanna hear that but sadly people will say they love you when what they really mean is you are convenient.,"[25, 27]",27
This is the day we've been waiting for! WWOOOOOOOOOOOO!!!!!!,"[13, 23]",11
"Sorry to hear that, mate. Please get some professional help. ","[5, 25]",27
"I will have nothing to do with this specter, who selectively appears to individuals and abandons others. No better than a cruel warlord.","[2, 3]",27
"that sucks, good luck next time!","[2, 15]",27
"Not a good time to make life altering plans like moving in with him right now. Good luck, though. [NAME]","[5, 10]",0
Wow.....,"[13, 26]",27
Lol nice. I can't say the same yet. What do you do for a living if I may ask?,"[1, 7]",10
good to hear my man!,"[0, 17]",27
"Glad we aren't all like you , the world would have sucked","[3, 23]",11
You just need to live your best life. Do the things that make you happy and don't dwell on any of the negatives.,"[4, 5]",27
Hope + Sabres = Mistake Just remember that you love hockey and do your best to enjoy the ride.,"[5, 18, 27]",27
"nice, was a big fan of REQ but haven't kept up with their progress much the last year","[15, 18]",10
they're shite - disgruntled OCSC fan,"[2, 27]",27
I always wondered where it was on ormond. I managed to find the toolbox last week on yamaoka as killer.,"[7, 26]",27
"I know! It amazes me every day, but I'm SO, SO thankful for those lists.","[0, 15]",27
Because I have no self-control and I hate myself.,"[2, 24]",27
I look cuter in red P’s.,"[17, 21]",22
Well I did have one balanced meal...before a few alcoholic beverages.,"[4, 27]",27
"And in the case of human trafficking, these people we should be given homes and protection instead of being tossed out to be abused in their home country","[20, 22]",27
LOL THEY DIED? like if you get reference,"[7, 18]",27
"Like [NAME] said at the very end of the stream, “You’re still here and you can still do amazing things.”","[0, 4]",27
1:30-4:30 it’s completely dead. You sometimes get late lunch orders at 1 or early dinners but that’s it.,"[3, 9]",27
Facial hair ability: [NAME] Looks like [NAME] got a bloody nose a week ago and hasn’t washed the blood out yet.,"[3, 27]",27
"So what is then, the race of western peoples? You're treading in very problematic territory friend","[5, 7]",27
"Ah yes thank u, now the image is very funny","[1, 15]",27
❤️ you are a strong individual and there is an amazing amount of support behind you,"[0, 5]",27
Also put icecream under the taco for a nice sundae suprise 👍,"[0, 26]",10
"I considered that they might be doing that, actually...but I googled it and it didn’t seem to be true.","[22, 27]",11
love this! makes me want to go hiking at superstition this weekend.,"[13, 18]",13
Both parents were drunk. Where were the small children? You helped her cheat and possibly contribute to child neglect. Awesome.,"[2, 25]",27
Here in the UK I’m pretty sure I’ve never seen a taco,"[4, 22]",27
😂 Poor kitty.💗 I can hear that howl and see that face! You betrayed her! 😛,"[3, 25]",27
King Gizzard and the Lizard Wizard and Beach House are my two favourite bands.,"[0, 17]",26
Why not ask a friend to do that?,"[7, 27]",12
"more like consistent*winner*, i hope you find a lasting happiness","[5, 20]",27
A work on yourself to change these issues. Or live a life without close connections. At the end of the day its depends on which you want.,"[5, 20]",27
"I need more videos of this cat, love its face xD","[8, 17, 18]",27
"Geez, we still got about an hour left lol","[1, 22]",11
Funny. The only people who have ever attacked me were conservative [NAME].,"[1, 3]",27
You can love both [NAME] and the person you are with.,"[4, 18, 27]",5
"The US and Canada are great allies, it's really a shame they've elected their worst. ","[0, 11, 12]",27
I forgot the Olympics was gonna happen there 😂 hopefully the signs and stuff will stay!,"[4, 20, 22]",2
"Thanks a million, because I was very much thinking the opposite hahaha","[1, 15]",27
"I don’t understand your question, why are you nervous if you are happy with the arrangement and he seems interested? ","[6, 19]",27
"Saw bad guy, arrested same.","[3, 27]",27
"Obviously, as long as [NAME] commanded it then it's moral. Morality brought to you by stone age goat herders!","[4, 27]",27
What is the job you are going to college for? Now days some jobs are more accepting with tattoos,"[7, 22]",27
CONGRATS! So happy for you. May life treat you kindly from now on.,"[15, 17]",2
"Your mental health. You might think its fine, but having to live a double / fake lifestyle is wearing on the best of us . ","[5, 10]",1
I don’t set an alarm I naturally wake around 4am. Love my mornings.,"[4, 18]",27
awesome thank u!!,"[0, 15]",27
No room. Get lost. I cc u!,"[2, 3]",27
"It is good game, they are good generation!","[0, 4]",27
"Wait, so do you have a source or not? Genuinely curious, it’s been three comments since the other guy asked","[7, 22]",27
"I thought it got a nerf when the spirit got released. My bad. But I still stand by, healing against the legion is pointless. ","[9, 27]",27
Awesome! Hope you had a good holiday,"[0, 20]",27
"I do that anytime I see something pointy. I'm just like, ""I wonder how it would feel to stab my eye with that.","[4, 26]",27
"Imagine knowing the world was going to know you're going through puberty, with pictures! And thanks! Huge online comic fan. ","[15, 20]",3
Great news. Hopefully we can get a PLP that is more representative of the membership.,"[0, 20]",27
Steakspeare in Love,"[18, 27]",27
My mistake. I just glanced over your last post.,"[9, 24]",27
My parents just couldn't understand that pick,"[9, 27]",27
"That's great to hear, we need more Maki lovers","[0, 8]",11
"Then enjoy it for as long as it's fun. When it stops being fun, go find somebody else.","[4, 5]",27
"Nice strawman. I can see now that you're not compensating for anything, lol. ","[1, 4]",10
"Such dumbass,I think I'm going to take my dog somewhere else","[2, 11]",27
"Feeling bit better now, but the feeling as a whole will come back I know.","[4, 22]",25
You know what happens when we make assumptions!!! Good point. Thank you.,"[0, 15]",3
I feel this in my soul.,"[4, 27]",6
She’s still not gonna message you dude I promise,"[4, 5]",27
Oh that’s terrifying,"[14, 26]",27
"It's a genious strategy, isn't it?","[0, 7]",27
Actually this is very clear thinking. This is the best answer on this thread. Thank you.,"[0, 15]",27
Wait... I have been in two movies and I have played [NAME] in both.,"[4, 22]",27
That's what I ended up actually doing.,"[22, 27]",27
Lol looking through old posts of .53 being the year of release 😒,"[1, 3]",27
Good. Thanks everyone but finnaly some reading material. Many thanks,"[0, 15]",27
I was expecting her to come in to work looking like [NAME] from the [NAME] show...,"[8, 27]",27
"I like to believe he faked his own death, so he can enjoy his many Bitcoin coins and wealth. ","[17, 18]",27
"Congratulations, it is satire!","[13, 17]",27
This describes his tweets so perfectly lol >At no point during your incoherent rambling did you even come close to what could be considered a rational thought,"[1, 7]",9
That looks righteous!!,"[0, 20]",27
"Most of the people on top aren't even very relevant anymore, at least not nearly as relevant as they used to be","[10, 27]",27
Lol no.,"[1, 10, 27]",27
"Damn, [NAME] really moved up in the world after her breakup with plankton. Good on her!","[5, 9]",11
She has naturally chubby cheeks that are set on high cheekbones. I've seen it before and it's not abnormal.,"[10, 22]",27
She has started therapy with an addiction specialist. That is a hopeful sign IMO. Wish she had started a while ago.,"[5, 8, 20]",27
"[NAME] is an **integrity** man. Without it, there is nothing. edit 1:without it, not with it, sorry typo","[0, 4]",27
"This may be overreacting, but I would not touch those presents. There could be a bomb in them. ","[14, 27]",27
Are you being stalked by anti-vaxxers? I’m so sorry that sucks so much,"[6, 9]",27
Haha cheers for the kind words mate,"[1, 17]",0
Youve missed everything.,"[25, 27]",0
Wait this is what chill looks like? Some girl told me that I look dead amd I flinch at the slightest movement. You really call that chill?,"[3, 6]",27
Should I skip 1 and go straight to 2?,"[6, 7]",27
"No, I think you posted this in the right place. I get annoyed when people say what and what isn't antinatalist on this forum. ","[3, 4]",27
I’m not crying... I’m just cutting onions... I-I’m making lasagna..,"[10, 27]",27
The reason I was commenting was because the other day i was reading threads about how it's annoying that the ocs doesnt do the bulk discounts,"[3, 10]",27
"I just hate the ""I don't know"" people","[2, 3]",27
Get your feet off the table...,"[2, 3]",27
"Bat Out of Hell is awesome start to finish, I'd love to see a musical based on it.","[0, 18]",17
Damn MLM at its worst,"[3, 9, 11]",27
Please get them into it. Toronto needs a better barn,"[8, 27]",27
Would he have more leverage after the election?,"[7, 27]",27
Sweet thanks for the update. I hope the kitty finds a good home,"[15, 20]",27
TIL [NAME] is a real girl,"[0, 27]",27
im glad to know that it's not that likely that I'll be sent immediately. thank you for the kind words :),"[15, 17]",27
My kind of man,"[0, 4]",27
"This is a customer service gig and you’re flipping people off, maybe you should find another line of work 😂","[3, 20]",3
"Yeah pretty much. People do change, but never ever do they change because someone else demands it from them.","[4, 22]",27
In fact I plan to start using them in my videos since I plan to make this year feel like 2009.,"[4, 22]",27
Exactly! When the mom went to kekeing in [NAME] face to FaceTime with [NAME] in all of 10 minutes my jaw fell to the floor!,"[4, 26]",27
You're ugly,"[10, 11]",27
they seem confident and chill,"[0, 27]",27
Oh wow! That's literally a game changer for me! I'm about to hit 3 digit hours and I never thought of that. Thanks!,"[13, 15]",27
"[NAME] will be gone. Although I think end of the first is where he should go, he will go super early","[0, 20]",27
It’s oddly unsatisfying when someone beats me to saying that.,"[10, 25]",27
"I'm fairly new to this group and just realized my nightmares started the day I joined. However, I still somehow love it!","[18, 22]",27
"Ohhhh, that makes sense. Cheers mate ","[13, 17]",27
I for the life of me can’t figure out what this has to do with polyamory,"[6, 27]",27
Sure would hate to explain sodium and water to them as they sprinkle salt on their food.,"[11, 27]",27
But why? I have enough awkward moments in my life. I just want to see comedy when I watch a show labeled as one.,"[7, 8]",27
"Hahaha, that's a good one. ","[0, 1]",0
It literally just happened. I'll talk to them when I get a chance but my heart dropped for sure.,"[19, 27]",27
[NAME] will be great. But I will definately miss if she's not there.,"[0, 25]",27
But this isnt about a comic book movie. It's a cartoon. Also this is a right wing website...so how does this not count?,"[6, 7, 10]",27
"I'm sorry, but this has also caught my attention and I kinda want to see this screenplay.","[8, 25]",27
I love Wayfair! Just started using them and am impressed. Sounds like UPS sucks. Enjoy your couches! Haha,"[0, 17, 18]",0
I think you misunderstood me. I wanted to say that it was beyond stupid 😊,"[3, 9, 22]",27
The chicken and bacon one sounds absolutely baller. I’ll have to check it out! Thanks,"[0, 15]",27
What a weird thing to say.,"[3, 11]",27
Hey i used to work at Sams and i was a check our supervisor COS. It fucking sucked. I say that with the biggest grin.,"[1, 3]",27
This is fantastic and I'm happy for her!,"[0, 17]",27
I’m so very sorry that happened to you!,"[5, 24]",27
I am twice as proud of my baby [NAME].,"[0, 21]",27
Born and raised in New Britain. Love these sodas.,"[4, 18]",27
"True , when this song started playing, I got my first “ Gone Fishing” signature. Loved that game. Thanks for sharing.","[15, 18]",2
"Wow, that sounds like it could be great.","[0, 26]",27
That awkward moment when you fully embrace misogyny but believe homophobia is wrong.,"[3, 10, 12]",27
Unemployment was also significantly higher at the end of Old Labours tenure than at the beginning. Yet nobody remembers that.,"[2, 3]",2
Didn't mean to offend,"[3, 9]",27
"That's a good point, I didn't think of that. It's too late now, of course, but I'll remember for the future.","[0, 20]",27
"Our country is in no way, shape or form ready for the risk of a giant inflation wave.","[10, 27]",27
I like all Star Trek. I hope they end up switching directions now and make new movies that are more about exploration.,"[8, 18]",27
People really spend more than $10 in an app game? I mean an actual video game I can understand but that's just...sad,"[6, 25]",27
you too! And I'm glad to hear you support your daughters rock/fandom love:),"[4, 5, 17]",27
I like how the ceremony goes right out the window after he delivers the rings to get all the pets.,"[17, 18]",27
it’s just a nice gesture. don’t make it so deep lol,"[0, 1]",10
"Yes - summer, and I was with my parents who did all the actual work so I just got to relax with the baby! ","[4, 17, 27]",11
I apologize. Wasn’t aware but thanks for letting me know.,"[15, 24]",27
"Om [NAME], who kets their dog fight a croc? ","[7, 26]",27
Get off my property,"[2, 27]",27
"Go for a walk with him. No phones allowed. Let him talk, share your experience. It hurts a little less every day.","[9, 27]",27
man whenever [NAME] talks i feel like a deaf person because well I just can't hear shit,"[3, 11]",27
It's not so uplifting that it's guaranteed to die in the Senate...,"[10, 27]",27
"Ngl, I'll probably use the argument you made here with my, ugh, Republican friends once we get closer to the elections.","[22, 27]",27
"Happy cake day, just in case","[13, 17]",27
This is terrifying. Good luck to you and your family. Hopefully they figure out who the creepers are very soon.,"[14, 20]",27
"A Reddit couple! That's good to hear, hope yous stay safe :)","[5, 20]",22
Cuba's great. There's shredded pork everywhere,"[0, 13]",27
"I do not, sorry! I am not talented in the ways of making/editing videos.","[9, 10, 24, 25]",27
"Idk, but it is cringe so i posted it here lmao","[1, 6]",27
Are 3.0 still active? I was really hoping they would have gotten signed after their tryout camp a couple years back.,"[7, 20]",27
"Holy [NAME], our hope and handmaid of the [NAME], pray for us!","[15, 20]",27
"He loved [NAME] ""old man in a park"" painting!","[0, 18]",27
Hey. I like you,"[0, 18]",27
Oh sorry I gotcha,"[12, 24]",27
My man!,"[13, 27]",27
"Wow, this is bizarre. Well, I agree too. A wealth tax is exactly what we need.","[4, 26]",2
I call even my dog my love (in local language) as a way to be caring to others.,"[18, 27]",27
Pull that sucker right up to your face,"[2, 3]",27
Sorry but $200 wouldn’t help. Good bye beautiful world!! I’m gonna pray to the ether god to help me :),"[0, 24]",11
[NAME] is a creeper and hangs out with underage girls n shit.,"[3, 11]",27
🤣🤣🤣🤣 I’m sorry for your misfortune but it’s still funny too.,"[1, 25]",27
The Netflix documentary about [NAME] absolutely sucks. Don't waste your time.,"[2, 11]",23
I don’t know what this means but it feels significant somehow...,"[4, 27]",27
"Have you visited any of the car subs? They may be able to help you diagnose the issue. Good luck though, I hope ya pull through. ","[7, 20]",27
You're not retarded. It's a natural reaction to a lousy upbringing. Love your username BTW.,"[4, 18]",27
> What keeps hurting her though? They are getting absolutely crushed by the crowd probably. There's always jackasses trying to push forward.,"[2, 6]",27
Can you stop living with this person? Engaging in it will only make it more toxic,"[2, 10]",27
I applaud you (in a non-sarcastic way),"[0, 15]",27
Zero percent. I sit when I piss cause I'm not an animal and I like to keep my bathroom clean.,"[4, 18]",27
Those not a part of the Austinfred bashing hive mind at the other sub will find themselves here tomorrow. 🙄.,"[10, 20]",27
An extreme strawman example doesn't change what I said.,"[4, 27]",27
"Well, it's been fun. Time to quit YT.","[1, 22]",27
"I love it. This made me smile so much, which is a big change from [NAME] which made me cry and further increase my depression.","[9, 25]",7
Dude it was an old video. Your porn math is way off.,"[3, 9, 10]",27
[NAME]. I really loved your hustle for 35 yards. That's why it was so hard to cut you.,"[4, 18]",27
"Sir, you have been warned. You antagonistic attitude will not be tolerated. Please try harder at being a model citizen. Thank you for your cooperation.","[2, 10, 15]",27
I set the house on fire and almost killed my entire family,"[9, 25]",27
"Thanks man, hope the holidays were good to you and yours. ","[15, 20]",27
"Haha, thanks, bot! How's your day going? ❤️🌈🚀","[7, 15]",0
"I know how it feels being in the hospital alone, I hope you get well soon","[5, 20]",27
Press fucken charges the moment they use your info.,"[2, 27]",27
I would be surprised if [NAME] doesn't let you in. I would write a letter to [NAME] and explain the situation they might make an exception.,"[20, 26]",2
That was brutal as hell. Loved it,"[18, 19]",17
Probably in the same way I find a little cellulite hot. Anyone up for starting a subreddit with boob veins? Lmao,"[1, 7, 20]",27
Thanks for your insight random person on the internet. Did it make you feel better typing that out lol?,"[1, 15]",27
"I used it for a while. It made me way more sociable and generally happier, optimistic Less anxious and stuck up Until it didnt, so enjoy it while it lasts","[0, 4, 17, 22]",27
I’m not high and that sounds like a good sandwich.,"[0, 20]",27
Thanks for sharing! I loved [NAME] interview too haha. Looking forward to his on-court reunion with [NAME].,"[15, 18, 20]",0
"You'll be okay. Just remember that none of that was real, and that nobody knows. Been there so many times. Hang in there.","[5, 20]",27
"Not sure how you could put [NAME] there, he's been our worst defender ","[3, 6, 10]",27
Haha good to know in case I decide to go back to church. Some of those seats in that temple are so damn uncomfortable.,"[1, 3]",0
House Freedom Caucus strikes again. Thank god we took back the House and don’t have to deal with them paralyzing government again.,"[10, 23]",11
Science was wrong in the olden times so we should force people to learn from our old book of the really olden times.,"[22, 27]",27
"Thanks for being a brave troop, comrade. [NAME] annoys the shit out of me too.","[0, 3, 15]",27
Lol!!!!!!!!!!!!! I love it.,"[1, 18]",27
You win! This made me laugh. I would have been mortified if I did that.,"[1, 12]",27
This is so wholesome! I can‘t wait for Animal Crossing Switch! 😍🤩,"[0, 13]",27
The judge wasn’t impartial as decided by the appeal court. The judge needs to be schooled.,"[2, 27]",27
"Is it weird that my first thought was ""at least it's not a Minion?"" ","[7, 12]",27
It is true. But the real reason for the problem is the selfishness of the people.,"[4, 27]",27
"Yeah, I realized from your comment that you don't agree with it, I was just being confused about how the other guy believes it.","[6, 22]",27
I'm actually scared to find out what kind of thing you could get for breakfast there. I won't check.,"[10, 14]",27
I'd prefer her as an actual character,"[4, 8, 27]",27
My nightmare is having an iphone.,"[14, 17]",1
This is dumb. Why is Detroit Lions infiltrating here.,"[3, 26]",27
"No problem, I hope that you are able to accomplish what you wish :)","[5, 8, 20]",27
I'm sorry for your loss,"[5, 24, 25]",27
Why would anyone forget how dominant he is? Lmao Oh yea we suck.,"[2, 9]",3
What would that do? So you’re saying I’m 100% gonna be diabetic,"[6, 7]",27
Oh well I guess. Can't blame you for that. We aren't all [NAME] though.,"[9, 22]",11
THAT'S NOT HOW THIS GAME WORKS.,"[10, 27]",27
"This makes me so happy, having a step parent can be a sensitive thing but you are definitely a good example of what to do, congrats!","[15, 17]",1
So there's hope for the rest of us! Thanks for sharing. What helped you get to where you are?,"[7, 15, 20]",27
"No, but its a big problem in itself. ","[14, 27]",27
Good luck!!! 💜💜💜💜💜💜💜💜,"[4, 5]",27
"Actually feel sorry for her. She has depression and low self esteem, this is not going to make it better.","[16, 25]",9
"Thank you! It has its perks, but sometimes I do think to myself that I’m not where I belong haha","[1, 15]",0
"Happy birthday my guy! Hope you have a great day today, tomorrow, and every day after that. You and everyone deserve a good day. 😃","[5, 13, 18, 20]",27
I bet you this will lead to a new Revolution. [NAME] keeps on screwing himself.,"[3, 27]",27
Sending love. I am so sorry you are going through this,"[5, 25]",27
"[NAME] learned to fight smarter, not harder. I love her development so much","[0, 18]",27
You contradicted yourself,"[5, 27]",5
Lol I'm literally an anarchist but okay,"[1, 27]",27
she'd probably do this,"[4, 27]",27
"You know what, I think we're gonna be friends. *Special* friends. ","[4, 27]",11
Enjoy your gold!,"[17, 27]",25
Are all the people in that thread praising SB2...SB2? They all talk in a similar manner. It's odd.,"[3, 7]",27
I'm confused. If she remarried isn't his income counted as support for the child if they intermingle their finances?,"[6, 7]",27
I’m blown away by how many people know this.,"[7, 26]",27
This is the scariest thing I think I’ve ever read on here. That is just so horrible.,"[14, 19]",27
[NAME] can still betabuxx and have an easier life than you will if you have to be alone and support yourself with no help.,"[5, 27]",27
She was a surrogate. [NAME] fucked the force which created [NAME] in schmee,"[3, 9]",7
"oh, what an unlucky woman, that mother of his...","[9, 25]",27
RemindMe! 6 years,"[13, 22]",27
"That's cute, pizza*kitchen*! No, we call her Kitten to annoy her. :) ","[0, 3]",11
Happy birthday [NAME] !,"[17, 27]",27
"Long hair for guys should happen more, it looks cool *and feels nice too*","[4, 27]",10
No. That is creepy and weird. If you don’t trust her .... move on.,"[3, 11]",14
How do people eat off paper plates when they’re not at a bbq?!,"[6, 7]",27
"Oh damn, look at that areshole telling the truth. Get him.","[2, 3]",27
Love that lane. It's like the best part of Rome.,"[0, 18]",27
"It seems like the problem predates the current administration, which makes me think it has more institutional roots.","[4, 27]",7
Are there free vaccines for adults? I thought it was just kids and the elderly?,"[6, 7]",27
I saw 25yr old with 3 kids and a house. How do u think I feel. I'm over 30 and still single.,"[9, 25]",27
your post is awesome. People need to hear this more. Thank you.,"[0, 15]",27
"If he wants to play more, he should play better. Otherwise, leave. [NAME] has been very bad.","[3, 10]",27
Same. Body hair (on my own body..I don't care what anybody else does with THEIR body hair) grosses me the fuck out.,"[3, 11]",27
I want [NAME] and [NAME] in Top 3 so I’m feeling the omens girl,"[4, 8]",25
Well I was balding at 22 so I didn't have choice lol,"[1, 22]",27
It would certainly improve some services (like transit) but would piss off enough people of both cities that I can't imagine anyone proposing it.,"[3, 20]",3
"If reincarnation is real, I hope next time I have a name that's half as awesome as [NAME].","[0, 20]",27
I pray the chains that make this life hard are broken by gods power and you are freer with each day!,"[5, 8]",27
"Why is assuming the Hereditary Chiefs ""speak in their name only"" the rational assumption to make? What kind of assurances would be sufficient?","[6, 7]",27
Which is fair. But they're not respecting you.,"[10, 27]",7
i didn't knew your toe can get that flat without breaking the nail in thousand of pieces,"[22, 26]",27
Sooooo much upper body strength. My GOD the muscles. He's positively rrrrrrrripped!!,"[0, 27]",27
Dallas didnt play our schedule lol Even with VJ we could have beaten that team lol,"[1, 27]",27
Great to hear that. Scary few hours for y’all.,"[0, 14]",27
Shocking description of the criminals. Never could have guessed that,"[22, 26]",27
Thats awful and Im sorry for your friend. I whole heartedly agree. Its getting out of hand.,"[4, 19]",27
"Yah he is right, just find it hypocritical.","[3, 4]",27
Calm down [NAME].,"[5, 27]",27
Damn sorry to hear bro. You guys still friends though?,"[7, 9, 24, 25]",27
How did they not know internets is a point reward in 4chan?,"[6, 27]",27
"Thank you! I was thinking, man, I’ve never been corrected about this before. 😐","[15, 22]",27
"That was the same sunset! Very cool, thanks for sharing.","[0, 15]",27
Rebalancing all heroes for this purpose seems like a disaster. Would have been good to think about pre-development.,"[9, 10]",27
"Whoa. I appreciated this, thank you.","[0, 15]",27
"I think this is very relevant, u/lilhan2","[4, 27]",27
Not complain. She could not complain since she made no effort in the beginning.,"[3, 10]",27
Fuck,"[2, 11]",27
"Accidentally clip through a bathroom wall, get slapped","[25, 27]",27
What a fantastic combover! What brand of comb do you use?,"[0, 7]",27
I love this guy. He does amazing impersonations. Thanks for sharing.,"[0, 15, 18]",27
remember what you're fighting for,"[5, 27]",27
[NAME] AND [NAME] ARE SO GOOD AT DRAWING FOULS ON 3'S,"[0, 4]",27
Anyone link r/causalchildabuse yet? No? Allow me. r/causalchildabuse,"[6, 7]",27
Lol I still reference this clip with my gf ha this dude is a legend,"[0, 1]",27
"Yeah. Online schools, who knows what they're like?","[6, 27]",27
"Well, i really can not believe that in 21 century religion can offer solution for all the problems. ","[26, 27]",27
"That's not the first time I've heard it said that a GA acted assholic, not apostolic in real life. ","[10, 27]",27
"What game do you think that is ? Because that'd be Tetris or Minecraft my dude, not your teenage greasy neckbeard crap. Sorry.","[7, 10, 25]",3
This is the best thing I've seen so far in 2019. As a gamer and a human being this is love in video form 😊,"[0, 18, 22]",2
"Congratulations on your shiny spine! I really hope your boyfriend backs you up but even if not, we all do! ","[15, 20]",11
[NAME] isn't likely to get traded. Out of the 4 he's the least likely.,"[10, 27]",27
Hmmmmm. I'll have to go pay that sub a visit.,"[8, 20]",27
He was going for a new record for fastest to the bottom.,"[0, 22]",27
"Both look great, but I like the second one better. I'm a dude though and I have no sense of what works for other guys.","[0, 4]",27
"[NAME] is the name I heard speculated on, but the reality is it'll be [NAME]. ","[20, 22]",27
I never will understand the reasoning behind puking in a toilet... Perfectly good bucket right there.,"[0, 6]",27
That's a lot of calories!,"[26, 27]",27
"Lmao if that's insensitive to you, you'd better stay off the internet. ","[1, 10]",0
Finally some news from [NAME]. Hope he goes with DAZN. Would love to see him face [NAME] next.,"[18, 20]",27
Thank you. I appreciate it.,"[0, 15]",27
Start acting mature. Don't get into fights with security guards about how you look.,"[3, 27]",27
Oop my bad,"[25, 27]",27
Finally the UN gets off their ass and does something. So glad she’s finally safe (for now).,"[5, 17]",27
I have no confidence to boost,"[9, 10, 19]",5
lonzo can be special but teams just aren’t as patient anymore,"[9, 27]",27
That is a good idea. It may be hard for him to make any progress with him coming over so often. Thank you for you input!,"[0, 15]",27
"Sometimes i don't even comment anymore, i think if something is actually worth my time or anyone's for that matter.","[22, 27]",27
"Yeah, there are trees that are far older than 521 years.","[4, 27]",27
Making DC climate an unapologetic brutality with blistering dry winds and no snow on a typical day.,"[2, 27]",27
Go check out the survey recently posted on AskFeminists. There are a lot of [NAME] openly admitting it.,"[4, 27]",27
Sad... RIP,"[16, 25]",27
Just got my seats a couple of days ago!,"[13, 27]",14
Buddy rocket league fair? I’m play 2 but I play like champion 1 and just get shit teammates 😡,"[2, 7]",27
Looking at this hurts my teeth but dot damn those roses look so pretty,"[0, 25]",27
Why is that insane? What specifically?,"[7, 27]",27
Man hope he recovers fast. Looked really painful,"[5, 20, 25]",27
I'm sorry for your loss. Truly. I hope you and your family are doing okay.,"[5, 16]",27
I agree. She seemed to truly love [NAME] . [NAME] loves the life [NAME] provides fir him. It’s a sad situation.,"[25, 27]",27
Honestly took me by surprised. Good job!,"[0, 26]",27
I’m sorry but I don’t think you do,"[10, 24]",27
"That makes sense, I’m over explaining and I shouldn’t have to. Thank you! ","[4, 15]",27
Agree completely except that I would switch [NAME] and [NAME],"[4, 20]",27
Damn these refs actually fucking hate us.,"[2, 11]",27
"I always tried to go first if possible tbh. You're not gonna get away, might as get it over with quickly.","[8, 20, 27]",27
"They’re both good towns. Personally, I prefer Westfield. It has a better downtown, better schools, and the traffic is less awful. ","[0, 11]",27
"Funny, but why do I care what his name is?","[1, 7]",27
[NAME] just put a huge hole in my heart.,"[9, 25]",27
Grey’s Anatomy is still on the air? I thought it was cancelled years ago.,"[6, 7, 22]",0
"I have always loved [NAME], love the deadpan humor of him and peavis, and he's just a talented and amusing guy.","[0, 18]",27
Just found UPPERROOM a few months ago and really love them! All the rest are staples in my playlists too!!!,"[18, 22]",27
"you are trying to use post-modern mumbo jumbo deconstruction of words. Go away, idiot.","[2, 3]",27
"Same, I hate myself for finding the last 4 chapters... my heart is devastated.","[9, 25]",27
"Hi, [NAME]! I am here to offer you a robot hug, and to wish you the best day of your life! -HappyFriendlyBot","[5, 20]",27
All the best to you truly. I hope you can find balance in yourself which is what we all secretly need,"[5, 20]",7
It was shocking to me when I realized this! Best of luck on your journey!,"[22, 26]",2
"I don't control the Lib Dems, shockingly.","[3, 26]",27
So what's your point? It's colder today than it was yesterday. /s,"[6, 7]",27
Oh man this is horrible and the best summary of this subreddit in one single comment. I love it. Thank you so much.,"[0, 15]",27
"So just for the record, I’m with you on the football end: Love the Broncs, hate the Pats. 🏈","[2, 4, 18]",27
"Your wife just proved to your son that her love for him is not unconditional. She sounds ignorant, hateful, and should get therapy or get out.","[18, 27]",27
"Thanks. And I suppose, but I think I gave up on justice. It’s too late. I just want revenge now.","[2, 15]",27
This is awesome. Thank you!!!!,"[0, 15]",27
Shhhhh you are devastating their argument. You might trigger them. It’s the only trigger they love.,"[2, 3]",27
"Forgot he had been sent down and was really confused, but happy about this post.","[6, 17]",27
I wish I could get the entire interview but it's from a SiriusXM Radio Show,"[8, 9]",27
I actually liked them. I love the idea of Conqueror being a rabid and maniac dog.,"[0, 18]",20
3:08am and my laughter has now turned into wheezing sobs,"[1, 22]",27
"Penis who, now?","[7, 27]",27
Wow you're so moral you've changed my outlook on remainers,"[13, 26]",3
Is there a quiz version of this where I can answer what I think and then at the end it tells me who matches the best?,"[7, 27]",27
Just relax and enjoy. We are gonna win by double figures as per usual.,"[4, 23]",11
Nailed it !,"[0, 21]",27
Utter nonsense from yourself.,"[2, 3]",27
"Congratulations, there are success stories in this group. Forge on with your life but watch out for other (jerkfaces). ","[0, 15]",27
"I completely agree, and I love Space Jame. But Back in Action was just amazing and incredibly satirical and witty.","[0, 18]",26
There's always something endearing about a reply trying to keep the enthusiasm going. You enjoy that new toy as much as you can.,"[13, 17]",27
Omg that was the WORST,"[3, 22]",27
"Yes!!!! Great weekend. As others have said, I can now enjoy the rest of the playoffs","[0, 17]",27
I flew off the handle and that's my bad.,"[9, 25]",11
Talk about a fucking hot take. Quality shit posting from [NAME] (not you [NAME]).,"[2, 3]",27
Oh. I never heard that before.,"[22, 26, 27]",27
I agreed with your comment until you told people they shouldn’t be parents for not knowing the difference between deodorant and antiperspirant.,"[4, 10]",27
Thats one way to make political and economic instability sound super fun,"[4, 17]",27
( ͡° ͜ʖ ͡°) you know you are. I bet its its awful being totally destroyed and embarrassed on the internet hahaha ( ͡° ͜ʖ ͡°),"[1, 12]",27
Haha ik I SHOULD be. But I still love em both like a red headed step child.,"[1, 18]",0
I live in Northern Scandinavia now and one of the biggest culture shocks to my American brain was the groups of very young kids just roaming the neighborhood.,"[22, 26]",27
I would like to send you a card or an email for your next birthday if you would want that :),"[5, 20]",13
I've gotten injured before in RTTS from being hit (Bruised hand). 3 day DL.,"[9, 25]",27
"Not sure I understand, the legion is in a pretty good place right now in terms of their power","[0, 22]",27
Lmao doesn’t even try to refute.,"[1, 27]",27
"12 is ambitious!! I’ll do this with you, but my goal would be 4 ","[8, 20]",27
I thought chiropractors were bad! Look as these medical doctors who were pushing opiates on their patients by the thousands!,"[3, 10]",27
Wow! You were either a very precocious child or still lived at home when your wisdom teeth came in.,"[13, 26]",27
"I get what you mean but still that's like mixing ammonia and bleach, it's not gonna go out well.","[9, 10]",27
I noticed that too. How cute.,"[0, 18]",27
"You’re right. Thanks so much, appreciate it. ","[0, 4, 15]",27
"Yeah, but malice with the *intent* to solely intimidate OP? Doubtful. More like malice with the unlucky byproduct of discovery by OP.","[6, 27]",27
I’m super proud of him. Great guy!,"[0, 21]",27
3 Hours of [NAME] pissing on the floor in public,"[3, 11]",27
I think [NAME] is the best QB Prospect since [NAME] and I would kill for my Lions to get him.,"[0, 4]",27
Ahem...of the savoury kind.,"[0, 27]",27
I just wanna know the name of the Dornish princess who reigned before [NAME] ‍♀️,"[7, 27]",27
"That is really dumb. If you have a crime committed against you, you have a civic responsibility to report it. We need those stats. ","[3, 9]",27
Hmm it seems fun enough to build on my own but thanks!!!,"[1, 15]",27
Just start bullying the people who you're getting microagressions from. Shoulder check all of them if you have to,"[3, 20]",27
"Y'all just introverted. It's cool to be akward we extroverts, at least smart ones, love you anyway","[0, 18]",11
I am glad I'm not the only person who noticed that bit of WTFuckery. 🤣,"[17, 22]",27
Let's get petty! Love it,"[0, 18]",27
"im not talking about a studio. im talking about *people*. people that you're lying about, because you're an uninformed yet arrogant, entitled child.","[2, 11]",27
Les Collines (Never Leave You) is still a bop. I loved that song and is still awesome in 2019.,"[17, 18]",27
I miss the [NAME] and [NAME] love story.,"[9, 27]",27
"Look at you, Mr Independent! You're such a big boy! I'm so proud of you!","[0, 21]",5
"i enjoyed this a lot. i especially enjoyed ""Everybody bleeds a little when they brush their teeth ""","[1, 17]",27
Its not gonna happen.,"[10, 20]",27
These people have absolutely no confidence in their ability to make a living. It’s pathetic.,"[9, 25]",5
I’d be interested in reading more about this if you have a good place for me to do so. Thanks.,"[7, 15]",27
"Yes, when I need to get my jush, it’s freaking epic.","[3, 4]",27
Try painting a penis around the pothole. Seems to have worked in Manchester,"[11, 20]",14
"Suns fan here, I firmly believe you guys keep number one. Just having a bad game ","[9, 20]",1
Lol [NAME]. Everyone ignores me. This just sounds like something a child would say. Sad.,"[1, 25]",27
"I tried it that way first and thought this was better, thanks for the input though! ","[15, 22]",27
He said i am being rude to her,"[2, 3]",27
That's the spirit,"[0, 4]",27
>It'd be good for Venezuela That's the hallmark of U.S. invasions; invaded countries always do well as a result. /s,"[0, 4]",27
Holy shit. Amazing response.,"[0, 13]",27
[NAME] might steal this format if that’s ok with you lol,"[1, 27]",27
Damn she might have actually had a stroke if she started panicking,"[14, 20]",27
I just want to be alone in a cabin up north near flagstaff.,"[25, 27]",19
They’re proud about having liberals make themselves look stupid with covfefe memes.,"[1, 21]",1
"I'm floored by their solution for ""landing"" the drones. It's so brilliant. I love this channel!","[0, 18]",27
"Wow, sorry, bruh. I didn’t realize we were in the presence of genius. Please elaborate.","[24, 26]",11
Sorry to hear it man. Grief is the appropriate thing to feel. I hope she is happy in the afterlife. Peace be with you both.,"[16, 24]",27
"Nice, Butt Stallion just chilling in the background","[0, 17]",10
His Batman/TMNT book is a really fun read with great art.,"[0, 17]",27
"Probably the same thing the rest of us do, chuckle and ponder how it can get any worse 😂","[1, 11, 20]",27
My mistake. Didn't see it was already posted. Cheers.,"[22, 27]",27
Simple lies. Easy lies immoral lies making money. Good life!,"[3, 4]",27
"i meant that either one has no scientific backing and was just made by random people, knowing how much people love lables","[18, 27]",27
I didn’t actually know that. I wish I was surprised.,"[20, 22]",27
dear... husband,"[18, 27]",27
You're a monster!,"[0, 27]",27
"I am and have dealt with the consequences, hence my amazing son. Like I said before, hopefully you don't procreate.","[0, 20]",27
Sounds like a good deal to me. Where do I sign?,"[4, 7]",27
"I need a thick 10 inches too, thank you. ","[8, 15]",22
"I'm sorry but did anybody else read the first paragraph and get flashbacks to My Immortal? \x45\x62ony [NAME], is that you???","[7, 24]",7
"Don’t feel bad for playing Minecraft, it’s still a great game and is starting to get kinda popular again.","[0, 4]",27
"He's an altogether better grappler IMO, and so much fun.","[0, 1]",27
"Love the top logo although I’d gladly take the bottom one, the goat head, or a poop emoji any day over the buffaslug.","[15, 18]",27
Yes! Im glad you see where he got that n-word take from 😂😂,"[4, 17]",27
Not sure about “better” but women artists have an intuitive grasp of color theory and tend to use color in a more pleasing way.,"[0, 4]",27
Yeah. You obviously can read the mind of all the voters.,"[4, 27]",27
Oh thank [NAME],"[15, 23]",27
I got so high someone from the future stopped me from getting high.,"[17, 22]",27
he ded.... and why the fuck these POSs have cellphones in prison.,"[2, 3]",27
I love [NAME]. He's another great option for 6th man.,"[0, 18]",3
It's almost a shame we won't get a second leave/remain referendum because it would be fascinating to see the result.,"[9, 12]",27
ITT: People defend delusional shitposts.,"[3, 27]",27
"We're out of the environment, it's ok.","[23, 27]",11
"Season 3 onward, pretty much anything with [NAME] makes me laugh. My fav character for sure. ","[1, 4]",27
"Yeah, I guess you’re right! I’ll definitely try talking to him. Thank you","[4, 15]",0
Guy looks like average [NAME] at the gym. Reddit acts like he the new anabolic king 😂 I will go back to my cave now.,"[20, 22]",22
My seven year old usually wants to change behind closed doors and her decision is respected,"[4, 8]",27
I don't bother diagnosing it in people with BPD. The handful of genuine DIDs that I was referring to were people who didn't have BPD.,"[10, 27]",27
I’m sorry where is that?,"[7, 24]",27
"Hey, [NAME]. You still with the mafia?","[6, 27]",27
Putting any human on the same level as [NAME] is sacrilegious and you should be ashamed for spreading such blasphemy.,"[2, 3]",27
"Nah, it's still funny. I think it would be less funny if it was my country tho ","[1, 20]",27
Hahaha thanks. I didnt notice the spelling dammit. Edited now.,"[1, 15, 22]",27
I knew I'd see him here eventually. I really like his animations. They're cute and funny,"[0, 17]",27
What was the name of the neurology podcast? That sounds very interesting!,"[6, 13]",27
Two questions: do we still get a lip sync next week with [NAME] and [NAME] next week? do they do anything week 6?,"[6, 7]",27
Shoot i posted this in the wrong place. Here you are several sources. Happened last summer.,"[12, 22]",27
"Maybe? But his foot goes waaaay up lol. Maybe I'm just blowing smoke, idk much about good QB form","[1, 6]",27
This is amazing!,"[0, 13]",27
"Haha username checks out, but I thank you all xx","[1, 15]",0
looking forward to your selfie saturday then,"[8, 27]",27
"I LOVE [NAME]. I truly do. I will be happy to vote for her, but pointing out clear differences is not negative.","[17, 18]",27
Ok for what it is fake or not this is fucking hilarious lmao,"[1, 6]",27
"Very well said, thanks and couldn't agree more!","[0, 15]",27
Unique in a subreddit dedicated to finding concurring views? xD Oof,"[3, 7]",27
"Sure you can, it’s called abortion, we’ve done it literally millions of times","[4, 22]",27
"He is such a cutie, I had no idea he was polish ","[0, 18]",20
"I'm sorry for your loss ,[NAME]","[1, 24]",27
I stopped watching [NAME] the moment vie when they made the sub surface and I realised they were rewriting history. It's insulting.,"[9, 22]",27
you seem like the kind of person i’d like to be best friends with! :),"[0, 18]",27
Do you have the MVP Giambi card? The stats are nice vs [NAME] but he hasn’t really performed like I expected,"[7, 9]",10
No matter which you pick ([NAME] or [NAME]) the dance and the date scenes were great. It genuinely makes me happy seeing [NAME] happy.,"[0, 4, 17]",7
can you send the patch notes? i cant ever find them online.,"[7, 27]",27
I wish AOC was old enough to run for president,"[8, 20]",27
My boss had this conversation with me just before Christmas. I start my new job in February.,"[20, 22]",17
What's wrong with in group preference? Every other group does this. It's not a right vs left thing.,"[6, 27]",27
"I have a feeling this is gonna get really crowded, and end up being a shit show with such short notice for everything.","[2, 3]",11
Do you not give your snowmen brooms? I feel like that's a thing people do,"[6, 7]",27
"""Sad"" but ""true"" There you go I fixed it for you.","[5, 25]",5
"Drives to work, realizes its a holiday because nobody answers their phones. Still stuck at work... nothing to do. We dont get paid holidays :(","[3, 9]",27
"Lol, oh man. Well, if we can laugh at our kids, what can we laugh at? Never a dull moment.","[1, 7]",11
Yeah I laughed when I remembered it. Random.,"[1, 22]",27
"Oh sorry dude, I was just looking for the WiFi password. [NAME], but I hope you stay safe","[5, 20, 24]",27
Keep falling for the kind that aren't even interested in relationships. 🤦🏻‍♀️,"[5, 10]",27
I thought it was funny lol. The whole situation was dumb and both sides were in the wrong.,"[1, 3, 22]",27
Sonic boom is funny as hell. I love the writing so much.,"[1, 17, 18]",17
I made a post about a month ago saying [NAME] was trash and it got over 100 downvotes,"[9, 10]",4
"dude, your mom is a fuck-nugget, i’m so sorry you’re dealing with this ","[11, 24]",27
that's weird... playing Smash Ultimate usually just makes me feel like drinking.,"[1, 26]",27
And [NAME] just got laughed off the stage. How things would be different if he had won. Seriously timelines would be so different.,"[1, 17]",27
Weird I'm short and have anxiety and depression and somehow I'm not an incel.,"[19, 22]",27
"Point is, you’ll have to come clean. Sooner rather than later. And if she loves you, she can forgive you. ","[18, 20, 27]",5
My man.,"[21, 27]",27
"Is it just me, or do these children look really uncomfortable around the Duggars? The smiles look forced...","[7, 9, 25]",27
Agree with everything here. Going to med school abroad will always put you at a disadvantage if you want to practice in the states,"[4, 5]",25
They will be once enough young progressives have replaced the older centrists :) Welcome to the new Democratic Party!,"[17, 27]",27
You're so right. It's unbelievable how well generalizations work for this game.,"[22, 27]",27
"omg I remember be exactly like this and being so excited, gahhhh I might even believe I’m more excited than you hahahah.","[1, 13]",27
You're right! Color me wrong! I sincerely apologize. Smack MY darn head!,"[4, 24]",27
"[NAME] living in y’all heads rent free lol. It’s kinda sad ngl. EDIT: Thanks for proving my point, guys 😘😘😘","[15, 25]",27
"i personally don't think that is true, but thanks for sharing your view on this.","[10, 15]",27
"Apparently a 3 year extension for DACA is what's on offer. No pathway to citizenship. That's gonna be a ""fuck no"" from me, dog. ","[2, 3, 10]",27
"I dont get it, are the councillors in Ottawa known for being boorish, uneducated and unilingual?","[6, 7]",27
"This is such a lame idea. Instead of getting better and outplaying your opponent, you just want to make your opponent worse. Sad.","[3, 25]",27
I didn't think I could love [NAME] any more. Is there a central repository for all of these battles,"[6, 10]",27
What if gets in your belly button? And doesn't it trickle down the side?,"[6, 7]",3
I just hope [NAME] doesn't lose hope. Dudes got a great heart. But knowing our organization...,"[0, 8, 20]",27
What happened? I can’t stop thinking about this post. Her poor family. Those kids. 😢,"[7, 9, 25]",27
Ayyy you're welcome! x),"[13, 15, 17]",27
>Even though [NAME] quit live performing after he got diagnosed but ok,"[4, 27]",11
You know they just blamed the neighbor who defended themself.,"[3, 27]",27
"Lost his legs, what an idiot.","[2, 3]",27
I wonder what would happen if you did the same thing to him.,"[7, 26]",27
"I think this type of stuff is great fun too. However, my ex objects if the kids go back to her with too many scrapes and bruises. ","[0, 20]",27
"How about French speaking parts of Africa? Legit question, have never been to Africa. Every airport I've ever been in has signs in English.","[6, 7]",0
That's super fricking cool I love it,"[0, 18]",27
"Obviously a degree in veterinary medicine, in case Mr [NAME] has the sniffles","[4, 27]",27
"Kids, if you're on a dating site that advertises itself as ""dating site for millionaires"" you're gonna have a bad time","[5, 10]",27
Ive just given up. Learning to become selfish.,"[4, 22]",0
Are you afraid of [NAME]?,"[6, 7]",27
There's a guy that died after he let a horse do that. He'd probably have survived if he sought medical attention sooner.,"[16, 25]",27
Yeah you are second. Time to move on lol,"[1, 4]",27
"If you did, then it wouldn't be an assumption. I'm entirely unconvinced that you did.","[4, 9]",27
Completely miss-wired! I never thought a kid can grow up miss-wired.,"[9, 10, 22]",27
"You guys are heading toward healing, that's amazing.. Is it possible that you are wishes on true healing ","[0, 7]",27
"Thank [NAME], good luck and hope you find the happiness you seek","[15, 20]",27
"Really? I live down the street from there, thanks!!!","[15, 26]",27
My DW made this realization. She is a smart one...and a keeper.,"[0, 22]",27
where else would one buy the ingredients from? Like are their dozens of ice cream suppliers?,"[6, 7]",27
"Don't worry, I'm sure you'll find a way and a time that works for you, you deserve to be yourself!","[5, 20]",5
I feel the same but I don't think it would be easy.,"[4, 6]",27
In my favourite clubs pretty much always. The people there are lovely. In any other club very rarely.,"[0, 18]",27
Makes me sad I'll never be with a beautiful woman.,"[9, 25]",27
fuck off. let people enjoy what they want to enjoy when it doesn't impact you.,"[2, 3]",27
This actually took me a minute. I underestimate the skill and knowledge of people in this subreddit. Very good.,"[0, 24]",27
>This game is dying because toxic people like you ruin it. Speak for yourself,"[3, 9]",2
A cheater is always a cheater in my book.,"[3, 27]",27
"Thanks, this really helps!","[4, 15]",27
"As much as I love cold fries, reddit karma is oh so good!","[0, 18]",22
It's definitely alive. Not sure it's doing quite so well...for 99% of people anyway.,"[4, 6]",27
Mine starts sweating and wondering why it’s so hot if the ac is on! 🤣😂,"[7, 26]",27
"You know this is really messed up and unacceptable, but it mainly forced the realization that I’ve never played with Omniknight.","[10, 22]",27
"I cannot remember the dude's name, but I used to LOVE to watch him on Poker After Dark.","[10, 18]",27
"yeeey [NAME], My purpose has been fulfilled Now I must go","[4, 13]",27
That sucks I'm sorry. Ive always been dismayed at how flippant people are.,"[24, 25]",27
"RIP [NAME], you were a sweet girl. It's been over 10 years but I still miss you.","[16, 25]",27
Seafood is nasty af. I refuse to prepare seafood in my kitchen.,"[10, 11]",27
"Well the last sentence reallt hurts, but still I'll do my best to stay with her and keep her happy. I really love this girl","[18, 20, 25]",27
After [NAME] comment the stock prices fell and the [NAME] was never heard from again. Crab juice went up 4 points,"[4, 27]",27
The important thing is that you're having fun,"[1, 27]",1
I will. If you ever need help I ain’t afraid to put some people straight just holla.,"[10, 20]",27
"Great. So increase prices 20% overall, give the waiters the extra money. I'm happy with that. 20% is a great tip.","[0, 17]",27
"I sure hope this dog is reunited with its family. It is one of the cutest dogs I’ve seen, a very unique looking pup!","[0, 20]",27
Hope you will beat this crap and achieve your full potential man. Best of luck for you :),"[5, 20]",27
It’s literally a meme ideology. Sstaaaaahhhhpppp,"[3, 27]",27
That's even worse honestly,"[2, 3]",10
Sure you can. A class of preschoolers can be replaced by their parents in the space of four years.,"[4, 20]",27
He's given them a year and a new budget. Everyone knew this was going to happen.,"[4, 27]",27
"If you ever wondered where ISIS got their method of killing homosexuals, wonder no more. Source: al-Jawab al-Kafi p. 260-263 as Quoted by Islamqa: ","[26, 27]",22
It would do us ALL a great deal of good.,"[0, 4]",27
"If you need a friend to talk to, I am open.","[4, 27]",27
[NAME] is letting [NAME] play 3 :0. That is good news.,"[0, 17]",27
Sounds like you have a great doctor. Most are scared to give you any sort of advice like that.,"[0, 14]",27
"Yes, listening to loud noises can damage your ears. Temporarily and permanently.","[4, 5]",27
"I dont know how this is a joke. BUTT, I appreciate the effort.","[0, 6, 15]",27
Thank you :) I was starting to seriously wonder if something was majorly wrong with my maternal instincts haha,"[1, 15]",0
And so are you!,"[6, 26]",5
Yea sounds like a great way to teach your children that stalking and harrassing = love. Husband only hits you bc he loves you!,"[0, 18]",27
I want to be a rapper. I also like to write poetry and stuff. So to be successful with those things also I want to design clothing.,"[8, 20]",27
"Well, if that's how you always are, I can't imagine even wanting to be next you let alone have deer like sex with you.","[3, 27]",27
"No sir, can’t hold them over a bowl for shit. Plus they make blunts taste weird.","[3, 27]",27
"And Mac and cheese is shit too. If a grown man has to eat children's food, then STAHMs can get minimum wage jobs","[3, 10]",1
"Confirmed that men are literally soulless, it's a matter until they start eating humans","[11, 27]",27
"I mean, it'd be nice to see some other teams in the championship anyways, it's been Bama vs. Clemson 3/4 past years","[8, 20]",10
"well the irony is that felons are discriminated against, even non violent offenders.","[25, 27]",27
"“Am I in the frat now, bruh?”","[6, 7]",27
This dude was super cool,"[0, 4]",27
What? They all like Kingdom Hearts on Oneyplays. They just make fun of how ridiculously stupid the plot is.,"[1, 2]",27
"It's the same with librarians. Out someplace, see someone with a confused look, and that autopilot kicks in. ","[4, 27]",27
haha I'm realizing now that's what they meant. I'm just a salty liberal nurse lmao.,"[1, 22]",0
"Only the [NAME] do so. The rest of us have been exasperated with him for months, at least.","[22, 27]",27
"Your dog provided you undeniable evidence of type of person that you are, and you should be proud of that.","[21, 27]",0
Lol I’m sorry that has to be terrible if we were up 19 just to get smothered at the end.,"[1, 25]",14
I'm just glad everything came out okay.,"[15, 17]",0
Well if you already bought them why throw them away? Use them up and don't buy anymore.,"[7, 10]",27
"Oof, that's rough. :( Sorry that happened to you, mate. ","[24, 25]",27
Aww that makes me happy!,"[13, 17]",27
Hands down one of my favourite VA's and a main reason I go FemShep or play games she's in.,"[13, 17]",27
I like it. I hope that answer is okay with you because I might lose sleep if it's not,"[18, 20]",27
plz no foul trouble,"[3, 27]",27
Fund this man. Even if it doesn’t pan out it’s worth finding out.,"[4, 27]",27
Sorry but I didn’t throw in the towel for my co worker. These feelings were present before she entered my life.,"[10, 22]",27
It makes me wonder if Old Money New England families are into their own cousins a bit much.,"[7, 26]",27
"Im sorry that I'm only able to give a single upvote for this wonderful, graphic, and accurate visualization.","[0, 25]",27
"Dragon bender has even more negative value than [NAME] haha. But yeah, they’d need atlesst a 2nd for [NAME] crossover ","[1, 4, 10]",0
it's ok to need an equal partner,"[4, 27]",27
"Oh I didn’t realize you were saying that, my bad . And yes that’s a great idea that would help develop him ","[4, 22]",20
You president now?,"[7, 26]",2
I'm sad that you are against abortion. Can I drop my unwanted baby off at your door ?,"[7, 25]",27
"And when it's time to get him into violent videogames, just get him Viscera Cleanup Detail","[4, 20]",27
[NAME] i was mostly curious about the background because it's very good.,"[0, 7]",27
What the heck?!,"[2, 26]",22
Go take a shower your personality stinks,"[3, 11]",27
I looked at several different websites - mine are not perfect. But I like them. Mostly referenced this website.,"[18, 27]",27
You mean...I **don't** have to be #blessed and #thankful that I am moving to another country at the end of this month?,"[6, 7]",3
"This is heartbreaking. She always meant well, and really wanted to see people get along. She deserved happiness.","[8, 25]",27
I genuinely just for once want to be in a situation where everyone applauds. That’s my New Years resolution.,"[0, 8]",27
how much money can the raptors offer [NAME]? Can he get a supermax here in toronto after this season?,"[6, 27]",27
"Thank you, what kind of lawyer would be best in this case?","[7, 15]",27
I hope that's a bug because it looks downright embarrassingly bad,"[12, 20]",27
How do you deal with alerts coming up on your phone? I guess you can just turn them off?,"[6, 7]",27
[NAME] did that to [NAME] and let's just say that didn't end to well for anyone,"[10, 27]",7
[NAME] with the beautiful backtap,"[0, 27]",27
Woooooo theres the boeser we know and love,"[13, 17, 18]",11
Was at the game yesterday and at the game now. It's a miserable gong show. Why do I keep doing this to myself?,"[3, 6, 25]",27
Love when the run away joke always ends up with someone who isn’t funny ruining it,"[1, 18]",27
"Sorry, I wish I was wrong, but Mathews is over rated","[10, 24]",27
That’s downright creepy. It’s as if he’s testing if $50 will keep you quiet if he does inappropriate things.,"[11, 20]",14
Does this not happen to all people? If not then at least I found out a little more about why this always happens to me.,"[7, 27]",27
" yay!!! Congratulations! You are so pretty, make up is going to look awesome on you! Your hair is beautiful too ^_^","[0, 17]",27
Why? That's not helping us win games.,"[9, 10]",27
Lucky he didn't jackknife.,"[23, 27]",27
"Said it all year, I think losing [NAME] hurt this team in more ways than we'll ever know. ","[9, 22]",3
"Honestly, I have a hard time sleeping in socks. The fuzzy ones are the worst because they slide around on my feet.","[2, 11, 25]",27
This is so good! Thank you I love this way of thinking of it. That might be helpful to explain it to them.,"[0, 15]",9
There Probly doing this because we’re for sure gonna tank next year as well,"[15, 27]",3
Back in the day was the best ever than. I giggled nearly to the point of drenching my depends. Ty ty very much.,"[4, 15]",27
"Thanks, I had missed that. Just read this article today.","[9, 15, 22]",13
Glad that [NAME] continues to be himself even in a mystery fortress. I doubt I'll ever play another game as good.,"[0, 6]",27
That’s what I suspected. Will be interesting to see if they can steal some wins against the top teams in the league.,"[4, 13]",27
"Try peeling from one end and carry to the other, if you just lift up then your doing it wrong","[22, 27]",27
VP pick guaranteed - and the pivot will be hilarious,"[1, 17]",27
Maybe it's similar to how [NAME] hates cantaloupe.,"[2, 27]",27
The Guardian are covering it. Naturally they think we're far-right activists and misogynists whose displeasure proves the necessity of the [NAME] campaign...,"[4, 27]",27
I hope this season [NAME] wins everything:,"[0, 20]",0
"We're not the only one that has it, but for a city of our population, we're probably one of the worse offenders.","[12, 27]",11
It's funny cause OP is trying go against the mindset that most men are predators but in inadvertently reinforcing it :/ awkward.,"[1, 12]",27
Bisbee is a weird place.,"[3, 27]",27
Ask the Magic 8 Ball again later. We can't predict your future.,"[10, 27]",11
I can’t wait to try the cleric class again!,"[7, 13]",27
Glad things came out alright for you...,"[5, 17]",27
"We're a community, like it or not. This came from us and we need to hold eachother to a higher standard of behavior.","[4, 5]",11
"We love you, this sub is always there for you, remember that behind every meme and comment, there is someone who supports you","[5, 18]",27
Yes I have been getting my own therapy but this month was a wash for that because of work. Back at it next week.,"[20, 22]",27
"Sicko mode is on a whole new level, it cant be compared.","[3, 10]",27
"Thanks, I hate it. They're out now though.","[2, 15]",27
I did.,"[21, 27]",27
Happy to hear this! Stay strong and continue fighting! We believe in you <3!,"[17, 20]",3
What the hell- they're paying for cars they don't and won't ever own?!,"[2, 3]",17
Any more comments calling me SWERF for caring about sex workers will be blocked and reported I s2g,"[2, 27]",5
What's there to dislike?,"[6, 27]",27
[NAME] I wish that were me.,"[8, 20]",27
What a nice [NAME] sentiment!,"[0, 4]",10
I guess. I respect the boots on the ground cops. They aren’t the ones coming up with these ridiculous policies.,"[0, 10]",27
"I read that as ""It's fat being fucked in the picture"" lmfaoooo","[2, 27]",27
Oh how lovely and vague. Your non-committal form of conversation is delicious.,"[0, 1]",27
Irrational anger especially certain family members,"[2, 3]",27
"Yep, that's my daily commute.","[4, 27]",27
"DDR is enjoying a bit of a renaissance at the moment, thanks to DDR A. Hopefully this will lead Konami to considering a new home release.","[15, 20]",13
"I am well aware of how immature and inconsiderate men are capable of being, but thanks for the reminder. Baby.","[15, 22]",24
Oh i already watched the whole thing when it aired. That match was awesome! I just wanna rewatch the last 20 mins of the womens rumble,"[0, 8]",27
Hot damn it takes some real self-confidence to say you can't do things in MS paint,"[3, 10]",5
Legend! Cheers bro,"[0, 15]",0
"Sweet home alabama No but for real, is that even legal? You should stop having sex with her.","[7, 10]",1
Yayy we agree on something. I mean everything's on fire but we agree haha,"[1, 4]",11
Wait project players magically become great without showing any improvement who would have thought!!!,"[0, 20]",0
"Without fail saying ""moist panties"" makes every woman cringe.","[14, 27]",27
That’s! How you defeat a bear!!!!,"[7, 26]",27
That’s how it be,"[4, 27]",27
What strain?,"[7, 27]",27
"Yeah, everyone goes through this phase during their Junior year of high school. ","[4, 22]",25
"I will say, this tanking season is a lot more enjoyable than [NAME] cause we don't see [NAME] looking confused on the sideline every game.","[6, 17]",27
Ehhh kill streaks aka point streaks in bfv.. Not impressed. That game is booty water bf1 is way more fun,"[3, 10]",27
"Interesting read, thanks. Still a 40% bust rate. Sucks that someone's job is on the line with that high of a chance of failing. ","[0, 9, 15]",27
One of my favorite war movies ever. The cast and soundtrack are unbelievable,"[0, 4]",27
Thanks man! This was great. :-),"[0, 15]",27
The best role you can take to climb is shot caller. Give your team the information they're not aware of and they'll be more useful.,"[4, 5, 20]",27
This is actually really good! Thanks for posting this man!,"[0, 15]",27
Horrible waste of time.,"[11, 14]",27
"Props to YOU for being so appreciative, sir. :) You don't often see it. Good luck out there!","[0, 15]",27
"This is nonsense. How is some random noise ""proof"" of anything? How is this relevant to this subreddit?","[3, 7]",27
"Being a bronco fan in NY, this podcast is the only radio I can consistently get","[4, 9]",6
Why does [NAME] also steal [NAME] revolutionism,"[3, 7]",27
Why did no one check [NAME] for her comments though?,"[6, 7]",27
[NAME]! Scoring ridiculous goals while missing sitters. Love it :-),"[0, 18]",27
Thanks I was wondering what the sparks from his head were about.,"[15, 26]",27
The only thing that stops a bad toddlers with a gun is a good toddler with a gun.,"[4, 22]",27
"This made me laugh, have an upvote good sir ","[0, 1]",27
What country have you move to?,"[6, 7]",27
...soooooo yes?,"[6, 27]",27
Nothing seems to intrigue or satisfy me only drugs and thats sad.,"[14, 19]",27
I like your colour choices and I can feel your love of the city. Keep up the art! Sending you lots of love and healing.,"[5, 18]",27
Horray for Persona,"[17, 27]",27
So sorry about your loss. It's so heart wrenching xoxox,"[16, 24]",27
I already know [NAME] sucks... He will be gone in 2 years but the shitty press that you support being like [NAME] will still be here. Congrats on supporting propaganda,"[2, 10]",27
He makes Talking Thrones look good.,"[0, 4]",27
You post your pics online. Good for you! You're probably not a subhuman,"[0, 4]",5
I know! I'd buy this for my unit my coworkers would love it 😂,"[18, 20]",27
I like [NAME] but I disagree with him here. Then again it's not much surprise that a mega rich globetrotter that lives next to [NAME] would hold such views.,"[10, 18]",27
Adorable little buggers.,"[0, 18]",27
Be brave Star Wars fans. You've likely been analyzing RotJ wrong your entire life. OP has it all figured out. Amazing. I love you.,"[5, 18]",27
I do love the Baroque style as well! All the Church’s I ever saw in Mexico especially the cathedrals in are simply amazing.,"[0, 15]",27
I saw a youtube video once where someone was a “failed abortion”. They were perfectly normal. I guess the doctor was just an idiot.,"[3, 22]",27
Congrats! Glad it went well for you!,"[0, 15, 17]",7
I understand just so hard feels like I’m being thrown away like trash I don’t want to imagine a life without her in it,"[19, 25]",4
Oh no! More non-existent performance issues to complain about!! Can't wait to be playing it while all these self-righteous gamers take their noble stands...,"[7, 9]",2
[NAME] You are the ultimate forhead Winner!!! Chose your price!,"[0, 4]",27
Would of been slightly awkward for someone to walk into my building haha,"[1, 12]",0
You da best thanks,"[0, 15]",13
Ok cheers mate thank you,"[13, 15]",27
I miss [NAME] and [NAME]. :(,"[9, 25]",27
You are delusional if you think big oil and existing deeply entrenched and rich traditional energy can’t pay scientists more money than new renewable energy can.,"[10, 27]",25
"I am real excited for this, I just hope they don’t ruin it.","[13, 20]",2
Double doink Love it,"[17, 18]",27
"It's my birthday today, so thank you, I guess? I hope something nice happens to you too.","[13, 15, 17, 20]",10
Hot damn! Thankfully only a bump to the head.,"[15, 23]",27
So sorry to hear about your abnormal growth. I'm now green with envy. Are there other celestial gods that can identify with existence?,"[7, 25]",27
"Damn, I was really hoping for some comeuppance at the end, but at least you no longer have her for a boss, so silver lining.","[3, 8, 22]",27
"Nice try @ some dude. Also i joke around my gf on the same topic, she doesnt believe me","[0, 27]",10
SHE MAKES ME CRINGE :(,"[3, 14, 25]",27
I wish I could be you. Our thing is dragging on forever and I’m heartbroken af.,"[8, 9, 25]",27
"Thank you, I didn't know about this sub but I'm subscribing immediately","[10, 15]",27
"Please be [NAME]. I like [NAME], for the record. But I'm def willing to part ways with him. ","[0, 8]",27
Thanks!! I missed all of this.,"[9, 15]",26
"Is this the place that had the creme filled donut holes, if not does anyone know where to get them","[6, 7]",27
Yup this game just gets worse and worse,"[9, 11]",10
"Oh, the boat was already on its way out lol","[1, 27]",27
"Yeah. Sure.... Why don’t you just let us have some fun, wet towel person.","[1, 27]",9
I like how it's also a subtle girls>guys,"[18, 27]",27
"When the etiquette ""shitpost"" is 100% accurate","[0, 4]",27
I'd rather continue throwing money into these foreign sinkholes than use it to mess up the healthcare markets any further.,"[2, 3]",27
1. Well said. 2. I like your style. 3. Prove it.,"[0, 18]",7
Interesting indeed 😕,"[4, 7]",3
"I love Chinese buffets. All the ones in my town are gone, all buffets are gone, sucks ","[9, 18]",27
I was almost certain it was gonna be [NAME],"[20, 22]",27
"That sounds really agonising, to ask for help and have no one hear you. What's going on for you right now?","[7, 9]",27
"The world is backwards, nowadays. Where people defend _GaNgStAs_ because it's culturally and politically correct, and then shame those who protect and serve. Makes me bleed rage.","[2, 3]",11
"Send your story over to r/nice guys, they'll love it ","[4, 20]",10
It looks like it's from the Molecule Effect on Santa Fe. Great quirky spot!,"[0, 13]",27
I adore Brutus and Pixie!!,"[0, 27]",27
This would have been a perfect test of those Katyushua rocket water dispensers.,"[4, 22]",27
that was such a misstep from their PR. wtf were they thinking people were expecting with a public countdown,"[2, 3, 9]",27
So you're proudly ignorant. Cool bruh,"[3, 11]",5
"Nice play! But, why would u play [NAME], in tribute?","[0, 6, 7, 15]",10
I got that feeling as well. Hoping he retires a Jet. We are the one org that embraced him. He was coaching sam every step.,"[12, 27]",11
Look at CBG as well. It's got anti inflammatory properties. Wifey feels its the best medicine for her cramps.,"[4, 5]",27
"Huh, so there should be no more men's and women's sports, bathrooms, prisons, etc.?","[3, 27]",27
"Yeah, when I saw she was in LA, I really hope that. Oh please, be true.","[15, 17]",27
At least the repulsive sex scenes are helping me maintain my diet,"[23, 27]",27
"The latter is a good description of the last 16yrs of my marriage (now over, thank the gods). ","[0, 15]",27
"I loathe him too, but I couldn't even get on board with lynching him. Not even that obnoxious twat [NAME]","[3, 11]",27
Hahahaha!! I was thinking the exact same thing. But you could really feel the excitement while reading! 10/10,"[1, 17]",13
"Such a cute baby, and yet his life begins with stupid parents doing stupid stuffs...","[0, 3]",27
I cannot imagine being so fragile that being able to smile threatens your identity and world view.,"[3, 9]",11
I agree. More stupid ideas by ''the adults in the room''.,"[3, 4]",20
For me it's how much I love canned black beans that take a minute and forty five seconds in the microwave lol.,"[1, 18]",14
Those mindsets are extremely dangerous to our democracy.,"[14, 19]",27
Is that Guildford? There always seems to be plenty of zombie-like pedestrians around town!,"[6, 26]",27
"Thank you, love. You too! ❤ It's nice to find kindred spirits.","[4, 15]",10
"I don't do the things you mentioned above, I just draw shit ^all ^^sfw ^^^ofc But hey, thanks for that ;-)","[10, 15]",27
So we need a jewelry store and a tv show. Bet lol,"[1, 22]",26
Plus [NAME] has won before. [NAME] is a perennial loser. All he has ever done is played on teams that were the worst in the NHL.,"[10, 11, 27]",27
No matter how hard you scrub it WON'T COME OUT.,"[10, 27]",27
Could do even better by kicking out anything north of Cambridge or west of Oxford.,"[8, 20]",27
"I can watch test cricket, this would be no problems. Honestly though I'm annoyed I missed it, hopefully there's a re run","[3, 8]",27
"Appreciate the update, hope this one is the right one though ! ","[0, 20]",27
[NAME] getting off beat the dribble is hurting me a little inside /: Edit:words,"[25, 27]",27
"The conversion go muscle probably helped, considering the size of them. I'm super happy for you dude, you've done amazingly!","[0, 17]",27
That unfortunately still doesn’t stop the thoughts or really address any issue I raised in my post. thanks for your concern though mate. I appreciate it,"[0, 15]",27
Trespassing in Texas and you’ll get shot. I would’ve shot them.,"[5, 22]",27
"[NAME], you're back! And still posting the same old editorialized political garbage, I see. Some things never change.","[3, 9]",27
Purple are lowkey great value properties.,"[0, 4]",27
Could be something limited to my branch too.,"[6, 27]",27
Nice to see someone actually posted something useful here. :D Thanks!,"[0, 15]",10
"Damn, we barley made it out of the Rockets game with a win according to that graph. ","[9, 27]",11
"Dammit, [NAME]! You're only hurting hardworking doggos with this shutdown!","[3, 9]",5
Thank you! That’s good to hear. I like presenting the place as it is.,"[13, 15]",27
I like long hair but it's never been a huge consideration in love.,"[4, 18]",27
im shaking and crying right now this is so powerful,"[14, 25]",27
"An interesting video, though the title's lack of an Oxford comma is bothering me.","[9, 13]",27
What the fuck I thought it was normal to pee before taking a shower and like not pee in the shower Especially if it’s a shared shower ew,"[3, 11]",13
"I couldn't even get an internship for Human Resources without having 2-3 years 'Real World' experience. Still in customer service, with a ton of debt. ","[9, 25]",11
I'm glad you had such a positive experience on the sub and congrats on the relationship.,"[15, 17]",27
My fiancé had it custom made as an early Valentine’s Day gift!,"[17, 18]",27
It’s really hard to watch for some people because of how awkward and... just how stupid [NAME] is in this episode,"[11, 12]",27
Cool as hell,"[3, 27]",17
GOAT FLAP. Thank you! I am in the middle of hormones right now.,"[0, 15]",27
Exactly. Thank you.,"[4, 15]",27
HOW MUCH IS IT,"[7, 27]",27
"You know he was too distracted by ""boobies"" on his teen wife to care about the realistic possible outcomes of rushing into marriage with a teen. ","[8, 22]",27
I mean I'm no fan of the series either but who cares? It makes a lot of people happy.,"[7, 17]",13
A classic question. He wanted to create to share His love and existence.,"[0, 27]",27
"Yea it's pretty fantastic. I got lucky that despite being fairly TBM she enjoys passionate, frequent sex.","[0, 13]",27
I agree with this post times a billion and also: Save [NAME]! Love the name. Huge Fight Club fan.,"[4, 18]",27
I miss [NAME],"[9, 24, 25]",27
"It's creepy but also sad that the guy was bathing in your fountain, hey at least it wasn't your pool. ","[5, 14]",27
"Honestly, I really liked being 32. The 30s in general have been great. Happy birthday!","[0, 13]",27
"Hey, remember when [NAME] said furries are all catfuckers? Glad he's changed since then.","[7, 22]",27
So its not mum and dad then.,"[10, 22]",14
❤❤❤❤❤ this morning in my head I kept saying let go of the resentment this is amazing,"[0, 18]",27
I have no idea what your post means but I love your name and you are one of us,"[6, 18]",20
dude that stadium was lit as fuck 🤣🤣🤣 were about to embrace the tank like never before,"[0, 13, 22]",27
Yes I'm trips fail like that nothing you can do about it but brush yourself off and try again tomorrow,"[5, 20]",27
Well that escalated quickly.,"[0, 27]",27
"satisfying, really.","[0, 4]",27
I love the burn,"[17, 18]",27
[NAME] was the worst Of any sports team Unis!!!,"[2, 11]",19
"Maybe but kids and social media and cellphones in classroom, and a pervasive culture that glorifies sports over education are ruining our education system. ","[9, 10]",27
[NAME] couldn’t get them to the playoffs. Pulling out [NAME] for him is dumb,"[3, 27]",27
Is that you [NAME]?,"[6, 7]",5
I'm glad you like doing - you can feel the darkness taking over haha. This honestly sounds like an animated short?,"[1, 17]",0
wow thanks for the explanation. it's been like 3 hours and still looks like this,"[15, 22]",27
That’s strange logic that it triggered you.. they will use any retarded attempt to hoover you he probably hoped you would notice and get triggered by it.,"[20, 27]",27
"I'm not fantasising, I'm watching it happen. Just like I watched [NAME] smooth, supple back.","[20, 27]",27
Unfortunately there are also far less/weaker unions now too,"[9, 25]",27
Is this from the new Ok Go video?,"[6, 7]",27
I wish I could get a lazy Malinois. I love their look and Mal puppies are so cute! But I’m not a run-everyday dog owner.,"[8, 18]",27
*Fuck extremists.,"[2, 27]",27
Nia even in its current state vr can help you with that. And maybe even more 5 years from now.,"[5, 20]",27
Looks like donkey foals are going for between $50-$100. That’s quite the herd.,"[4, 22]",27
Idk you seem pretty miserable and really bitter and angry. It must be exhausting and I hope you find happiness some day.,"[2, 5]",27
"That's some animal cruelty right there, someone help this poor creature.","[5, 25]",27
"Should be ,,How to be a [NAME] Character""","[6, 27]",27
"I keep wondering about armpit waxing, but the potential pain scares me. ","[14, 26]",27
> Love is more important than some job. You can't be serious? Please tell me you're just joking.,"[7, 10]",27
"Wow, I love the car ride idea. Thanks for sharing that!","[15, 18]",20
You are right OP didnt think this 1 through,"[4, 22]",27
"But those other jobs are what allow the engine of US imperialism to keep running, and keep destroying innocent people's lives all around the world. ","[3, 10]",25
"So we should just complete one study on anything, never question the results or methods, and just accept the initial study as gospel. Gotcha.","[4, 27]",27
Is this because of the sudden spate of comments feeling shocked that we don't respect proud right leaners or have you always had these mails?,"[6, 7, 26]",3
You sound like my brother. I only have one tip. Calm the fuck down. You cant think when youre upset,"[3, 5]",27
That little smile at the end is exactly why she looks fun.,"[0, 27]",27
Hard. Social anxiety/general fear/uggoness kept me from actually getting dates and i was extremely awkward when I finally stopped anxie-puking to actually go on the date.,"[12, 25]",27
I meant one sided comment. My bad,"[3, 9]",27
These are the signs I'm getting old... Wtf is a weed cartridge??,"[7, 26]",27
Wait so did you permanently lose sight in one eye or is this just temporary?,"[6, 7]",27
I'm not a jealous person. That's not an emotion that comes naturally to me. I wouldn't try to cultivate it or maintain it.,"[3, 10]",27
Hey we have feelings too nerd,"[3, 4]",11
"Got the same pops! [NAME] a lot :) too bad I can barely play him, wish there was a Hwoarang pop","[0, 9, 18]",27
"Find a better partner. It's past time to move on! He sounds very lazy, selfish, and he doesn't care about your needs.","[3, 5]",27
Looks f*cking delicious,"[4, 17]",27
They need to practice intuitive feeling and depression acceptance.,"[5, 27]",5
"The government won't let scientists do studies on it, so we're stuck with anecdata until they stop being assholes.","[3, 10]",25
"Only through surgery, steriods, and a high income. Personality is not a factor for woman, looks and status are","[22, 27]",27
What is this an excerpt from? [NAME] was a treasure. I should read more of his stuff.,"[0, 7]",27
I was talking about have a more positive outlook on life if it's meaningless anyways.,"[5, 20, 22]",27
"I know he will be, I'm just nervous. His face is just going to be so sad 😢","[19, 25]",27
Nice mix of trashy and classy.,"[0, 4]",10
At least we aren’t getting blown out. And Vegas is hot right now,"[4, 13]",11
"Wow, they are actually struggling against the Hawks for 3 full quarters. ","[13, 26]",1
thanks! yours inspired my to post mine lol,"[1, 15]",27
Alicorn then maybe?,"[6, 27]",11
"Haven’t seen that movie either, haha. ","[1, 10]",0
Reddit is so right wing I can’t even believe it,"[10, 26]",22
I’m excited!,"[13, 17]",27
"Cheers, guys! We are never drinking alone when we are here! But in person, I love drinking alone. ","[17, 18]",11
There were lots of awkward silences. The farewell didn't seem natural.,"[9, 12]",27
That’s because it’s stupid and nobody wants it!,"[3, 11]",27
"Welcome home, sister (assuming from your username)! May [NAME] love always burn in your heart!","[5, 15, 18]",27
Why do we gotta wait for a week just for the devs to fix their mistake?,"[6, 27]",3
Mental health issues get such a bad rap as it is. I appreciate this comment a lot.,"[0, 4, 15]",27
That's an excellent point. Who would be a good '[NAME]' for the Oilers?,"[0, 7]",27
Ahaha alright. Im done. Peace man good luck with everything :),"[4, 20]",27
"Good edit. I was going to go on a tirade about changing diapers on my lap/bathroom floors, but now I don't need to.","[0, 4]",27
I really appreciate you saying that And yes he is the cutest,"[0, 15]",27
"I'm sorry to hear, come see me when you die.","[24, 25]",27
"Congratulations! I know it’s a hard thing to quit, I’m proud of you. ","[15, 21]",27
"Thanks and what even mean ""nobs""? ","[7, 15]",27
My score per minute is terrible because I only snipe so asking the wrong person. Sorry dude,"[24, 25]",27
I don’t even like [NAME] that much but she completely failed to engage with his work critically. Her interpretations of his arguments were shockingly poor.,"[9, 10]",27
You can be a good writer or arguer and be absolutely retarded,"[3, 20]",27
I’m finishing that right now. Very fascinating.,"[0, 4]",27
How dare you say that. He's a toad of the people! Not some rich frog!,"[2, 3]",27
Nice try Lumi,"[0, 4]",10
"I've spent too much of my life being angry at the Jets, just gotta roll with it now.","[9, 20]",27
How many times do you have to watch The Office. lol!,"[1, 7]",27
[NAME] is worse because he’s all of those things plus he took out my boi [NAME].,"[3, 27]",27
Anyone remember mean [NAME] burger and fries? That place was the jam!,"[0, 7]",10
Lol. I realize that. I know plenty of people like y'all,"[1, 22]",27
Hi !! I totally get you. If you want to be friends I’m here !! :),"[4, 23]",27
So excited for this!! Thanks to all who have worked so hard to put this together <3,"[13, 15]",19
Love the [NAME]. They have a great dynamic and it looks like a genuine friendship.,"[0, 18]",27
"But once it's born, if its parents can't afford food, shelter and medical care, it can go fuck itself.","[2, 10]",27
I know how you feel :( I hope you start getting more good days soon. <3,"[20, 27]",27
Article says she was present when this happened sometimes and that she was physically and psychologically abusive as well,"[4, 27]",27
"Ahhh, I was curious about that since I do both Postmates and IC at the same time.","[4, 7]",27
"Oh, Boy. You into phrenology too.","[26, 27]",27
Hahahaha. I can picture it as if I was a fly in the walll. I love mj like [NAME],"[1, 18]",27
Ah sorry about that won’t happen again,"[20, 25]",27
"That's just the adrenaline. It'll set in soon, haha","[17, 27]",0
My god i thought he just hit his shins really hard on the pole but than realised what his shoulders did...,"[22, 26]",27
[NAME] damn I need a cigarette now,"[3, 9, 22]",27
UNLIMITED POWER!,"[0, 27]",27
I have literally been waiting for a “ [NAME]” I’m from Ontario Canada and love Texas.,"[8, 18]",27
"Screw the watch stuff, I wanna hear about the porn","[3, 8]",27
Damn. Alright.,"[4, 27]",27
I would like to suggest one that's like Would You Rather. More of a dark comedy but oh so good. Cheap Thrills is amazing,"[0, 17]",27
This is perfect,"[0, 4]",27
"Man Management: 9/10 Tactics: 4ishh/10 Anyway, he wasn't brought to implement brand new tactics but to develop our young core, was he ???","[6, 27]",27
"Honestly many of these games that they lost they didn’t even play poorly, to me they looked pretty good and just unfortunately lost the game ","[0, 9]",27
"[NAME] bad, [NAME] good, updoots to the left.","[4, 10]",27
Okay then. Please remind me again why the lack of support is death threats in my PMs.,"[19, 27]",27
Fake lous!,"[2, 27]",27
It is hard to make up the new relevant points at times.... Revolution they say,"[3, 10]",27
Praying for you. Willing to chat if you need it.,"[5, 8]",27
I love it. I just joined the Streetwise Facebook page to catch up on some of the kids.,"[4, 18]",27
Mr. [NAME] Moderate himself. I do hope the DCCC pours money into [NAME] rematch campaign when he declares.,"[20, 27]",27
"I love it when ""bad"" picks actually have fucking amazing ganks.","[0, 18]",27
That’s a great idea! Thank you :),"[0, 15]",20
Beautiful and thank you for the inspiration.,"[0, 15]",27
Ha! You're right! I don't know why I assume you were male. Sorry. :),"[4, 24]",18
"Ah, I see. I wasn’t sure if I was supposed to make contact. Thanks for the info!","[6, 15]",26
That's so sad.,"[9, 25]",27
Minus the eyebrows I personally think it’s an attractive look. But the fucking eyebrows ruin it all.,"[0, 2]",27
I'm glad you called it because it really is a beautiful and beautifully honest statement.,"[0, 17]",27
"I would never wish for someone to get injured, but an injury needs to happen at the Pro Bowl so they cancel it forever.","[9, 27]",27
Pretty sure the plate is completely visible in the article...,"[4, 22]",27
Why did I read “roommate” in the title as “comerade.” How many memes have I viewed?!,"[6, 7]",27
Where's your helmet?! Gotta love helmets.,"[7, 18]",27
It's the giant robot penis. Texas favorite.,"[0, 18]",27
Thank you ! I thought it was funny guess no one else noticed it or thought it was funny:/,"[1, 15]",27
>Ultimate 12 Inch *notices bulge* *OwO what's this?*,"[7, 26]",27
"Forehead kisses, and any of the cute nicknames he calls me [NAME], best feeling being in his arms [NAME] I miss it all","[9, 18]",27
"lmao, have not heard that insult before, that's a good one. Only good thing you have come up with yet and I bet you stole it kek.","[4, 9]",27
"It's good, good, good, good - good good good!","[0, 13]",27
It's a shame when a really attractive person does this to themself. Pretty eyes great smile.,"[0, 9]",27
I'm just saying you are demanding things of us while being nasty yourself.,"[2, 3]",27
"Really wow, what a steal","[0, 26]",27
Seriously!? Wouldn't a guy do the same thing if a girl didn't even attempt to get him off?,"[7, 27]",27
When you look back at your picks and realize you’re laying pretty much entirely chalk Tenn -8 Bowling Green -4 Akron -1 NC STATE -1.5 Duke -21 MSU This should go well lol,"[1, 22]",27
"I don't even know how to begin explaining something this preposterously self-evident to you, so I'm just not going to. ","[6, 10]",27
Actually yes the left does need to earn my loyalty if they want me to keep voting for them,"[4, 27]",8
Well they do have cheap surgery there lol those lucky bastards,"[1, 3]",27
Aww that's so sweet !,"[0, 13]",27
"My dosage was increased 2 weeks ago and I've noticed the issues getting worse. With your comment, I'm really leaning towards them being side effects.","[11, 19]",7
It's hard to make friends. :( I sit alone.,"[9, 25]",10
These refs are [NAME] awful. Find a new job,"[3, 9]",27
My partner and I have 17 years between us! Best and healthiest relationship I have been in :),"[0, 22]",27
Done that. Body dysmorphia makes them look the same to me 🤷,"[4, 22]",27
And how she can’t cry bc of her “expensive lashes.” 🤦🏼‍♀️,"[7, 25]",27
"Thank you, kind Internet stranger.","[0, 15]",27
Wow... congrats,"[13, 15]",27
"Thanks for gping to the effort, but i would be surprised if he read it and gave it the chance he have trump. Pleasantly surprised, though.","[15, 26]",27
To me the toenails is the grossest part! 🤮,"[3, 11]",27
I think you overestimate the ability of politicians to rig the vote c.f. May 2017,"[10, 27]",27
Gotta offload this crap somehow.,"[2, 3]",27
"If you made it a goal to speak a word to him, then how do you know you are blocked?","[6, 27]",27
"I feel like I say this a lot but I wish we'd run the mudiay frank back court more, I like their chemistry together","[8, 18]",27
My condolences. Lost my cat Zoey over a year ago. I still miss her like crazy. she was only 3 years old too.,"[16, 25]",27
"I honestly can’t keep a secret but I think that’s because I’m a Chatty [NAME], not because of my gender. ","[4, 27]",27
When are people going to learn that it's OK to cheer lead dance in front of an old misogynist lol,"[1, 17, 20]",27
Chuckled. Upvote!,"[4, 27]",27
"Thanks [NAME] for moderating, I appreciate the hard work you guys do!","[0, 15]",27
I spent a few months in LA and it freaked me out every time someone zoomed past me.,"[3, 17]",27
Wow I typed that out before my eyes were awake 👀,"[22, 26]",27
Thanks :).. My issue got solved :) . YT on Twitter never helps.. they just do the basic troubleshooting.,"[3, 15, 23]",27
A different joke. Scenic!,"[1, 27]",27
That’s amazing! I’m so happy for him!,"[0, 17]",27
Are you being stupid again?,"[2, 3]",27
nah he was pretty mediocre at A&M,"[0, 9]",27
That's good to hear. I'm admittedly highly judgmental about this kind of thing but I'm trying to open up my mind a bit.,"[0, 4]",27
The picture in the thumbnail looks like the kids in the maga hat that fucked with the native [NAME],"[3, 27]",27
I can totally see it. I’d be very interested to see them interact.,"[4, 13]",27
I live in Raleigh and all the Canes fans I know love it. So the players love it and the fans love it. Everyone else can chill,"[17, 18]",27
This post gave me incredible anxiety until I saw the back tires rolling sideways which was amazing.,"[0, 13]",27
I hope they bring him back. Last year was awesome,"[0, 8]",27
"[NAME], [NAME] and [NAME] just yelling over each other and [NAME] looking around like what the...?","[2, 27]",27
"Real fact, Elephants see us as cute in the same way we see dogs and cats as cute.","[0, 18, 27]",27
It would be nearly impossible to get to the point of being immobile/bedbound without someone enabling you hand and foot.,"[10, 27]",27
Unless you have actual ADHD lol. But I think this was mostly meant to be funny,"[1, 17]",27
"I am happy for you. No, seriously, I am.","[0, 5, 18]",27
I would tell her part of loving herself/her body is taking care of herself. Speaking as a recovering obese person myself.,"[5, 18]",1
Wow thank you! I’m gonna do that!,"[15, 22]",27
Does anyone here think this will actually turn the Jet's around? I feel like this is the worst shit ever.,"[3, 9]",27
"It's rigor mortis but don't change it haha it's funny, good r/boneappletea material","[1, 17]",0
Ya! Nintendo is for kids! Now join me on my expensive PC and let's play stardew valley like MEN!!,"[1, 13]",27
Wait what power is this?!?,"[6, 7]",27
I LOVE google voice! IT's the only way I can get my parents to reply to anything!,"[4, 18]",27
"Yes, I am 100% superior to [NAME]. If you're not, I'm sorry ","[4, 24]",27
Creepiest building in Chicago. I couldn’t even imagine the number of gunshot victims that have gone theough those doors and came out in a body bag.,"[11, 14]",27
He’s got no options. Not your problem. Have another wine! 😂,"[10, 17, 22]",8
"Depends on what you want to do, but I'd buy This","[4, 27]",27
Says nothing about a 2nd interview,"[3, 9]",27
Grandma is bad at math,"[10, 11]",27
I really hope she wasn’t trafficked. It’s more prevalent in the US than a lot of people realize :(,"[20, 22]",27
ok that's kind of cool....,"[4, 23]",27
God [NAME] can't come back fast enough. I don't know if the fans in the rest of the league realize how big his loss is,"[9, 22]",27
That would expand his torso and ribs which probably hurts,"[20, 25]",7
It’s like bombs over Baghdad to a whole new level... I LOVE IT!!,"[17, 18]",27
...And what's impressive is she managed to sell two internets before she was so rudely interrupted...maybe your Land Lady should consider telemarketing. :P,"[0, 27]",27
"You monster, I hate it. Well played.","[0, 2]",27
Me. I really needed to see this. ☹️,"[25, 27]",27
It is like how I imagine [NAME] and [NAME] people seeing wooden ships across the water the first time.,"[7, 26]",27
"Lmfao, so true. ","[1, 4]",2
Fun ruiner.,"[1, 2, 3]",27
Pre buff outlaw the rest just took time. [NAME] was pretty easy for me though.,"[22, 27]",27
Appreciate you homie,"[0, 15]",2
i understand that means i will have no luck for compensation,"[20, 22]",27
"Oh I get it, you are illiterate on purpose because you fear to be fed with lies (in your mind). Sorry for you.","[14, 24, 25]",27
"I was expecting the surprise birthday, not seen this twist on the sister before. ","[9, 26]",27
You sound like a great mum,"[0, 4]",5
Then just tell him to stop it if you don't like it.,"[5, 27]",27
This is so true!! I'm vaping mango right now! Weird... Wish I was a kid.,"[4, 8, 22]",27
Anywhere skytrain wants to expand my tax paying dollars will be ok with it.,"[4, 27]",27
"Wow, I wonder who's going on about Tahiti in the background.","[13, 26]",27
30% of the country are insane.,"[3, 9]",27
I'm suprised I didn't see more of these. Thanks for the support :),"[15, 26]",27
Of course. It would mean you owe them an unspecified favor in the future. That would be horrible.,"[3, 14]",18
It most definitely is! You’ve gotta pick some up!!,"[4, 27]",27
"You're the one making a positive claim, give studies or shut up.","[3, 4]",27
Violating the law has never been a prerequisite for being charged with violating the law.,"[10, 27]",27
What about [NAME]? [NAME] I hate her.,"[7, 10]",27
Cheers brother. That’s very interesting. First time I’ve seen that article.,"[0, 13, 17]",27
Omg sorry I just laughed out loud and also died inside for you.,"[1, 24]",27
[NAME] I hope we get lucky again. Great job with the write up. I don’t follow college ball too much so this helps a ton.,"[0, 8, 15]",11
The douche is strong with this one.,"[0, 27]",27
"Congratulations, and Happy New Year! May it be as sexy and as prosperous as you could wish for. ","[15, 20]",27
Thank you. Hugs to you too,"[15, 18]",5
"Haha Thank you. It got hard to choose who is with what after OSU, PSU, Michigan and Rutgers","[1, 15]",0
Opposites attract! I thought the same thing when he helped her cook Thanksgiving.,"[15, 22]",27
So smart it looks like he shut his fingers in the door. That’s a nasty bruise under his fingernail.,"[0, 3, 11]",27
Fascinating! Thanks for the info!,"[0, 15]",27
Wouldn't you just enjoy more focus on Celtic football?,"[6, 7]",27
Really glad you were there for her. I wish you both the best.,"[0, 15]",27
So the key to living is to do nothing?,"[6, 27]",27
[NAME] doesn't seem to have based this on anything. The owner of the nightclub says there was no altercation at,"[10, 27]",27
The cult of reason was very unreasonable. :D,"[3, 9]",27
"Yup! Was a great shoot, can't wait for the video to debut so people can enjoy all the hard work. ","[0, 13]",27
1. Dr. [NAME] job is just cause drama and look frustrated 2. I wanna know the mothers of people ITT,"[7, 27]",27
Man pre ASG Yankees were absolutely fun to watch. Judge hitting that homerun was awesome,"[0, 1]",27
Well ya but it's kinda too late for that unfortunately,"[25, 27]",7
[NAME] is just awesome. I have vacancies for long range adoptive grannies if she's not busy?,"[0, 7]",27
"Dentist did this to me I hate it. I knew i should have waited until ""it wad worse"" but i didn't. I regret it ","[11, 24]",27
"I saw the video and liked it, but I should say: Man, you almost make me dizzy by moving your head that much. 😀😀","[4, 18]",27
Maybe that’s what boogie was trying to say!,"[22, 27]",27
Human produce bad carbon dioxide too We should EAT OURSELVES ️,"[1, 27]",11
I am still confused a bit lol,"[1, 6]",27
"For real we swept Tampa last season? EDIT: Wow we did, our playoff run against them was a different story ","[0, 27]",11
You are absolutely loving this and it is sickening to watch. Catch your fucking self on you spastic child.,"[3, 18]",1
For a sec I thought I was on NoSleep. I'm glad no one got hurt.,"[17, 22]",27
You'd better get to work then! See you in 10 years!,"[4, 20]",27
"Interesting point about how *guanxi* ""makes corruption an intrinsic characteristic of the Chinese government.""","[7, 27]",27
Because most shit right wingers say is so awful that if they said it in a space where they weren't anonymous they would be fucking done,"[3, 10]",27
Best day of the week!,"[0, 17]",27
Are you actually serious? I'm really interested in the details lol,"[1, 7]",27
I mean the whole discussion is about sales soooo...,"[4, 27]",27
"Doubt is an integral part of faith. Dont worry, it will help you in the long run","[5, 20]",27
I know it's so amazing. Too bad all the people that hate the game haven't thought of giving it a try.,"[0, 9]",27
Happy New Year you wonderful mummy you! I was thinking about you today and hoping you were doing okay ☺,"[4, 13, 20]",5
Look how pretty she is. YES QUEEN YESSSSSSS,"[0, 4]",27
I thought he was #25?,"[6, 27]",13
In a few years she will probably be claiming to be in her 30s!,"[20, 27]",27
Mother of [NAME]... Im not grossed out very easily. I can stomach just about anything. But this made my fucking skin crawl....,"[2, 3]",27
"Yeah, I’m going to do my best to avoid a fight. She’d probably kill me. ","[4, 20]",27
"I will be definitely doing this now. We have a meeting next week, so I will be sure to bring this up. Thanks!","[4, 15]",11
And then what would The Bulls do if he says he won't be the head coach anymore? Put an assistant in there?,"[6, 7]",27
My grandparents were holocaust survivors. Seeing things like this and trying to comprehend the horrors that they had to endure really helps put my problems into perspective.,"[4, 22]",27
"It was probably either a wrong number, a prank call, or a girl you forgot you met and she was embarrassed. If something more happens update us ","[12, 20]",4
"Why are you making questionable jokes at work? Unless you work in a comedy club, it really aint the place.","[2, 11]",27
Piss off a small percentage to gain an even larger one? That's hardly unheard of. The amount of publicity alone for this is astounding.,"[0, 3]",27
I hope your life is as lovely as you are,"[5, 20]",27
Yeah and I love my dog and I'd miss my dad.,"[18, 25]",14
"Wouldn't it just be enough to be really interesting is to go through the arguments. However, I would guess this is the most symmetric of these.","[7, 20]",3
I know this is a joke but people on this sub actually think this way lol.,"[1, 17]",27
"Whoops, I'm* dying. But I wish, they make so much money. ","[8, 25]",27
“I wish there was a way to know you're in the good old days before you've actually left them.”,"[8, 27]",27
That sub sounds boring as fuck.,"[3, 9]",27
FUCKING YES BEST PLAYER ON THE PITCH TODAY ABSOLUTE WARRIOR BOW DOWN TO THE BALON DOR WINNER TRULY WORTHY,"[0, 21]",27
"Thanks, I hate it.","[10, 15]",27
I was really expecting more Adidas when I read the headline,"[8, 20]",27
One of the rare times I actually laugh out loud while browsing online.,"[1, 17]",27
Different doctors have different opinions on who should and shouldn’t be vaccinated.,"[10, 27]",27
"LOL. The one in the bed, when [NAME] is walking in with the candle. It was just awkward. ","[1, 12]",27
Alot of friends and family make that or less. It's pretty crazy.,"[13, 27]",27
"Hey, it's working again! Somebody at YouTube must have given the server a whack, because suddenly the recommendations are making sense. I wonder what happened today.","[17, 26]",27
"dont care what you call it, just glad he's getting the job done. its what elections are about.","[3, 23]",27
The part about the size of the shit was unnessecary but appreciated.,"[0, 15]",27
I do but no one wants to play with me I at least try to play by my self but it gets really boring.,"[9, 25]",27
Could you make a ten hour version? I’m tired of having to replay this so often,"[7, 9]",1
I am in distance relationship so this probably me and my boyfriend for this valentine. This suppose to be our first valentine.,"[13, 18]",27
That actually sounds pretty bloody hilarious. Maybe I'll work that into one of my one-shots.,"[0, 1]",27
Ok now I’m wondering what you’re on,"[7, 26]",27
"Wow, I know he is the voice of [NAME], but I did not know he basically IS [NAME]","[22, 26]",27
"You have too many knives, I don't trust you. Sociopath.","[2, 3]",27
Paying respects?,"[6, 7]",27
I know he lives in Texas and I have his phone number and things like his name and age but nothing else really.,"[4, 27]",27
"I'm sorry, when did a subreddit become a sacred institution? That's a false equivalency.","[7, 24]",0
I'm not white.,"[10, 27]",27
That is utterly horrifying. I'm so sorry that your kindergarten teacher was such a heartless old bat.,"[24, 25]",27
"“1, personal space. 2, I like my personal space. 3 get outa my personal space...”","[2, 18]",27
Kill whitey!,"[2, 27]",27
Haha. This is awesome. And I can't unsee it.,"[0, 1]",0
Pickeks are nice idk how many calories I eat day to day lol,"[1, 15]",10
Maybe [NAME] needs to have a Big Mac meal and relax.,"[23, 27]",1
"In case you're wondering, Nintendo does put a bittering agent in their Switch cartridges...and it tastes horrible. ","[3, 14]",27
Woo! New sci fi! Thanks!,"[0, 15]",27
"Given that you're not a conservative and this isn't a debate sub, how about you just get the hell out and stay out.","[2, 3]",17
need to stop over reacting about *everything*.,"[3, 5]",0
Fair enough ;),"[4, 17]",10
there's no limit when it comes to owning dogs.. more dogs = more love,"[4, 18]",27
Eagles fan here. is this goalpost an old meme here? or was it due to recent circumstances?,"[6, 7]",27
Now this is a Contrapoints video I want to see,"[13, 27]",27
I love Arkansas. /s.,"[0, 18]",27
I agree. The timing is really funny to me,"[1, 4]",27
"I just bought these, they look amazing! Thank you, Internet parent! ","[0, 15]",27
"Lol, I’m surprised more people didn’t catch that. Thanks for the med check! ","[15, 26]",27
"As a killer main that sounds like bs, and makes me even more likely to treat 3v1 as a fun round","[1, 27]",27
You have to find the right woman honestly and its sad that divorce is so punishing,"[9, 25]",27
"Well tickle me pink. Thanks for following up, I enjoyed the read.","[15, 17]",27
r/UpLiftingNews Edit: I just got banned for posting this there.,"[9, 25]",27
That would be fantastic!!,"[0, 4]",27
UPDATE i got a set of spare keys finally and rescued my dogs. theyre happy happy and being spoiled with treats. I APPRECIATE YOU ALL,"[5, 15]",27
You are welcome! Love to you on the journey!,"[15, 18]",5
Exactly right! It would help if my fingers could type properly lol. Burr smh!,"[1, 9]",27
"Weird flex, but ok","[3, 27]",27
"I appreciate it, that's good to know. I hope I'll have to apply that knowledge one day","[0, 20]",27
a PG that shoots 41% on free throws? pass. would much rather have jrue if we're shitposting,"[3, 7]",27
"don't worry, the funding will arrive the year after!","[5, 20]",27
I feel horrible for the government workers caught in the middle of this. I hope it ends soon.,"[14, 20, 25]",5
I used to watch it’s always sunny with my cat. She loved it. Now I can’t watch it without crying.,"[18, 25]",27
Ugh. Gross,"[3, 11]",27
"Not sure why it matters but i imagine shes as old as all the other v3 ultimates, so around 16-17","[6, 27]",27
"Is this in the US? 30k per year blows my mind, my tuition is like 9k ish a year+rent","[26, 27]",27
Don’t know how I missed that,"[9, 27]",26
We got a great view around 9pm before the rain!,"[0, 4]",11
"Ooh, I wanna be [NAME]!","[8, 13]",27
That was my first live Lions game (British and flights to DTW are expensive) I've never gone through so emotions in such a short amount of time,"[13, 22, 26]",27
Im done talking to you because i can expect better response from a wall. Feel bad for you. I hope it isnt too cold in your moms basement,"[3, 9]",27
Jack torrance can be nice,"[0, 27]",10
"Funny you should mention that since your entire presumption rests on other people interpreting ""well regulated militia"" in the same incorrect manner you do.","[3, 10]",27
"Of all of the fan-favorites from each city, [NAME] being the fan-favorite confuses and annoys me most. Her headlines are becoming insufferable.","[2, 3, 6]",27
Excellent work thank you for this. This is why I love Reddit.,"[0, 15, 18]",22
I know right! Lego really hurts!,"[22, 25]",27
"So, a kid?","[7, 27]",27
The next [NAME]. Welcome [NAME].,"[0, 15]",22
"I know, that is why I said that. ","[4, 5]",27
"yup, it sounds ridiculous","[1, 3]",27
"I haven't seen the chet response, but I cannot imagine myself not telling that person to go to hell and enjoy a lone existence.","[4, 27]",17
">It would also open the possibility of selling the [NAME] arms, I guess. That would be a terrible idea.","[11, 14, 20]",20
"""Cute dog, what's his name?"" ""[NAME]"" ( ͡o ͜ʖ ͡o)","[0, 18]",27
HE SHOOTS AND SCORES!!!!,"[0, 27]",27
"You just worded it badly, like we all SHOULD want to see it change, which many of us don’t.","[3, 10]",6
"Oh such a embarrassing mistake, or was it?","[7, 12]",27
I'm...not going to let him see me cry.,"[25, 27]",27
Great minds more like... And youtube suggestions.,"[0, 27]",27
"Something something don't fight what you hate, save what you love.","[5, 22]",27
">""Le Painting""??? What hell is that? - [NAME], 2019","[2, 3, 7]",17
You're right! What a nightmare.,"[4, 14]",27
What is this fucking r/niceguys bullshit?,"[2, 3]",27
A successful centralized ratings company?,"[7, 27]",27
I'm sorry for your loss. Also send a Mass card.,"[5, 25]",27
Really? Wow I was sure they were huh. Even still I feel like he needs berserker light damage for that sword,"[22, 26]",27
"Yes! I used to do this all the time actually, especially go to the mall alone. It was actually really nice.","[0, 4]",10
I’m sorry. Happy Birthday! I care ❤️,"[5, 17]",13
"Flat out getting our ass kicked. Gotta give it to Memphis, they have just shut us down","[2, 9, 12]",27
This is so bad and I really don't get that politicians or party's like ovld don't realise this. Why block actually defends this.,"[6, 7]",27
"Honestly, it would be even better if she handed the reigns to a brick. Then no deal definitely happens and everyone's happy ever after :D","[17, 27]",27
Idk about you but I will accept my easy win if a Tiandi or Shaolin spam their 400ms lights,"[4, 27]",14
Thats weak as fuck.,"[2, 3]",27
"I wish there was hope, but we are all bracing for hard brexit. My country is a laughing stock right now. ","[1, 8]",3
I just have a controller on my desk that I turn on when I fly. I've always hated mouse flying.,"[3, 10]",27
Cute and acts like a puppy but sexy at the same time. Totally exists btw,"[0, 4]",27
"Apparently young children have to figure out breathing through their mouth. I forget at what age that typically occurs, but yeah...","[4, 6]",27
I agree because the issues run much deeper. In your opinion what would be the best way to deal with it? Regulation?,"[4, 7]",27
He's been holding back for the last 2.5 years. Seems to find it easy for some reason...,"[22, 27]",27
Damn that must feel great!,"[0, 15]",27
Instant karma for an impatient jackass who doesn't deserve the right to drive.,"[2, 3]",27
Is that the one with [NAME]?,"[7, 27]",27
Omg congratz for you guys!!!!! That is amazing news :) good luck with twins.,"[0, 15, 20]",27
I can when enough time has passed. I've got each of their playoff games from that year and it's fun to relive it during the offseason.,"[1, 17]",27
He was credited in commentaries as the inspiration for Cletus. I always loved the way he just wants that dog.,"[18, 27]",27
"I'm afraid you're completely correct. Sad, but true.","[4, 14, 25]",11
Can you explain how she could block all three spots? I don’t think we understand.,"[6, 7]",27
Love everything about this city except it’s MLB team,"[0, 9]",0
Have vid to reaction ?,"[7, 27]",27
"Not much? Oh honey, it's everything! You two are beautiful! Congratulations!","[0, 15]",0
The characters and story are really enjoyable. The dungeons are awesome. Generally decent sidequests. Fun items. Cool art style and character designs,"[0, 13, 17]",27
"Out of interest, what’s a chibi? Is it basically a furry?","[6, 7]",27
I’m not sure why I just laughed so hard at this. It’s not but it’s funny!,"[1, 6]",27
it is dangerous to date men - read the news - women get killed by male partners and ex partners very frequently. Women are amazingly brave.,"[0, 14, 25]",18
Damn. So you went back to an old medication and found it no longer worked for you??? I didn't even know that was possible.,"[7, 26]",27
Lovely. You enjoy that train of thought lad.,"[4, 18]",27
Care to elaborate?,"[7, 27]",27
Don't let a few hard months get in the way of a possible beautiful future.,"[10, 20]",27
"I fucking love that you actually educated me a little about punk. Thanks for the suggestions, I'll definetly listen to them.","[15, 18]",27
Redditors can really come together in a time of dire need.,"[4, 20]",22
"Why is the dude a douche? He didn't actually do anything, lol his political views are not relevant as he himself actually did nothing wrong.","[1, 7]",27
Putting your finger and a loose cloth inside the 3 jaw chuck to polish the inside is insanely dangerous,"[14, 27]",27
They spam that stuff because its working. Make them stop it .. and punish them.,"[2, 10]",27
"If he does still pull through on the appointment, he might be someone to schedule more with... Sorry bout your eye... Hope feel better soon...","[5, 9]",27
"She was so excited, oof the comment hurt","[9, 13]",27
"Right, I never said it wasn't. There's been a lot of unjust laws. I was just curious if you actually agreed with that.","[4, 27]",27
Thanks man I appreciate that! I just feel like I'm in a tailspin of not being good enough and idk how to get out of it,"[0, 6, 15]",27
No the bubble is love. The bubble is life. With the bubble comes zero expectations and a sweet sixteen appearance. Such is life in South Canada.,"[18, 27]",27
"Except they fucking awarded it a prize first. It went through vetting, beat the other applicants, won, then was removed as not being correct?","[3, 6]",27
It's weird that actual socialists will say that politics has moved far to the right.,"[10, 11]",27
I love your Grandma! Good for you for not just giving in.,"[4, 18]",27
oh happy cake day,"[13, 17]",27
But where is the center of the Overton Window?,"[7, 27]",27
It's pretty clear if you understand basic math.,"[4, 27]",27
the excitement when they all first come in always makes me happy,"[13, 17]",27
Pretty sure he's by far and away the biggest asshat on this sub lmao,"[3, 27]",27
I've wanted this for so long.,"[4, 8]",27
"Oh, so I can go straight to hell when I die? No thanks.","[3, 7]",17
Damn i guess people shouldn't steal. Or smoke,"[3, 10]",27
"that is not a life PRO tip, that is a life ROOKIE tip","[10, 22]",27
"ok, so there are no checks client side, thanks for the information and all the best luck on the project!","[4, 15, 20]",27
"This is not a good relationship. It doesn't seem like she is ever good to you, only manipulative.","[3, 10]",27
You know it’s really bad when the lashes are bigger than the brows,"[12, 25]",27
"Well, its been hours and I was correct. The OPs comment was totally 100% incorrect. Have a great day, thanks for playing. LMAO!","[1, 10, 15]",27
Well said man. I hope you’re doing better now. Love the username btw.,"[18, 20]",27
Ego is a hell of a drug,"[3, 27]",17
"It’s Beirt for people, wouldn’t it be beirt garda?","[6, 7]",27
Thank you! I am surprised with the amount of feedback I am getting. I was not careful with my word choice.,"[15, 26]",27
"Some people are pretty dense. That comment was clearly sarcasm, sorry bout your downvotes 😔","[1, 22, 25]",27
he'll be hurt next year too,"[20, 25]",27
It's ridiculous that [NAME] has inspired way more people to join rather than leave but there are way more media articles by people who have left.,"[3, 27]",27
"Lucky you, our low is only gonna be 3°","[0, 27]",27
>I thought we were retiring the older guys. Because the geniuses on reddit said so?,"[6, 7]",22
Do you dislike the concept or the way they use prepositions? Does your first language lack the concept as well? :),"[7, 27]",27
"[NAME] is both pretty and strong, I think it's a great name!","[0, 4]",27
"Dude, let’s just offer them a choice between remaining and staying. Democracy, lmao.","[1, 4]",27
I'm hopeful but going in with tempered expectations. There have been some remasters in which I was really disappointed. BioShock comes to mind.,"[9, 20]",7
"That actually makes sense, thank you for answering my question. Did you try training your dog?","[7, 15]",27
You should come. You'd enjoy it.,"[4, 17]",5
Coinbase LOL people think place is the answer. I think it’s Cancer.,"[1, 6]",5
I'll be rather upset if he scores against us,"[3, 20]",27
this is why I love reddit,"[18, 22]",22
No. You are not.,"[10, 27]",2
Niemi is absolutely amazing tonight,"[13, 17]",27
"One of my best friends got caught up in Primerica, it was both sad and hilarious ","[1, 25]",27
I am sorry little one,"[24, 25]",27
To bad your mother didn’t swallow your dumbass,"[2, 3]",27
"If u see the show you would realize that swearengen it's motivating the journalist, everyone will run in to painful situations some give up, some fight back","[4, 22]",27
Wow what's it like to be so petty? (Fixed),"[7, 26]",27
When did you apply for this? The new AFI was published Oct of 2018. Have you already PCSed from Korea?,"[7, 27]",27
... but he LOVES you. Perfect.,"[4, 18]",20
How do you hire the former DA? That sounds super helpful...,"[0, 7]",25
I like them all as long as they are not fake.,"[3, 18]",27
You're the best kind of person. I hope that you find great family and friends in your mother's family.,"[0, 8, 20]",27
This is perfect!,"[0, 4]",27
"Haha thank you for all of this! I’m sorry you can relate to it all, you stay safe out there!","[5, 15]",0
I’m not a republican,"[10, 27]",22
And this is why I park my car in the woods when I wanna just chill. Thank you south jersey pines,"[15, 22]",27
I believe you copied and paste from somewhere or previous answer. We are definitely not talking about the same thing. Hope you get better man. Cheers.,"[17, 20]",3
> it's entirely likely that he isn't actually aware of what the current thinking on brexit is in British Labour. Who is?,"[6, 27]",27
I was born in ‘98 so I feel like your ‘98 loss is my ‘09 loss.,"[4, 9]",27
Did you do the frame check by yourself or someone else did it?,"[6, 7]",27
"Fox News devoted 42 seconds on [NAME], wow.","[0, 26]",14
This is peak level of marketing inception. When people promote your movie by admiring your promotion of the movie.,"[0, 27]",27
Did it taste good; I bet it tasted good.,"[0, 4]",27
"Oh god dammit I've been bamboozled, I fell for the b8","[3, 9]",27
"Sksksksk omg, I think I must’ve got confused then, yeh top for ep8 right? And that’s the makeover or the ball?","[6, 26]",27
We really need to sign a new CB now with [NAME] out injured. [NAME] isn't good enough yet.,"[3, 10]",27
"OOOOOFFF, now that'd be a kick to the head","[2, 27]",27
"Huh, never heard of that term before. Something new every day!","[22, 26]",27
I've had good luck reselling on StubHub. They take a cut but it is secure and easy to do.,"[0, 20]",27
Hurt his ankle but he’s okay apparently,"[5, 27]",2
Savannahs? Like 30 lb dogs in a cat skin and they look amazing to boot.,"[4, 26]",27
"This is simply beautiful <3 thank you for sharing this, it touched my heart to hear such a wonderful success story <3","[0, 15]",27
This is horrifying,"[14, 26]",27
OMG kids are dying from polio??,"[25, 26]",27
"Thanks? Lol. Pairing [NAME] or [NAME] with [NAME], defensively, though? Yikes, to say the least.","[1, 15]",27
"Even though I'm not the poster thanks for this, I had no idea it was a thing. I'm going to check it out.","[6, 15]",20
I wouldn’t recommend expensive brands in this subreddit. People get irrationally angry and condescending.,"[2, 10]",27
How is it the worst though? Me and my friends all use it and love it (since 2016),"[7, 18]",27
"Low effort bait, not even creative or funny.","[3, 10]",13
Until he goes back to school on Tuesday and all his friends are SO RELIEVED that he’s back safely.,"[23, 27]",25
Now I don’t blame [NAME] for his way of thinking😂 people like this wtf,"[3, 27]",27
I can't imagine how scary that was for you. What is wrong with people?,"[3, 14]",27
"Thanks. Though tbh I think some 3D characters, [NAME] etc could fit in. Though they might be some unlockable characters hidden maybe. ","[6, 15]",27
I loved how [NAME] feels like everyone in the office is her family. Her relationship with [NAME] is so cute and innocent,"[0, 18]",27
Good luck trying to get out of the membership. They won’t make it easy.,"[10, 20]",27
"Perfect, thank you!! [NAME] this week and [NAME] next week, I’m getting closer and closer to having them all!! :)","[4, 15]",1
Sounds like you're in a good place. I'm happy for you. For me... Right now I don't care how my STBXH is doing. Hahaha.,"[0, 1]",0
Oh lol. Thanks for the clarification. I just thought that’s the texture of the tongue.,"[1, 15]",27
Thank you I very much appreciate it.,"[0, 15]",27
Oh good one. It’s insane to think the last three mvps were once on one team,"[0, 26]",27
"Go lie somewhere else. Go to Faux News or something. They,ll believe you.","[2, 27]",27
Of course you can. Wear a racist T-shirt for a day and see what happens.,"[4, 20]",27
Such a cool pic! Really wish the moon was in the dead middle though 🙃🙃,"[0, 8, 20]",27
"hope he keeps his shit together, he can become great","[8, 20]",0
The American way is to show some empathy for others come on dude,"[4, 27]",27
I used to feel like this. That’s a mental illness man,"[19, 27]",27
That would be greatly appreciated.,"[0, 15]",27
As a college student that played football I'm with you lol. My team smashed mcdonalds all the time and it was great,"[1, 13, 17]",27
I love Fate too. I hope you have a great life and that everything goes the way you want it to.,"[18, 20]",0
"Or, or.....hear me out on this....have a cup of tea (UK) and then just move the problem to a different location.","[5, 27]",27
"Lol, thank you!","[1, 15]",5
Don't forget the fort camper.,"[5, 27]",27
Thank you! I suddenly see the benefits of Fahrenheit.,"[15, 22]",27
"i.e. the 13th, 14th, 15th of the [RELIGION] month","[22, 27]",27
I hate when I get extremely bored doing something that was once all consuming.,"[2, 3]",27
Are you invited to get birthday tho?,"[7, 27]",27
Totes! I love walking round and round and round in circles all afternoon and still not finding the store I need.,"[9, 18]",27
Well at least we won't have to spend as much time watching this.,"[22, 23]",11
"Wow! Thanks! We’re working on it! Glad you liked it (this is [NAME], the [NAME] one)... appreciate your support!","[15, 17]",11
At least [NAME] gave us entertainment,"[0, 4]",27
It’s awful. I couldn’t even see the ending at all.,"[11, 25]",27
"Oh so you're not even a believer..Yeah, there is nothing for us to discuss. Thanks though.","[3, 15]",27
"Lol I don’t disagree, but the perimeter defense let them walk into the paint. You can blame [NAME] too.","[1, 10]",27
Ignorance is the worst thing that can happen to someone,"[11, 22]",27
Thank you for correcting me on these! I have taken them down. I will do more research in the future.,"[15, 20]",27
"So, so many hugs and high fives! You are an awesome momma. ","[0, 17]",27
That would be terrible. I liked the way private Practice ended (more or less) so hopefully [NAME] doesn’t go for something cliche.,"[18, 20]",27
He knows he's not playing as well as he should be. By that logic [NAME] wants out so he should go too.,"[9, 27]",27
Lol nah i’m not playing your game dude. Have a good night,"[1, 5]",27
Glad you had fun! Your gf sounds like a keeper!,"[5, 15, 17]",27
It's hard to be good to yourself.,"[9, 22]",27
Seriously! Like can any foreign power just come in and appoint a president?,"[7, 26, 27]",27
"No, you're supposed to get angry and yell that you're right when someone corrects you","[2, 10]",26
"Good on you dude. I'm west coast, but I'd love if anyone ever finds themselves in Seattle, I extend this offer.","[0, 4]",14
Wow that has to be the best advice I’ve ever gotten. Thank you,"[0, 15]",27
Wauw! Those weapons are awesome!!,"[13, 26]",27
This is a restaurant in a hotel so it had a strange vibe.,"[22, 26]",27
This is actually a beautiful picture lol,"[0, 1]",27
sorry. emotional writing bot! you dont know what its like to have an amygdala! lol,"[1, 24]",27
Fantastic news for supply - hopefully it translates to less pressure on rents. This market desperately needs more supply and this is great news.,"[0, 20]",27
See as sad as I am I can’t hate anyone here.,"[2, 25]",27
Article is good. Not sure how it relates to “carve outs” for law enforcement.,"[4, 6]",27
HOW DARE YOU!!,"[2, 27]",27
"This is not a why were they filming. The person filming clearly saw it from further away, and then got closer after turning on the camera.","[4, 27]",27
"As a vegan, I can't tell you how happy I am to find any restaurant with vegan options! That man should be showering you with gratitude.","[13, 17]",27
"Shit, I wish I had your skin and those blackheads. I’m 38 and still get acne and have scars!","[8, 9]",27
Nobody has the money to. What a joke,"[17, 27]",27
"Sorry if I was insulting, I just took your post as some commie type smugly trolling how stupid [NAME] is ","[9, 24]",27
He goes after my Wisconsin teams all the time... so I live that one haha. Pisses me off but still love em,"[1, 18]",0
"Intrusive thoughts happen in anxiety disorders, although I'm not sure if that's what you're describing here","[6, 19]",27
"Sorry, didn’t realize I was talking to a fan of the prestigious UCLA Bruins football program.","[22, 25]",27
"Yeah, I actually like the combination of the two styles of names thought. Love the LAFC and the LA Galaxy...lol","[1, 4]",27
Drive thru is the worst. The number of times people would sneeze in my face at the window was infuriating.,"[2, 11]",27
"Yeah, ive had a lot of time to myself to find the words to describe the pain. So youre welcome. ","[3, 15]",27
Good news. Makes me feel BCH is way underpriced and has a huge upside.,"[13, 17]",27
"Considering the fact that I don't consider jealousy or envy useful, you are dead wrong. It might be other people but not me.","[3, 10]",27
The most my dad did to help with the housework in 35+ years of their marriage was to lift his legs while mum vacuums around the couch,"[2, 22]",27
"This 2D-meets-3D feel has been in all Paper Mario games, they all have an interesting take on it.","[0, 27]",2
This should be the norm instead of the exception. Sadly the leaders in law enforcement are almost always more into politics than principles.,"[10, 25]",27
I don't believe you,"[3, 10]",27
Let's say he quits or is fired (we already know neither will happen). Who the [NAME] would we pick to replace him?,"[6, 7]",11
"[NAME] is in Valkyrie, we're SAAAFFffffeeeee........","[13, 23]",11
That is absolutely brilliant. Thank you so much for your help and support.,"[0, 15]",27
I am legitimately confused as to why don't they do what Warhammer does with its video game licenses.,"[6, 7]",27
"As a matter of fact I do plan to go to germany, and I am already at B2 level in german","[21, 27]",9
Id buy those shoes and walk in the dirtiest places just to piss [NAME] off.,"[2, 3, 27]",8
"If being bisexual means I'm in a cult, I'm kind of pissed because I haven't received my cult robes yet.","[3, 11]",27
I joined a club and that's how I made friends. Try joining a club.,"[4, 17]",0
So happy for you I am crying too.,"[17, 25]",27
"I really want [NAME] out of these two, but I’m curious who he would tap as OC.","[7, 8]",27
"That's right, always be extra careful around the corner.","[4, 5]",27
People are idiots! No one should shame [NAME] for doing her job as a mom! Shame [NAME] instead for putting her kids' life in danger!,"[2, 12]",27
And I barely said anything 😂😂,"[3, 10]",27
I feel so sorry for [NAME]..,"[5, 24, 25]",27
"I thought this was about [NAME] from Melbourne bc of the flair, until I started reading it. ","[22, 27]",27
yes and I'm glad that this nonsense stops with me,"[17, 23]",27
"I have no idea what ""[NAME]"" is. These billion and one denominations are getting kind of ridiculous.","[3, 6]",20
And here we see the incel in his natural habitat: an imaginary dream world catered to his vision.,"[4, 27]",11
Are you serious? Open up a fucking history book,"[2, 3]",27
Aww! congratulations!,"[0, 13]",27
I'm doing a lot better. It means a lot that you checked in on me. Thank you!,"[4, 15]",27
I hate to say it but....... I quite like this as a format - the burger and fries look shocking though.,"[2, 26]",27
Yea I'm poor :(,"[25, 27]",27
"Hey now, don’t try to have the guy killed. This is an upstanding sub. ","[3, 10]",27
Well you needn't worry about it I won't be coming back to that floating turd you call a country,"[3, 10]",27
Why is this being downvoted lol?,"[1, 7]",27
Such a great moment. I love sports because you can always remember where exactly you were when great moments like this happened.,"[0, 17]",27
Kinda sad if that's what you got out of the ad lol,"[1, 9]",27
"You’re right, this is absolutely terrible","[4, 11]",14
I’m broke as shit and already do that.,"[9, 25]",27
Yeah... but did you know he was undrafted out of Minnesota State?,"[4, 7]",27
That cat's jump when the coyote takes his eyes off him.. Ouch!,"[11, 27]",27
Thanks I hate it.,"[3, 15]",27
If this guys name is [NAME] I know him. 😖,"[4, 20]",27
So basically Syracuse needs two starters out and a bunch of circus shots to compete lol. Is what it is I guess,"[1, 7]",27
That guy face was soul crushing,"[9, 27]",27
"in many cases both. but this has nothing to do with Japan. You can't stay on topic, can you?","[6, 7]",27
That's what I would recommend too. Go for righteous deflection and second wind as your t2 and t3 for additional anti-gank potential,"[4, 27]",27
I still want BO4 multiplayer prestige 0 Level 55 icon PepeHands,"[8, 27]",27
This one tilted concrete square in my neighborhood that I keep fucking tripping over.,"[2, 3]",27
"Congratulations, the most poorly written video game story in history made you think twice. You must be a genius. ","[0, 15]",27
That's so amazing! I am happy for you both!,"[0, 15, 17]",27
I like the Canucks. And I hate the leafs and rags sooo I’m on board.,"[10, 18]",1
"What's the name of it? I googled Anker and there are several, but I want an included SD lol","[1, 6, 7]",27
Sure hope #4 includes subsidized housing. I'm terrified.,"[14, 20]",27
I assure you I probably didn’t.,"[10, 20]",27
It's to save you the hassle of scooping the brains from the ground,"[5, 27]",27
At least the crack makes it look cool eh. Happy new year :),"[0, 4, 13]",27
How is this any different from women who claim that all men are awful people? I'm sure you dislike it when women do that.,"[9, 11]",27
I love it lol!,"[1, 18]",27
"Carelessness will find no clemency in this place! (I was late, it seems that others have already got the best lines...)","[3, 27]",27
"Wow, if I hadn't seen my mom's cat recently I'd think this was him! I hope you find the owners","[8, 20]",27
I was living for him. Now he left me. I'm not gonna live anymore.,"[9, 25]",27
"I don't know why, but the thought of that hat on smoke makes me smile...","[6, 17]",27
"Thankfully I had supportive and patient friends, lol.","[1, 15]",27
"No, no the PTA has not disbanded!","[10, 27]",27
I love the way you phrased that. I do believe she is terribly afraid to look inward at herself.,"[14, 18]",27
So. Damn. Greasy.,"[3, 11]",27
It makes me mad when people steal them lol... chances are if you're nice I'll just *give* it to you,"[1, 3]",10
That's a shame.. speaking of that though. Where are some good places to hear blues in the city?,"[7, 12]",27
Damn it!,"[3, 9]",27
"I guess not, thanks for clearing it up mate","[10, 15]",27
"It looks like those ""true facts"" memes are coming back, too. SHUT IT DOWN, OTTO.","[2, 4]",27
I literally didn’t know that it was a interlocked I and U. Holy cow that’s crazy.,"[22, 26]",27
This is amazing. This is how Christmas should be.,"[0, 4, 13]",17
"Oh joy, now my life is complete 🙄 Anything that ends in an -asm should be avoided like the plague. ","[4, 22]",27
[NAME] sure are afraid of brown women.,"[14, 27]",27
"I don't get your point. I love the grind as well, that's why I tried to get dark matter and prestige master. ","[6, 18]",27
They’re not hated for their ethnicity. They’re hated for their actions&behavior.,"[22, 27]",1
Treat your wife like gold. Feed her well. Rub her feet. Repeat.,"[5, 18]",27
LWX YOU SEXY BEAST,"[0, 18]",27
"They played a lot worse on Saturday. Saturday was really, really bad for me.","[9, 25]",27
yuck no I'm waiting until marriage obvs,"[10, 11]",27
"I can’t work, wish I could. Worked hard my whole life and lost literally everything a few years ago. 20 years down the drain.","[8, 25]",0
lmao... okay buddy,"[1, 27]",27
Enjoy wes virginnie,"[17, 27]",27
"I couldn’t believe that. I’ve been mad but never enough to throw my PHONE! GIRL, what is you DOIN’?","[2, 26]",27
I’ll keep that in mind lol thanks a lot!,"[1, 15]",27
Welcome to the Wild West. It's fucking amazing.,"[0, 15]",27
"Oh, the Custom is a great guitar. But it doesn't have same snarl of the Epi.","[0, 9]",27
"what a lovely gift, you are blessed my friend, she picked you!!!! use it in good health","[0, 18]",5
Why does everyone keep assuming that we’ll suddenly sign big name FA’s? This is a terrible idea.,"[7, 14]",20
"I'm already tall, I just need to stop being a lanky scarecrow... at least I got good hips","[20, 21]",27
I don't have children yet so I will just have a long conversation with my balls tonight,"[9, 25]",27
"Thank [NAME] , surprising he doesn't want the mets deal","[15, 26]",27
I did not post this. I really do find it funny tho,"[1, 10]",27
Hahaha okay that actually made me laugh. Thanks man,"[1, 15]",27
That sounds frustrating!,"[2, 3]",27
Right back at ya! Also love the username!,"[0, 18]",27
only suckers believe this don't be a sucker,"[2, 3]",27
"Thanks to the finicky nature of the reddit app, i accidentially gilded this post. Congrats :p","[0, 15]",22
Thank you! And may [NAME] shine His love upon you!,"[15, 20]",27
Cant wait til [NAME] passes him. [NAME] is an ungrateful mofo. Anyone that praises their own work ethic and hard work needs slapped silly.,"[3, 10]",26
Did you buy a new saddle as well. Also need to go to settings and set as default or make it active.,"[5, 7]",27
Your company sucks.,"[11, 27]",27
"Wow, you really missed the point, didn't you?","[7, 26]",27
I like they think that it’s bad that we are thinking about the fucking POTUS. It’s almost like his actions effect us all,"[3, 9]",3
"This is objectively wrong, what the actual fuck lol.","[3, 9, 10]",27
I'd love it if we could just put everyone into work camps as soon as they turn 12. Property come would be a thing of the past!,"[18, 20]",27
"Well at least you are honest.However unless you are an imperialist i too see no reason whatsoever to occupy Afrin,not much to gain only problems.","[0, 9]",27
"Omg lmao. Coming from [NAME] too is super embarrassing. I can't really say I feel bad for [NAME] though, he did it to himself. ","[3, 9]",27
True but I think that's what the other poster was thinking at least,"[4, 27]",11
"No,no, you are right we should murder everyone we hate other wise hateful people win. ","[2, 10]",11
"Thank you, and I am. I'm definitely fine with regretful parent, I'd flair myself that if I had an actual computer at hand.","[15, 20, 24]",27
*my fat normie slut*,"[3, 27]",27
[NAME] is 19 karma away from beating cancer. Please upvote to save this young man's life!!,"[5, 20]",27
Btw how do you use conditioner is it something before or after the soap,"[6, 7]",27
"Utah roads are definitely some of the best out there. Anywhere else I have lived has had either similar or worse, or waaaay waaaay worse","[0, 4, 11, 22]",4
"Ok, I have to see this thing now.","[7, 27]",27
"I am on month 9 post discard. The anxiety has lifted tremendously, and the depression is still looming but not as bad. ","[19, 25]",11
Very good to know! Thanks!,"[0, 15]",27
lol dont try and fucking blame [NAME] for not passing it to a guy who has been bricking all night.,"[1, 2]",27
"I run both, use my bl, next chase, dh. Even with exhausted, bl has that stagger reduction, so you can kite killers","[4, 27]",27
"It’s a fucking rockstar videogame, not an old west farm and hunting simulator you pleb.","[0, 3]",27
This is actually really sweet... 46 g of sugar per tattoo sweet,"[0, 4]",27
It’s fake,"[4, 27]",27
Reading this made me pretty damn happy. Congrats hope it works out for you two.,"[13, 15, 17, 20]",27
That makes sense with NBC owning coverage of the Olympics.,"[4, 27]",27
Rare? HAHAHAHAHAHA,"[1, 7]",27
how'd you know? they're soooo good,"[0, 7]",27
Congrats to your wife and you! Hope everything goes well!,"[15, 20]",0
*I curse you to an eternity of walking barefoot on a world of Lego!*,"[2, 3]",11
Stop attacking me,"[10, 25]",27
"Oh, it’s actually its own thing. I heard goo and just assumed the worst.","[9, 12, 22]",27
I hate to break it to you but [NAME] ARENT signing here,"[9, 10]",27
"I wish they would have focused on them in the first movie, and slowly handed the torch off to the next gen by the 3rd.","[8, 20]",27
Was it? I thought it was someone from last season. Maybe I am just remembering wrong. I’ll have to watch her again!,"[6, 27]",27
"Like women don’t have enough things to be judged on, now everyone is talking about our eyebrows..this is the most ridiculous trend to me. ","[2, 3]",1
Maybe she realized that what she did was extremely stupid so she was trying to hide her face so that her shame would somehow disappear.,"[12, 22]",27
"Yes, I will GI A+B6 LH more often, it's really good. Thank you for the tip!","[0, 15]",27
It's pretty banging too.,"[0, 3]",27
It defiantly shapes up the picture.,"[4, 10]",27
"he's a fantastic director, i've actually never heard of memories of murder! definitely will add that to my to-watch list :)","[0, 20]",27
"Yeah, the gauntlet ruins everything","[4, 9]",4
"I wish there was a bridge there, because then that would have been worth it. This river is the biggest pain in my zone!","[8, 25]",27
And you can't really see the bottom part so that's probably small too. Really grosses me out,"[3, 9]",27
I slept so great last night uwu More wins vs them please!,"[4, 17]",27
"I think [NAME] is starting to get too much blame, everybody on the roster sucks with the exception of [NAME] ","[3, 9]",27
"“Oh hey, I think a second ago [NAME] just put a move on [NAME]! Oh boy I wonder how that was.”","[7, 13]",27
What changed for [NAME]? Last season he had a spurt of being meta and dominant and [NAME] was a bit of a terror,"[6, 14]",27
No one loves you. Cry more.,"[2, 25]",20
"Lol now that I see it put in this way, it's even more sad. Thanks :(","[1, 15, 25]",27
Good. I'm glad that you are getting help.,"[0, 17]",27
Interesting I wasn't aware of this. Maybe proving the undue hardship is difficult but technically allowed? I wonder what counts.,"[7, 26]",27
What did you use to kill them all? Sorry I’m kinda a noob,"[7, 24]",27
Good to hear - I am glad you at least have that choice.,"[15, 17]",27
"I have a solid plan in place, definitely not an impulse decision. Just curious about other people’s experiences. ","[4, 7]",27
Sad if step kids are nice children I am sorry they are in this dynamic,"[24, 25]",10
Over 9000 IQ Tracer. Cheers love.,"[17, 18]",27
Japanese Raws? This manga is ongoing and next chapter is 217 as far as i'm concerned,"[5, 27]",17
Happy cake day man!!!,"[13, 17]",27
Maybe? Must’ve been one intense game of [NAME]. ‍♀️,"[7, 22]",27
Happy cake day and happy birthday! I'm sorry your friend bailed on you.,"[17, 24]",27
Holy shit I was so anxious reading this. I’m so sorry,"[24, 25]",19
"Suddenly, the **average** block confirmation became an unchangeable API paramter? Wow. Just wow.","[0, 26]",27
"Im all for putting rapists in jail, and honestly i dont like [NAME] politically but they tried so hard to taint an innocent man in jail and thats sad","[9, 10]",27
I knoooow like why do people exist just to make things worse I’m so tired of all these alts/ weird question askers,"[3, 11]",27
Tried to ride the Overwatch train and crashed miserably.,"[9, 25]",27
"No i know, was pointing it out for humor, not for any sort of accusation","[1, 10]",11
Sorry English is not my native language. I love weed but I worry about my lungs too. What do you mean?,"[6, 18, 24]",27
true... good luck! You're doing the right thing.,"[4, 20]",0
Well that was strangely majestic.,"[0, 26]",7
Love the place but be ready to wait. They really do take the time to make sure you look good and fresh.,"[0, 18]",27
Studid fuckin idiot,"[2, 3]",27
Having fewer friends means having deeper friendships in many cases. I can tell when someone isn't my real friend.,"[4, 22]",1
What a sheltered life you have lived.,"[0, 4]",27
Well one would believe they have learned their lesson regarding nuclear,"[4, 22]",7
I think this is my favourite story of the year so far.,"[17, 18]",27
"This is why bars should have poly nights. It would be nice to be in a room of like minded people, maybe they will talk to me.","[8, 20]",10
"I'm curious as to how HIMYM affected you, if you would like to explain. I've watched it so many times. ","[7, 22]",27
Yeah I've noticed that. I probably give off Aspie traits to NTs but Aspie like traits bug me,"[3, 10]",23
Go see a therapist! Your hospital has them. Post traumatic events sometimes need therapy and that’s ok!,"[4, 27]",27
Agreed I also love the snot physics towards the end of the game.,"[4, 18]",27
"Religion is the biases for more hate; wars; discrimination; bigotry and poverty than any other entity in the world, with the exception of central banking.","[3, 9, 10]",27
This. Fans complain that she's boring but I'm actually glad she's careful about what she allows to be filmed.,"[4, 5]",27
"[NAME] has been really blunt about things lately, I love it.","[0, 18]",27
So you're not a incel LMFAO. Go bang more women bro better then that get some friends bro. I'm not Livestreaming with you.,"[4, 5]",27
This makes me so sad :’( Well done OP!,"[0, 15]",27
My error has already been highlighted thanks.,"[15, 22]",27
Can’t believe people still fall victims to those machines.,"[9, 26]",27
Do not destroy your life bc of feelings for an underaged person. think back to when you were 14,"[5, 22]",27
[NAME] face looks so cute here. What happened. Too many fillers ?,"[0, 6]",27
"Lol- nah, she is pretty cool as far as that goes. She loves hosting people. 95% of her wardrobe is [NAME] though :(","[0, 1]",27
"Thanks buddy, looks pretty cool.","[0, 15]",27
"So you are in Finland or Israel? Edit: that is kind of funny, I said that, THEN clicked on your profile, and sure enough ","[1, 7]",27
This is child abuse. No decent parent would force their kid to starve just because they don't understand science and nutrition,"[2, 10, 11]",25
Can’t believe no one said [NAME] when she slept with [NAME]!!! I love [NAME] and I felt personally betrayed. Wish they never reunited.,"[8, 18]",27
I am so sorry for your loss. I lost my Brother a few years back. My thoughts and heart is with you.,"[24, 25]",27
I sub white mocha for the classic. Delicious.,"[0, 27]",27
I love the snail's smile. It makes me happy :),"[17, 18]",27
"I knew nothing about the cult, and it is one of my 2 or 3 favorite Netflix originals. ","[0, 4]",27
"> ""I have full confidence in [NAME]..."" *Now* you are being diplomatic.","[4, 20]",5
Our [NAME] is going off bro. [NAME] is gonna out-Jack you off.,"[25, 27]",27
"This is honestly hilarious and will remain hilarious.... dare I say, forever!? Well done [NAME].","[0, 1]",7
"Oh shit, that makes a lot of sense, thanks for dumbing it down!","[11, 15]",27
"""Oh no, my blue heroes died, it's probably very bad, time to concede"".","[9, 16]",27
"Spriefs ( spandex/athletic boxer briefs). Feels like nothing, keeps your junk in place, breathable and is super cool looking.","[0, 4]",27
"Then they're the worst fascists of all time, because their critics have been extremely loud and public, while not being murdered.","[2, 11]",27
"I workout to ""the grid"" a lot. It's a 20 minute piece that continually builds. Its wonderful.","[0, 13]",27
"[NAME], the ""launch more satellites or threaten to sue [NAME]"" one made me lose it.","[9, 27]",27
"LOL, had me confused for a second. Didn't realize you had responded to another comment of mine as well. ","[1, 22]",27
Using Vtrigger and Vskill buttons!? Oh My.,"[26, 27]",27
It goes a long way to explaining American mental health issues. Have you ever bothered to read anything?,"[3, 7]",27
Are we seeking attention? Waaaaaaaaaaaaah!,"[1, 13, 26]",11
"Let's see, collectivized commons leave less grass on the ground and wreck the economy. Nope. The tragedy of the commons still holds true. Try again.","[20, 25]",27
Can a lad please send me one of whatever the fuck this is plz.,"[2, 3]",27
Really? Everything seems pretty in order to me,"[0, 7]",0
thats right i do remember you!,"[4, 22]",27
"Don't be, this is funny. I love it when [NAME] shows his emotions.","[1, 17, 18]",27
"Come to Melbourne [NAME], my wife cooks a rest roast we would love you over for dinner","[17, 18]",27
"Great, now my balls hurt and I’m yawning uncontrollably. ","[0, 9, 25]",27
Also i think that person is really shitty and I’m sorry you experienced that. People are animals sometimes.,"[2, 24]",2
*Hey just noticed..* it's your **8th Cakeday** The_Fuzz_damn_you! ^(hug),"[17, 27]",27
"I guess I can see how someone thousands of miles away would say that, but its far from the truth.","[20, 22]",27
Sad for the people who contracted measles. Angry at the parents who didn't vaccinate their kids against measles.,"[2, 25]",9
This is my hat now... this is totally my hat...,"[13, 27]",27
OMG this Extreme Love commercial. Yikes.,"[18, 26]",27
"She's stricter in the source material, I believe. Disney, as usual, watered her down. (No offense to the wonderful [NAME].)","[0, 4]",27
"Okay, you accidentally injured someone. Good luck in court buddy","[4, 20]",27
"Thank you, I had no idea if it was normal or not lol. I felt like I was the only one until just now. I appreciate it ","[0, 15]",20
This was a year where late breakers broke towards [NAME]. Whereas late breakers broke towards [NAME] in 2016. That explains how she did so well.,"[0, 27]",27
I miss wally he was so likeable,"[18, 25]",27
Not delusional at all imo,"[3, 10]",27
The only objectives elements I read is : industrial farming/industrially farmed. The rest is only self-godism.,"[4, 27]",27
pro tip they go in the hole better if you chop em up first,"[4, 27]",27
"I have many a screenshot of blatantly false posts that my older, conservative, religious relatives share on Facebook ","[22, 27]",27
"You’re heartless if you’re calling people who smoke marijuana “druggies” and I’m done arguing with you, have a nice day.","[2, 3]",10
Ohhh. [NAME] is my absolute favorite person ever. She just gets better as the season goes on. Enjoy!,"[0, 17]",27
Wonder which one belongs to [NAME] and what would be his final carbon footprint tally for this trip alone.,"[7, 26]",26
It's not that bad. Not even the employees were cringe worthy. I'm glad that they were all enthused about having fun with the seniors.,"[10, 13, 17]",1
I agree. But shooting him left me feeling bad too.,"[24, 25]",27
"We need an update, man. What's this ""Outside"" like???","[7, 27]",11
"I love that show, that theme song is my ringtone, I never thought I'd see that anywhere else haha","[0, 26]",0
Thank goodness she came clean! no one would have ever suspected otherwise!,"[20, 23]",27
"Im always worrying about the same thing, thats why Im always posting and within hours freaking out and deleting my posts ","[2, 14, 19]",27
Her absence is probably the greatest present she can give you. Enjoy it while you can.,"[0, 17]",27
jeeez i've never seen a scorpion so bad it actually flipped the person up right,"[14, 19]",27
"These are lovely, I have one.","[4, 18]",27
"I'm proud, Reddit. This is a big deal to a fan. I'm genuinely happy for him. ","[17, 21]",22
People who eat themselves to death are mentally ill in my opinion. Homicide is a deliberate and unlawful killing of a person by another person.,"[4, 11]",27
"Or a ""what if"" episode where [NAME] and [NAME] didn't die!","[6, 7]",27
It's scenes like this that make me remember how truly special this show is.,"[0, 22]",27
that's fair. problem was that some of these responses make a fairly incorrect generalization.,"[4, 22]",10
I'm sorry I like to actually spell things out,"[4, 24]",27
...Great. Hope your insurance doesn't fuck you.,"[0, 20]",3
YES. Thanks man. Now I can feel less weird about my 20-year long passive aggressive rivalry with my sister. That means a lot.,"[4, 15]",27
Nice Map. I love the fact line 6 is pinkish red rather than silver,"[0, 18]",22
Do you think CPS would help your niece get help?,"[7, 27]",27
69 levels in one week?,"[7, 27]",27
"No I don’t, why can’t you bring your hand to do it?","[10, 27]",27
"Maybe because those are real, tangible things and not lines of code","[4, 6]",27
Hm okay. I’ll tell the technician that’s what I believe it is and do some googling now. Thanks for the quick response!,"[15, 20]",27
"This is why the option isn't ""be accurate"" but ""be as accurate as you can""","[10, 22]",27
"Prosciutto pizza is nice, but how can you fuck it up so badly that it ends up here?","[0, 3]",10
agreed. excited to see how this team looks on opening day.,"[4, 13]",27
"Love their king onion soup! Such a gem, also they have good local wine there","[0, 18]",8
i’m so glad you’re doing good now! have a great new year and keep pushing on my guy!,"[4, 17]",27
"Therapy NOW! Who hurt you? First of all, i'm very sorry that happened to you but you are loved...","[18, 24]",5
/uj this looks fucking delicious,"[0, 13]",27
"Her reply is immoral and disgusting but it is also brilliant. She's not trying to convince intelligent people, she's trying to motivate angry jealous people.","[0, 4, 11]",27
The worst!! I don’t get cramps so much but my back will kill me,"[2, 14]",27
"I follow that account in tumblr, it’s satire. It’s basically what an incel criclejerk of one person would be.","[3, 4, 22]",3
"Seriously, [NAME], if you happen to see this, I love not just your work, but who you are. Thanks for being awesome. ❤️","[15, 18]",27
Someone did this when the roommate was breaking into her room and trying to leave dirty cat litter in it,"[11, 27]",27
Thanks for sharing this with me btw. I shared the video with [NAME] and it was a hit,"[15, 17]",27
[NAME] damn it [NAME].,"[2, 3]",27
Did you just say suck a fuck?,"[2, 6]",27
I am very happy with the changes. And also very pleasantly surprised the dairy industry didn't manage to make them include more dairy.,"[17, 26]",27
>[NAME] pulls publicity drama stunt with mild success. FTFY,"[3, 10]",3
But you’re so so loved! Please find some to talk to! I hope you can overcome this sad part of life.,"[18, 20]",5
"Best time to stop lurking, you know why? So I can see your handsome face ","[0, 4]",27
I ain’t your pal buddy.,"[3, 10]",27
Worst episode of the entire show,"[2, 9]",27
Totally understand and love this.,"[0, 18]",27
I for one am with you on this train. I loved [NAME] man but this sub is losing its damn mind lol,"[1, 18]",27
Hahaha. I see what you did there!,"[1, 17]",0
This sounds like disgusting wasp propaganda. You're being paid by Big Wasp aren't you? Confess!,"[7, 11]",27
oh is that it,"[22, 26]",27
Of course it was a huge hit for him. I hate people,"[2, 3]",27
My only issue is he keeps blowing draft picks on QB’s that are terrible.,"[14, 27]",27
How many times has this ‘football fan’ committed these crimes now. Someone should lock him up.,"[2, 3]",27
"Same here. I drink a pint of water? No bathroom needs for at least two hours. Pint of beer? Half an hour, tops.","[4, 7]",27
"My best friend waited 5+ years for her boyfriend in prison to come out. Two days before coming out, he dumped her.","[9, 25]",27
"That they will always love me despite how erratic I am and that they will always care about me, even if I haven't seen them in years.","[5, 18]",27
That’s an amazing photo. Thanks for sharing!,"[0, 15]",13
That's a cute spider.,"[0, 18]",27
shit. Sorry man :( They have great deals from now and then though via stacksocial. Check them from time to time.,"[0, 24]",27
"Because it's scary, and therefore thrilling to face your fear. Also the shrimp are easier to catch at night.","[4, 27]",14
"Thank you for your thoughtful, insight-filled post, which makes so many valid points.","[4, 15]",6
"#""""Haha so relatable omg so me""""","[1, 17]",0
I’m so happy for you! Keep doing the damn thing! :):),"[0, 17]",27
He is like a bad cartoon that’s hard to turn off.,"[3, 9]",27
Im very interested. Contact me if you are going to set one up and want/need help.,"[7, 13]",27
Because we feed the shitty ones so there is no incentive to put in effort,"[3, 9]",11
Good luck! It's a long road ahead for us :P i have a job interview next week and i'm going all in for it.,"[13, 20]",14
[NAME] I hope this permanent.,"[8, 20]",27
"Hi Disappointed, I’m Dad!","[9, 27]",14
you guys are mean lol. teacher said talk to a forum if there's no existing church. thanks anyways,"[1, 15]",27
That's not what he meant. He means the use of a lot of different hashtags.,"[10, 22]",27
Yes!!!!,"[4, 27]",27
"That's what I said! I'm like ""I wonder how he kept that much of the profits?!""","[4, 7]",27
I may have undersold the amount of trucks. 😂,"[1, 20]",27
Could this be an indication as to how the majority of the country wants the law?,"[6, 7]",27
"Me too, I've heard before that I'm too blunt and I feel bad about it at times","[4, 25]",27
"great another filler episode, not like we have had enough of them","[0, 15]",3
"This exchange made my day. From a female doc, thanks for getting it. ","[15, 17]",27
That is awful. :(,"[0, 11]",27
That convention center sized groan right after the reveal.... No one wanted this. I have no idea what they were thinking.,"[6, 9]",27
Whataburger misses you,"[18, 27]",27
yup - he threw [NAME] under the bus with no guilt,"[2, 3]",27
Thank you!! I really enjoyed the first song and the song by The Avalanches. Both were very melodious and charming.,"[0, 15, 17]",27
Pretty cool that the same building is there just a different use.,"[0, 13]",27
I'm still testing the waters. Hazelnut mocha latte with almond milk is da bomb!,"[0, 27]",13
"Interesting article, terrible author. Plagued with grammatical errors.","[4, 9]",27
LMFAO! Thank you but I was inquiring about the OTHER one.,"[1, 15]",27
"I love this place. I have multiple things from them, and the employees are super great.","[0, 18]",27
"Awesome, thank you! :)","[0, 15]",27
All of Disney is cringey. It needs to be stopped,"[3, 10]",14
Drink up before it gets cold,"[5, 27]",27
You are not intereating. You are an annoying cunt who should have never been concieved.,"[3, 10]",27
it's an amazing feeling! I love being happy :)))),"[0, 18]",25
Now ask me if I care. It's irritating and stupid.,"[2, 3]",12
Whatever dude dong worry about it... it’ll get handled,"[5, 20]",27
I hope you have good people around to support one another.,"[5, 20]",3
"> Do you need me to link posts or something? Yep. Nice ban evasion account, by the way. ","[0, 7]",10
You are correct. I was mistaken. My apologies. I appreciate the correction.,"[0, 4, 24]",27
"Except [NAME], he somehow defies any common sense and sometimes he comments here.","[3, 10]",27
"Hahaha! Omg, that’s so funny. Thanks for taking one for the team. I heard it was bad but not that bad. ","[1, 15]",27
"Ohhh, thank you for enlightening me 😂😂","[4, 15]",22
wait. So most of south asia doesn't eat rice?,"[7, 26]",27
My girlfriend and I watch it all the time and love making love while it’s playing in the background!,"[13, 18]",27
Of those affiliated with TFSA? Not heard about that. I do recall there being a general amnesty to those involved in looting though...,"[7, 22]",27
Are you saying he put in the wrong oil?,"[6, 27]",27
Now maybe :),"[20, 27]",22
"I've been in China for years. I love it. Great job, apartment and love my city. I've never had a single problem ","[0, 4, 18]",27
Happy to hear this exciting news. Congratulations on your fun-filled morning.,"[0, 13]",27
Would it be great if they instead swap around old-rich-guys blood,"[8, 20]",27
"I either know you, or know someone who has done the exact same thing. Either way I hope that makes you feel better xD","[4, 20]",5
"Why would the landlord pay it if electric isnt included. Sorry to OP, need to cut the heat down","[10, 24]",27
[NAME] reaction is Like she really wanted to say “Thank God. Now I have a reason to leave”,"[15, 27]",27
“Got caught talking about meditation” Sounds terrible I am so sorry you had to go through that kind of thought policing.,"[14, 24]",27
"oh, it's free with prime now, added to watch list.","[17, 27]",27
Yep. I'm glad I never did. I'll gladly use their service for free when it suits me and give them nothing in return,"[4, 17]",27
Glad to hear this. Thank you.,"[15, 17]",27
That would be a hoot wouldn't it? Thank you!!,"[7, 15]",27
"Thanks, that's exactly what I needed to hear 💜","[4, 15]",27
"It was tough at first, but I'm slowly learning to love again.","[18, 22]",27
"This is so damn cute, I love it!","[0, 18]",27
Let's be honest here if [NAME] played last night the Canucks win. This defense is a major concern and needs a complete overhaul this offseason.,"[4, 27]",27
Hahah. I wish I could say that’ll get less painful with time but it won’t. Sorry my dude. F,"[1, 25]",27
Great Photo. Really showcases what most outsiders expect when they come to Nashville for a show!,"[0, 4]",27
Oh boy is this gonna be the new thing? Cause I like it.,"[0, 7, 13]",27
I am glad the media got everyone all riled up before this information came out.,"[13, 17]",27
Thats great :) just dont shy away and embrace that you will go down a unique journey.,"[0, 20]",27
Holy crap! I want to hear this story!,"[8, 13]",27
"Please keep your head up, things get better, stay strong. :)","[5, 20]",27
"Why is it ghetto, though? You could've used any other word to describe the house.","[7, 22]",27
"What am I missing here? It's a noun, so no past tense?","[6, 7]",27
"Yay, another second tier free agent over 30. Thank God we're making a market for these players. Go Mets!","[4, 15]",3
I didn't believe it until I saw a video with creepy music. CREEPY. MUSIC. That's when my eyes were opened.,"[12, 22]",27
"Don’t be clinically depressed, go outside! Be happy! 😊","[5, 10, 17]",25
Her face oddly looks way narrower in this picture.,"[12, 27]",27
should've rolled into battle with a sword brad. that would have fuckin' rocked,"[2, 27]",27
"You are not stupid, just overthinking, it will get lost in countless other posts and in the future it won't matter, good luck.","[15, 20]",27
"I like spicy, but I have made poppers with mini bell peppers and they came out great. Good to have options","[0, 17]",27
What will the UN bring anyway? Turkey will be victorious. I love my country.,"[7, 18]",27
One can only dream about having such a good team one day again. Now we have Sansores y Vilchis no mames haha.,"[1, 8]",1
"Awesome photo, love the bricks in the background and the color suits you chose. Very nice gents! ","[0, 4]",10
Almost all cars go through auctions at some point. It's nothing to worry about.,"[5, 27]",27
They might not be intending to use the main actors.,"[6, 27]",27
Here we go boys. Have a good game,"[13, 20]",11
"I apologise, I'm a bit hot headed at times, especially on this account.","[24, 25]",27
"Oh, I think I misread it somewhere. Good news then! Hope [NAME] will use him next season. L","[20, 22]",27
Wow such a story! This is great art. Can I find more stuff like this somewhere?,"[0, 7]",27
"That’s kind of what makes the “guest” response funny, how did it get there?","[1, 6, 7, 17]",27
I like that idea.,"[0, 4]",20
"CONGRATS! Happy for both your personal health journey and being in a healthy place for a relationship, sounds like beginning of an awesome new chapter! ","[0, 15, 17]",27
"Omg this is awesome. What a witch, I’m so glad they escorted her out. ","[0, 17]",27
Thank you.. Makes my heart happy that someone can appreciate this thread :),"[15, 17]",27
"Thanks for the great response. Btw I’m not British, I’m an [NAME].","[0, 15]",27
"I'm not trying to intimidate you, just saying that what you are doing is wrong and illegal, and you should stop doing it.","[5, 10]",27
The whole point of being an introvert is *going alone*,"[3, 27]",27
Ur right. It was a loose comparrison.. I hope i got my point across at least.,"[4, 20]",27
My wife is out for shabbos and I'm so lonely without her :(,"[9, 25]",27
"My knees, I had to quit running because they got so bad. Even hiking starts hurting after awhile, especially on long downhills Also glasses and deep voices","[9, 25]",27
Modern buildings are horrible.. I’ve felt like this before. Stars and birds still fill me with a sense of wonder most often.,"[10, 22]",27
"Said to my very white-looking brunette coworker once: ""Are you an oriental?""","[4, 7]",27
Yeah I've become extremely cynical since I started making these sorts of realizations.,"[4, 22]",0
"I think it was more hope, we all make mistakes. I thought [NAME] was going to step up.","[20, 27]",11
Wow so brave!,"[0, 26]",27
Is it that good ? i'd need it too in that case :(,"[6, 7, 8]",27
"Uh, I have no idea.","[6, 27]",20
Beautiful part of the world. Heading back up in a few weeks once the snow finally settled!,"[0, 20]",11
I remembered it slightly differently. My brain is terrible for coming up with this one: [NAME] Long Thick Penis Has Come To Town.,"[4, 14]",27
That's a good policy.,"[0, 4]",27
You definitely have a sexy [NAME] look going on.,"[0, 4]",27
The only flight delay I’ve had at slc is because there was too much rain at lax,"[9, 19]",27
"Weird, I thought I had a different twitter handle than that","[11, 22]",27
You forgot >Having a $1500 debt on LES due to Finance fucking up,"[2, 3]",1
Thank you. I realise I have to start from scratch,"[15, 22]",27
You are amazing! Proud of you!!!!,"[0, 21]",5
[NAME] brought in a guest writer for this so hopefully it gets rectified soon. I still really like DrawTwo but this has to be fixed,"[4, 20]",27
"If I met a woman that loved me and I her, that stuff wouldnt cross my mind. Its life. You make it work. ","[4, 18]",27
for a moment i got scared and wondered what was this doing here then i read the happy ending,"[14, 26]",27
"I just got there and saw ""Chicken Pox"" When the image is about smallpox","[26, 27]",27
> that hurts my enjoyment of society. Then what could you possibly mean by this?,"[7, 9]",27
"This is a good point, thanks :)","[0, 15]",27
"Wow! What a big beautiful terrific post, thank-you OP for enlightening us to these hidden truths.","[0, 15]",27
"Yeah, my bad","[12, 22]",27
"Nice, I didn't know that! Thanks for the info.","[0, 15]",10
"Sorry, it’s just my absolute favorite thing ","[0, 24]",27
"I would just like to say that this is an excellent comment. Well-written, and very insightful. Thank you comrade.","[0, 15]",7
"Hahaha exactly, and deciding on even the most simple of things","[1, 4]",27
Awesome. Thanks man.,"[0, 15]",27
Dude you’re honestly unhinged. I think you need a break from the internet for today... it’ll do you some good.,"[4, 5]",27
"Riot keeping nailing it in the cinematic and music department. That was so fun to watch, especially how amazing [NAME] and [NAME] part was.","[0, 1]",27
So sorry that happened to you. Let’s hope that person has some food they didn’t order tonight.,"[20, 24]",27
After christmas. January 4th. Lol,"[1, 13]",17
"Only joking, love the show and almost any meme involving it gets my upvote. 👍","[1, 18]",27
You have no idea how high I can fly.,"[3, 27]",20
Omg i love you hahahahgaha,"[1, 18]",27
"Of course it's going backwards, people generally don't want to acknowledge men as the people that hold society on their backs.","[4, 9, 22]",11
I live for this comment 🙌🏻 i just thought it was me getting older and losing touch with whats “trendy” but am glad its equally hated,"[17, 22]",27
Lol. What a great way to start off the morning,"[0, 1]",27
I sorry know I can't watch it lol Edit: got 3 seconds in and had to abort. Walls started coming down.,"[1, 24]",14
That's so disappointing. I'm sorry that happened to you. It really is hard to make friends as an adult.,"[9, 24]",27
Hush up. This is one of our greatest accomplishments. Teaching minorities the subtle art of self suppression though mutual degradation was no small task.,"[0, 20]",27
I really love playing him and going against him. Legion is overall my favorite killer. I respect everyone hating him although I dont understand why.,"[4, 18]",27
"Jeter been enjoying the Miami nightlife a little too much maybe, dulled his senses. ","[17, 25]",27
"Thanks, I was confused, too. I was like, ""how did your grandma rinse vegetables??"" Lol","[1, 6, 15]",27
I actually had to rewind a few times because I found myself getting distracted because I was kind of bored.,"[11, 22]",27
Not autism though. What a relief.,"[10, 23]",27
"Nope, but is that a thing people who talk about digestive enzymes over lunch breaks should do? ","[7, 10, 27]",27
"Great for him professionally, but the employees he takes the credit from? Not so much.","[0, 10]",27
Yeah it can feel a bit weird but I feel like Cali girls use dude for guys and girls so it's not an immediate L,"[10, 11]",27
Np just passing it forward from another comment haha. Love the sudden silence in this video. Love the look on everyone’s faces.,"[1, 18]",0
You deserve better. Good things will come. Hang in there.,"[5, 20]",2
I don't know why that omni-directional treadmill in Ready Player One still isn't being mass produced.,"[6, 9]",27
She talks about him getting some manners... She's the only without manners... and she should've gotten kicked off...,"[2, 3]",27
"I put ""haha"" after everything I say because I'm insecure ","[9, 25]",0
Are you joking??????,"[1, 6]",27
Why'd I get downvoted? Am I not allowed to watch Spider-man?,"[7, 10]",27
How much carbon you're removing doesn't matter much if you're still adding way more than you remove.,"[4, 27]",5
"I can't read Korean. Out of curiosity, what are the others?","[7, 10]",0
You nailed the crazy eyes. She scary.,"[0, 14]",27
I get that. That's why thet time limit. Even if it's just to reevaluate.,"[4, 20]",27
No there's only one emoji.,"[22, 27]",27
Death approaches! -[NAME] 2013 (I think),"[16, 27]",27
Considering it’s a much deserved promotion I can’t be mad in the slightest.,"[0, 10]",27
You are uninformed. Its not just because of the wall.,"[10, 22]",10
"I love your username, btw. Happy new year! ","[13, 18]",27
"I get my tax money back every year, no complaints. Plus the college and other skills i got were worth it.","[0, 27]",27
"Very happy to hear that. I hope he keeps at it, and is open and honest with them.","[17, 20]",27
[NAME] has no jump at all. If he’s injured he should sit and get better.,"[4, 5, 27]",27
Congrats! Wait till you get your first date and you’ll feel even better.,"[0, 5, 15]",27
"Tried to fight multiple times, cried, fallen over, and refused to eat... Sounds like my toddlers...","[3, 27]",14
Your ass after I beat you so hard you shit yourself,"[2, 11]",27
"Great story, but I'm on PC and didn't get a chance to play ;c.","[0, 9]",27
haha. I think he means this in a good way. Just poorly verbalized.,"[1, 27]",0
"Actually good point, I should have asked for the source their too. It was only a rumor when I first heard. Might be wrong, sorry.","[4, 22, 24]",27
"Moose is pretty underwhelming tonight, I miss JV","[9, 25]",27
Just ask him what he’s looking for. It might be awkward but honesty is the best policy. Good luck!,"[5, 12, 20]",27
"Lol. I'm gonna try this with my wife. As I always have to tell myself: ""Don't 'should' on yourself.""","[1, 4]",27
"Because lost media presents a question with no answer. Humans are curious creatures, so presenting them with knowledge that cannot possibly be learned is extremely frustrating.","[3, 7]",27
"Couldn’t agree more, and glad there are folks in the media that recognize this","[10, 17]",27
Where does religion have anything to do with this? There are plenty of [RELIGION] people that are cool with whatever you're babbling about,"[4, 7]",27
What absolute garbage,"[3, 11]",27
> consider another better job Oh believe me I am doing that. But this will have to do for now!,"[4, 27]",3
Thank you! I'm so glad you liked it! I did finally get a new belt lol,"[1, 15, 17]",27
I carry 2 small stuffable throw blankets and a sweatshirt. Sweatshirt to ensure warmness. Blankets to ensure cuddles. I’ll let you know if it ever works.,"[20, 22]",27
Pulling for you so much ❤️. You got this!,"[5, 18]",27
"Yep, whole different story if mom finds her favorite vibrator buzzing on the floor still.","[19, 20]",27
Did you guys personally pay someone for the banner? Because that's incredible.,"[0, 7]",27
Then go fucking cry you weak minded piece of shit.,"[2, 11]",27
"And in adult spaces in general. Let adults have things to themselves, damn it","[3, 27]",27
Gonna be a much better game than the last one. So glad you guys are coming to carver,"[17, 22]",27
Exactly!! I wish she would cooperate to plan appointments like this.,"[4, 20]",27
I’d want to know what happens after,"[7, 8]",27
I love [NAME] so much,"[0, 18]",27
"Disgusting. This is blatant nepotism, and that man should be ashamed.","[2, 11]",27
Hot take: [NAME] sucked after he went away to anger management and he suddenly changed into a moron who was completely incapable of doing anything even remotely correct.,"[2, 27]",27
At least you admit it. That is good.,"[0, 15]",27
I'm not sure I would be happy to live in hk for 5 years lmbo,"[6, 20]",27
"It took me, like, 3 hours to finish the shading on your upper lip. It's pretty much the best drawing I've ever done.","[0, 4]",27
Wow. Very thorough explanation. Thanks!,"[0, 15]",27
I love going out in treacherous weather. For real.,"[17, 18]",27
I'm sorry.,"[24, 25]",27
"Nah, rest is pretty cringe too","[0, 14]",27
This thread is being brigaded by atheist/agnostics. They are just here to cause trouble. Look at OPs post history.,"[3, 27]",27
"You know what's coming, right?","[6, 7]",0
If you like that I got one that you may like. makes me laugh everytime here,"[1, 17]",27
That's a really interesting article. Has effectively nothing to do with myth making though.,"[4, 13]",12
"In our society it is more shameful to pay for sex, do drugs and to gamble than to praise the death of innocent innocent victims.","[9, 12]",27
OW MY LEG!,"[19, 25]",27
Overhead fans are absolute shit. They literally do nothing but blow dust around.,"[2, 3]",27
So he gave something different? It will be fine,"[4, 20]",27
"Well [NAME], you got the wrong guy. I never downvoted you. I hope your day gets better.","[10, 20]",27
I'm glad you found your way. And even missing one day of effexor gets me sick so I feel for you,"[17, 25]",27
"I like your attitude :) yeah, you're awesome!","[0, 4]",27
"[NAME] was our second best hitter, [NAME] was the best","[0, 4]",27
They´ve been around since World Pride. I love this city :D,"[18, 22]",11
Yeah I could not even do that I could not move my leg to the side,"[25, 27]",27
"I like your enthusiasm and hope for the same outcome, but as the old saying goes- don't count your eggs before they hatch. ","[0, 18, 20]",27
" [NAME], this isn't a guy who built the railroads here. ","[10, 27]",27
I made some super dumb decisions as a teen. Thankfully nothing life affecting. Source: was teen,"[9, 15]",27
"This made me laugh until i tried to ""like"" the post. Dammit. I am the old people on the Facebook. Shit.","[1, 9]",27
"I'm really worried :( I sent a DM to them, I hope they will be okay... ","[9, 14, 20]",27
The irony here of course is that your degree becomes more valuable when fewer people are able to obtain it.,"[4, 22]",27
So sad—but not surprising. It would be interesting to know if there’s a difference between countries with and without socialised health care.,"[7, 25]",14
I'm ordained. When's the wedding? 🙋 This is a terrible idea. I don't know what I'm doing.,"[6, 7, 14]",20
"lol, dude. I don't know, but thank you. they might don't care but you do care. So I'm not much more loser.","[1, 15]",27
Shit yeah. Awesome fatality!!!,"[0, 13]",27
Sometimes when it gets super annoying I cut it off with scissors but it always turns out worse and makes all the surrounding ones irritated and sore,"[3, 11]",27
The funny part about it our club has the hide to tell us eels fans that it was the game of the year. 🤣,"[1, 22]",27
It’s so fucking creepy,"[11, 14]",27
"Just got back from TWC, and they were great! Thank you. 90% they were fried. Will try these others next ","[0, 15]",27
Thank you for saying that I just haven’t felt right and I’m so sad constantly,"[15, 25]",27
This hurts me,"[9, 25]",27
The car analogy is silly because car problems are physical and material and hence clearly factual diagnosable. “Toxic masculinity” is a squishy theoretical concept.,"[2, 3]",3
"Nah it's not that, [NAME] is just boring and sad","[25, 27]",27
I did thank you. Can’t wait to get back over for some games.,"[13, 15]",27
Hope it works for you OP.,"[5, 20]",27
"Do you feel like being with him is the only way for you to be okay, then?","[6, 7]",27
"Ooh sorry, I didn't reread the article. I just remembered seeing it on Instagram. I'll add an edit","[20, 22, 25]",27
This just made me laugh loudly in public causing uncomfortable stares.,"[1, 12]",27
"It has no value, it's just a representative of it like all other money.","[4, 22]",27
"Another church stolen from us. That’s okay, we will get it back in the great Deus Vulting. ","[4, 20]",3
"*insert [NAME] talnkig about how they will love you but they will hate you, but it's [NAME] instead of [NAME].*","[2, 18, 27]",27
FUCKACTIVISION THEY RUIN EVERYTHING,"[2, 9]",2
"""Stay in your lane, bro.""","[3, 27]",0
If it remains free at point of use and the level of service doesn't decrease then what's the problem?,"[6, 7]",23
Feels like im wearing nothing at all!,"[12, 27]",27
Well I guess there's one positive of no deal at least,"[4, 20]",27
I’d love to get my hands on a 4th gen z28,"[8, 13, 18]",27
"Hey, nice to be here 😏","[0, 4]",10
Total funding was the exact same. I would have $1000 more in loans instead of that $1000 being a grant.,"[20, 22]",4
It's very frustrating. I'm just crossing my fingers that something will help me soon. Thank you. xxoo,"[3, 15, 20]",27
CHUCK THE WAGONS MAMA IM GOING WEST,"[3, 27]",18
There's DOJ guidelines that he cannot be indicted.,"[10, 27]",27
The only time petty revenge backfired lol at least from what I understood unless I missed something,"[1, 22]",27
I felt my heart drop. [NAME].,"[14, 26]",27
"Yep, especially if the mob on reddit is any indication of the group-think that’s going on in 2019.","[4, 22]",27
The little “you hurt me so badly but I’m gonna be brave” yea... at the end oh my [NAME]. Your friend sucks.,"[3, 20]",27
"That's funny stuff, there","[1, 17]",27
Thank you guys so much! IM FINALLY IN THE KNOW!,"[13, 15]",27
"Oh, real cool! Thanks for the references.","[0, 15]",27
"Nice quote, not sure if it was worth the time to pull up though.","[0, 6]",10
Are you serious?,"[6, 7]",5
What happened to [NAME]? I haven’t followed closely but I was under the impression he wanted to return but the club wanted to move on,"[7, 10]",27
"Haha thanks, I'm not cool at all but that comment made my day! Genuinely made me smile. <3","[1, 15, 17]",0
I always wondered what turned the deer albino. Must have been from fright.,"[7, 14]",27
"Happy birthday kiddo, free updoot for u","[0, 15]",27
"Oooh, edgy!","[19, 26]",20
"Thank you for your feedback, I was just trying to tell you my reasoning behind it sorry if I came off as angry.","[15, 25]",27
THEY ARE SO CUTE TOGETHER!!,"[0, 18]",27
You ladies are awesome. Thank you all so much for your kind words.,"[0, 15]",27
Congratulations! We're all rooting for you! 💕📚,"[4, 13]",11
"He was just trying to sit down I think. Poor guy, doesn’t deserve all this shit from reddit.","[10, 27]",22
"Nice picture, hope we keep him!","[0, 20]",10
It really does. Great point,"[0, 4]",27
"yeah [NAME] can eat glass, that guy fuckin sucks","[2, 3]",27
Just be a criminal if that's what they want. People should always be careful what they wish for.,"[4, 5]",25
Min Gung in Glastonbury also has all you can eat sushi. Always a good time!,"[17, 20]",27
"This is wild omg. Also, happy cake day twin!","[13, 17]",27
Sending hugs and good vibes ❤️,"[5, 18]",27
I tell them my wife died in a car accident 10 years ago and I couldn’t fall in love again. I’ve never been married.,"[16, 25]",27
Good luck dude!! Try to lower your expectations and everything will be more enjoyable .,"[4, 5]",0
Lol this is so true [NAME] thanks for sharing,"[1, 15]",3
What the fuck Edit: YOOOO I SWEAR MY DOOKU JUST SAID ONE OF HIS EMOTES IN A DIFFERENT LANGUAGE,"[2, 11]",27
😭 I wanted her to be on the top 4; now we’ve heard plenty of times [NAME] mentioned so pretty sure ain’t gonna happen,"[8, 10, 20]",11
Great article. Thanks for posting,"[0, 15]",27
"Bro, this is not what this sub is for.","[10, 27]",27
That's the spirit! Mah diggah... ⛏️💎❤️,"[0, 21]",27
"Thanks for this gootecks but unfortunately this sub is a bunch of casuals that won't appreciate it, I'll see you in the SF sub","[9, 15]",27
"No we’re going to use it for penalties decisions, red cards and goals like it’s designed for.","[4, 27]",3
Nope. Love them. What do you find gross?,"[6, 10]",27
"I appreciate it, thank you. I will discuss consequences with my husband. It will probably be me taking my daughter elsewhere until [NAME] leaves.","[0, 15]",27
Why do you think many feminists are angry?,"[2, 7]",27
"Sure, okay.","[4, 27]",27
">[NAME] I don't know why, but that gave me a good laugh. Thank you. ","[15, 17]",27
They are angry virgin children because he plays the game like it was supposed to be played. SOT has the most pathetic community ever.,"[2, 25]",26
I love it. Enjoy your upvote.,"[17, 18]",27
I'm glad you could relate and that you also found some peace and resolution in your relationship. I'm glad we didn't give up!,"[0, 17]",11
"A ""Texas DUI"" sounds like a weird sex move. ","[11, 27]",27
What the hell are you on about now? Those are some weird examples to go with your clarified opinion.,"[2, 3, 11]",17
“I doubt I’m done writing” Kill me,"[2, 6]",27
"Play stupid games, win stupid prizes... looks like she braced before impact. Probably gets this shit all the time. ","[2, 27]",27
Yes. I hate everything that has to do with my depression.,"[2, 9, 25]",0
It's not your fault....,"[4, 5]",27
You're saying [NAME] sucks at drafting...?,"[3, 6]",27
"Lol, try harder next time bud. Your swearing really shows who is actually mad here and your stupidity is starting to get really grating.","[1, 20]",27
Look at the spine on that kid - he must get it from his mother!,"[26, 27]",27
Not under [NAME]. Under [NAME] desperate greedy extreme partisan coward politics. They purposely brought racism front and center.,"[4, 10]",27
Oy! NOW THAT'S REALLY PISSED IT OFF!!,"[2, 3]",27
No but that's why I stay up way too late.,"[4, 27]",27
Hell is a great town. Don't you dare conflate it with those maze and blue bastards!,"[0, 2]",17
Yeah transgenders are stupid.,"[2, 3]",27
If the issue is Abortion yes. My generation was genocided.,"[2, 27]",27
That is some serious dedication... He must love his job,"[0, 18]",27
You honestly think a law did away with straw purchases? Stop lying.,"[3, 7]",27
Is there any way to force him to act? Sending more budgets or refusing to vote on anything non budget in the house etc.,"[6, 7]",27
[NAME] why can I relate so much.,"[9, 25]",27
Wow this is getting huge,"[13, 26]",27
Look at all the trash at that festival. Fucking gross.,"[2, 11]",4
Hope he takes a break before managing again... I love the guy but he needs to update/reevaluate some of his tactics and methods,"[18, 20]",27
love this!,"[0, 18]",27
To clear his name I guess. If he’s actually innocent this will be vindicating,"[7, 20]",27
"[](/ironwillthumbsup) True! Weird, but true!","[4, 11]",11
"You're analogies are terrible and prove the opposite of what you were arguing, numb skull 😂","[3, 11]",27
Really looking forward to Mayeather coming out of retirement for the 5000th time,"[13, 20]",27
I have listened to him and that's how I know he's a terrible person and his goal is to turn impressionable people into terrible people like himself.,"[3, 11]",27
Why does everything have to be a debate?,"[7, 27]",0
"Well, shrinking of your d could be a motivation to quit porn.","[20, 27]",11
You're welcome! Glad you're enjoying them.,"[15, 17]",5
Was there for a game v the lions in in 2016- WELL WORTH IT!,"[0, 27]",27
And please don’t make the mistake of thinking your mustache will disguise them. Trust me it doesn’t.,"[4, 5]",27
i’m with you bro best of luck🤞🏼,"[4, 5]",0
Ok this New England accent not so fun!!,"[3, 9]",27
Can relate. The spirit kept telling me to move to the Morridor. Total decade+ long disaster in almost every way. Shoulda stayed where I was.,"[9, 27]",27
This isn't a meme its a cry for help,"[10, 25]",27
"I really hope we see another fighter like him he was so fun to watch, a fighting machine with that killer instinct","[0, 8, 17]",3
The way that was worded I can't tell if your super calm or about to flip a chair,"[3, 4]",27
Thank you! Don't be afraid to stand up for yourself otherwise you'll ended up in your late 30s exhausted and unhappy!,"[15, 25]",27
Because love is a lie and there is no happiness in the world,"[3, 25]",11
TSA agents are like tow truck drivers. Everyone hates them.,"[2, 27]",27
"I was able to catch the first half and his D looked great (thats what she said?), did it decline in the second?","[0, 6]",27
Thank you kind stranger. You might have just made my eyes mist a little.,"[15, 20]",27
Stay away from the sub till then ahaha,"[1, 3]",27
Yeah I was just trying to save some money and I've been alright with G2A before,"[8, 27]",27
Haha! I love it. That’s exactly how it would go.,"[1, 18]",0
"Ha ha you're being down voted. Edit: Hey, you're being up voted! Congrats!","[1, 17]",27
The saddest part is that just this morning when we were laying in bed I was thinking about how much I love him.,"[18, 25]",27
Wow thanks. Didn’t know there were any others glad to hear,"[15, 26]",27
"[NAME], feel bad for that streamer, everyone has their moments on this game, it’s understandable","[9, 25]",27
time to stop concerning yourself with brexiteers and start worrying about what went so wrong in the EU before more countries decide to depart,"[24, 25]",27
"Yeah, I haven’t kept up with that show lol ","[1, 10]",27
"Instinct and Intellect are opposites, never said they were the same","[10, 27]",27
A couple things: Fuck Nazism. Enjoy the ban for trolling!,"[2, 17]",27
Dude is really nice. But I’m gonna be so upset if we ignore our huge need for a small forward again.,"[0, 9]",10
"Sorry man, you’re a great person and all. But margarine??? Downvoted*","[10, 24]",27
"Hell yeah my dude. And the best part is, if I had the money, I could get either or both of those right now :)","[4, 20]",17
I can't wait to find out why this is inaccurate and I should hate the person who made this post and shower them with downvotes.,"[2, 7]",3
These people are so full of hate it's disgusting and disheartening at the same time. How do you de-radicalize these people?,"[2, 9, 11]",27
"The leaders are quite ignorant, and so are the rural areas, but the urban areas are filled with intelligent people","[3, 22]",22
"Yes, you said you are dying, I cannot do anything about that, hope you find peace","[4, 20]",27
Funny how picture comes with no article link... typical BS post..,"[1, 17]",27
Stop spraying chemicals daily in the sky.,"[2, 10]",27
Thanks so much for this pic! It’s even funnier the third time in ten minutes it’s posted here.,"[1, 15]",27
> when Hahahahahahahahahahahahaha,"[1, 17]",27
Shit out to my little hommies who's parents made them go to school today.,"[2, 27]",25
That's so horrible. I am so sorry that you had to endure that abuse. I hope that you have a bed that you love now.,"[5, 24]",27
Surprised [NAME] didn't add his hatred of interracial couples in the movie.,"[2, 26]",27
Honestly? No. I just feel sad for you guys,"[7, 25]",27
"Excellent idea, thank you!","[0, 15]",20
"Oh, haha Gladstone is a town in North Qld Australia as well... thanks Reddit","[1, 15]",0
Yeah I have no sympathy for them.,"[2, 4]",27
"there's no ventilation shafts in the dumb things, block the exits and make a bonfire.","[3, 10]",27
"Play dumb all you want, you know what that has to do with it.","[3, 27]",27
Did you accidentally buy the Australian model of the camera?,"[7, 27]",27
Thank you for sharing your beautiful and continuing story. It's comforting to see growth and deep love in relationships. I wish you both the best!,"[0, 15, 17]",27
It's also why someone I know is working on becoming an orthopedic surgeon. It's very grim and morbidly lucrative in the US.,"[2, 27]",27
Arguably this post is [NAME] favorite post on Reddit one hundred percent. Lmao #muglife,"[1, 27]",22
Wow! That sounds like an interesting dream! Thank you for your perspective.,"[0, 13, 15]",27
Think the word you’re looking for is ‘Maori’,"[4, 22]",27
Oh cool it’s another episode where lefties forget about consent,"[13, 17]",3
What's the name of the artist that featured him? Can't remember it,"[6, 7]",27
It's so freaky. I'm a 40 something and the stock photos and really odd taglines are just baffling to me.,"[1, 6]",27
At least we’re in this together? 😓,"[7, 23]",11
"That’s fair, I disagree with you, but I’m not here to change your mind. Was just curious. ","[7, 10]",10
"I don’t think there are strippers necessarily, but it does make me question what he wants to do without me there","[7, 27]",27
But you'll downvote and complain but not provide any reasoning for your complaints? You sound like a child. Grow up.,"[2, 3]",27
Fuuuuck. I feel this. In my core.,"[2, 9]",27
"fuck these dysfunctional, insecure mattresses","[2, 11]",27
I never pre-order anything and I am never disappointed with that decision,"[20, 21]",27
Sorry but I’m out of the loop on this. What and when is in play? Thanks.,"[7, 15]",27
"Idk why everyone's being obnoxious. I thought this was a good post, OP.","[0, 6]",27
"I misunderstood ""come back strong"" ","[22, 24]",27
"[NAME] [NAME], you made me think I was going colorblind for a second! How are there more colors in your rainbow than in mine?","[6, 7]",27
Oh whoops haha,"[1, 17]",0
My favorite!,"[13, 18]",0
"Damn, chairs can communicate with eachother now? What a time to be alive!","[3, 7]",27
"Wait, did this really happen? I'd like to see that video so I can cringe some more plz.","[14, 27]",27
Banned or moved to different platforms mostly. Never were that many and those that did post here had trouble following the rules and were downvoted heavily.,"[10, 22]",27
Well I'm not to sure what country your from but my school has started integrating more modern views and it isn't all black and white anymore,"[6, 10]",25
Is that how you deal with people you disagree with? Nice personal fantasy you have there.,"[0, 7]",10
The whole thing is poetry. That finish is magic. Nose to the mit. Love this !,"[0, 18]",27
"Nope, in reality this does never happen indeed. Cant we see what the problem is here?","[7, 10]",27
100% yes. My sister's ex is an actual monster but my niece still sees his family.,"[4, 5]",13
"Love this, and the comments are great, thanks for sharing.","[0, 15, 18]",27
"Opposite for us! My fiance cuddles me because it helps him fall asleep, then I can play video games in bed!","[5, 17]",27
"I literally teared up reading this. That poor, poor guy. He has a great attitude, but that's heartbreaking.","[0, 25]",27
"Definitely not the norm in KY or other bible belt states, sadly. My extended family looks upon my CF lifestyle with nothing but bingo's.","[25, 27]",27
This must have been totally horrifying for you. I'm glad to hear you found peace in the second birth.,"[14, 17, 19]",27
I miss seeing us have desperate intense energy. Maybe next game,"[9, 20]",27
Thanks for the info. Not sure if it’s even worth it then.,"[6, 15]",27
I’m a millennial and my mortgage payment only takes about 1/5 of my after tax earnings in a month. Feels so good.,"[0, 17]",27
"Lmaoo the comment posted 14 hours ago gets doenvoted, but the same exact comment posted one hour ago gets upvoted. What??","[1, 27]",27
I love rock music but I enjoy draft punk too.....*feels bad man*,"[9, 17, 18, 25]",27
That lady is experiencing pure joy,"[17, 27]",27
wow that's amazing. i wonder what that feels like,"[0, 26]",27
ngl his total thievery of the lwymmd lyrics was highkey annoying to me but the song is actually pretty damn good lol,"[1, 3]",27
"Hey man skol vikings. Support however you’d like, just as long as you support ","[4, 27]",27
The medical examiner's office was on-scene at the fire pit from the get-go......so far the investigations looks very different from the TH case.,"[6, 27]",27
Soooo.... He basically just admitted he didn’t get his kid shit for Christmas. What a fucking asshole!,"[2, 3, 9]",27
Lmao that’s actually pretty good.,"[0, 1]",27
"Reject your humanity voluntarily and put the pure hatred, lack of moral, sociopathy and sadistic altitude inside of your soul with no way to turn back.","[2, 10]",27
that missed dunk is so symbolic of [NAME] lol,"[1, 27]",13
#Go Knights Go!!,"[4, 27]",27
Jokes on you. I have anxiety so I do this a lot,"[1, 13]",27
"Oh, it's thor","[26, 27]",22
Why did [RELIGION] take inspiration from stoicism and neoplatonism and aristotelianism if outside sources are verboten?,"[6, 7]",27
What a sweetheart.,"[0, 18]",27
"Anyone remember Space Dandy? It was short and stupid, but the animation was great. Very tounge in cheek.","[0, 7, 22]",27
"Nasty, pigeons are nasty.","[3, 11]",27
"Fair, although you'll get caught pretty easily like that","[4, 20]",10
I love how they keep getting smaller 🙊,"[18, 22]",27
"Cant agree more on the first part but for the last, it comes out too harsh.","[3, 10]",27
I used to do the same exact thing! Now I love the fat on my steak and watching them cut it off in japanese restaurants makes me sad.,"[18, 25]",27
"Wow, you probably live in a messed up place.","[20, 26]",27
We still have this?!!!!!!!! What?!,"[7, 26]",11
Anyone who complains about being a loser is a loser.,"[3, 27]",27
Busy? Focused on long-term goals?,"[6, 7]",27
I feel like this happens to me every single time I shop there. I dont go in anymore because I'm tired of being followed.,"[3, 9]",27
how do I know who's who scared emoji 😪,"[6, 7]",27
Had a buddy fly from BC to Ontario yesterday with an illegal ounce in a ziploc. No problems.,"[4, 27]",27
"Good point, I never thought about that. I guess I don't see enough commercials regularly to separate them from just other company agenda videos. Thanks!","[0, 15]",27
nothing I dont owe anyone any explanation.,"[10, 27]",19
Are you forreals?! I had no clue at all. Maybe i need totake a better look at the menu damn thanks dude,"[6, 15]",27
I’m proud of you and I’m happy for you!,"[17, 21]",5
This person should be outed to the world. What a reckless pos,"[2, 3]",11
You sound upset.,"[9, 25]",5
True. But I think it’s only [NAME] that pull the belly out of themselves to articles about the empire!,"[3, 4]",27
Ayyy! Thanks for finishing it up. Glad someone did. LOL @ your username 😂😂,"[1, 15]",27
She looks like an early game killer.,"[9, 20]",27
Great company. I added it. Let me know if you have any,"[0, 7]",27
You didn’t sell that stock did you? I am sorry i hope the company rebounds.,"[20, 24]",27
[NAME] ruined religion. It’s the only good thing they’ve done.,"[0, 4]",27
Exactly. I thought charcoal would be same like graphite pencil. I need to learn more of this stuff. Thanks for criticizing x),"[15, 22]",27
"Omg someone gave me SILVER?! Idk what this even is but 1,000,000 🐃 to you!","[6, 7]",27
I friggin love [NAME]. Are we sure she aint [NAME] in disguise?,"[7, 18]",3
I was about to lose my shit but then I finally found the Plumbus,"[20, 23]",13
[NAME] voice actor by the end of the game was phenomenal. So much rage and sadness,"[2, 25]",27
I was there too! I remember it was a warm day during an otherwise cold time of year.,"[17, 27]",27
I think she was trying to demonstrate that such solutions are practical even if politically difficult. But it was a sloppy analogy.,"[22, 27]",27
I can't even imagine the stupid tattoo I'd have if I got one at 15. Probably like a Red Bull logo or something,"[2, 10]",22
So we're the 2nd richest team.,"[13, 22]",11
Boogie Nights is my favorite movie by the way,"[18, 27]",27
"Not only do they make me cringe, I become angry because usually or is my nmother and her flying monkey daughter posting them. Just horrible.","[2, 14]",0
Love reading these kind of posts! So happy for you.,"[17, 18]",27
I'm sure the guy i lease my space from will love it when I ask to transfer some BAT to cover next month's rent.,"[18, 20]",27
HA! HAHAHAHAHAHA!!! That’s amazing. Thanks for starting my morning off with a good laugh. What a couple of idiots.,"[0, 15]",27
"> I know plenty of religious/semi-religious [NAME] who are not [NAME] in practice or belief. What term do they use to identify themselves as, though?","[6, 7, 27]",27
See this guy gets it!,"[0, 20]",27
I love this. Hopefully it is more successful than [NAME] (RIP).,"[18, 20]",27
I'm not attacking you. Which part of our conversation gives the impression that I'm attacking you? Honest question.,"[7, 10]",7
Wow that’s actually a great idea lmao,"[0, 1]",20
He wasn’t drafted and is properly rated imo. Had a crazy career for sure. Beat the odds many times,"[17, 27]",27
"Yeah, but what if he didn't have a camera? You see it in Russia all the time, which is why everyone has a dashcam.","[6, 7]",7
"Whoa, wasn't expecting a rational take on this here on reddit. Well done.","[0, 26]",27
"Glad to see [NAME] getting a point, he's been overdue. Now for the 3rd period [NAME]? ","[7, 17]",27
"I like these cultures and would be happy to tell you what sort of work qualifications/licensure/certification have you acquired, if any?","[7, 18]",27
Definitely.... I wake up at like 3am work at 6am... I hate morning people though LMAO,"[1, 4]",27
Hopefully all of them lol. None that I know of in particular though sorry,"[20, 24]",13
Oh really?,"[26, 27]",27
I wish I loved anything the way [NAME] loves playing hockey,"[8, 18]",20
Thanks for sharing your story. I hope you are doing okay now.,"[15, 20]",27
Sorry buddy I think that one is permanently dead. :(,"[24, 25]",27
Love the whole lebatard community but she has the most confidence speaking and it shows up on all the shows she does,"[0, 4, 18]",5
"Not really, every other post is summit doing something. Gets boring. ","[9, 27]",27
Yeah people used it as precedence. That’s very sad. What’s your point? What abhorrent treatment?,"[7, 25]",27
ok thanks. i guess that's why there are none of them on reddit to respond to my inquiries lol,"[1, 15]",27
The fact that big corporations that made their successes off capitalism are embracing Marxism is really disturbing.,"[10, 25]",10
I don't care anymore.,"[2, 3]",9
It more effective if you do it in person,"[4, 20]",12
Its a weird thing they do south of the border... they throw flour at each other. No idea why that's a thing.,"[3, 6]",20
"That whole video was very interesting, thank you for that!","[0, 15]",27
Hey! Anyone have the DL on this MLM ? Would love some links to send a victim!!,"[18, 27]",27
I feel like I’ve had this exact same conversation with a customer at my old job.,"[22, 27]",13
"It's like [NAME] said. They get motivated by a bad loss, they win a game, get unmotivated, and lose badly again","[3, 9]",27
"lol, it is. At least the leftist communities flat out tell you that you'll be banned for it.","[1, 27]",27
"If he's still blaming [NAME] for his issues, the therapist is doing a bad job.","[10, 27]",27
"Sounds fancy, is there any in flight entertainment?","[4, 7]",0
"My sister and cousin got one. I'll probably say ""not even with a gun to my head"" if I get one.","[10, 27]",27
"thanks, got traded from the habs and I remembered liking his game during pre season, was wondering why he got sent down. oh, and fuck [NAME]","[3, 18]",27
.... You do realize they will eventually hit a glass ceiling since that's unsustainable.,"[22, 27]",27
Lol it’s one of those right wingers pretending to be a leftist to sow division. They’re pretty bad at it.,"[1, 11]",27
group wasn't bad. Edit: Unless you're talking home rentals then my bad.,"[0, 9]",27
They gave me free Subnautica which is an incredibly wonderful game so I'm pretty darn happy. And it's not exclusive.,"[0, 17]",7
"From ""woohoo!!"" to blood curdling screams in a matter of seconds.","[14, 26]",14
Think you need more gin with it and you will be alright next time,"[5, 27]",27
That's funny because I used to hate him but researching more just made me like him more,"[1, 18]",27
Dice LA also has Dice Sweden employees on the team but we are wasting our time pointing it out.,"[3, 10]",27
thats.... not the type of disco that i remember,"[10, 27]",27
"roll a blunt, walk over and strike a conversation.... or mind your fcking business","[2, 3]",27
This seemed so out of character but I was like cool. Weird.,"[3, 12]",27
"Huge loss. Good job boys! Now go out there, give your best and prove that [NAME] didn't die for nothing!","[0, 15]",27
"My wife's birthday today, we are going for dinner with my lovely girlfriend later, after meeting at ours for coffee and cake. Very happy","[17, 18]",9
"Damn, I'd better avoid you then. I don't wanna die.","[3, 10]",27
"Thanks, I hate it.","[3, 15]",27
How to delete spam: Learn how to punish sigs you fucking idiot,"[2, 3]",27
There are Germany radfem groups on FB? I'd love to know some names. Danke! (Can anybody PM me?),"[7, 18]",27
"""Being able to attract women"" shouldn't be the only way you rate how good a person is. That's ridiculous.","[3, 10]",27
no job security and your prospects for future employment are severely hurt,"[5, 9]",27
Great. I guess they learned from previous shutdowns.,"[0, 27]",27
"That seems real terrible, does that actually work? Negs should usually be playful at worst. ","[6, 14]",27
"If you eat plants, you are eating animal’s food. That is so cruel!","[2, 3]",5
That’s what we said about 2017 and 2018 after 2016 it only got worse and it’s not gonna get any better I guarantee,"[9, 20]",27
That couple were jerks. I am glad you made them move.,"[11, 17]",27
"I bet you that’s what will happen, which pisses me off.","[2, 19]",7
"I hate this comment. More-so, I hate how likely this comment is to reach fruition. ","[2, 9]",27
"I assume breaking a bone but idk, I've never broken a bone ","[6, 22]",27
I feel you girl,"[5, 27]",27
dont let the spirit of rock die motherfucker aroooooo,"[2, 27]",27
Was she prepared to throw the gun?,"[7, 27]",27
Im sorry dude. Drumming Octopuss.,"[24, 25]",27
I want a DL thats about 800€ for a month is the one who's new here lol.,"[1, 8]",27
They announce they hate Brexit first,"[10, 27]",27
My bad.,"[25, 27]",27
It's pretty stupid. Yes,"[3, 9]",27
Ugh Morons stop breeding,"[3, 27]",2
🤷‍♂️ weird flex but ok,"[4, 11]",27
"If high calorie food is so cheap, eat less of it and save even more money without getting fat.","[4, 22]",27
We don't deserve them but I'm so grateful they're here 🙏,"[10, 15]",11
Yeah cheers. Hoping it's gonna be better. Happy early new year to you too.,"[17, 20]",27
Nope nope nope,"[10, 27]",13
Because sloppy seconds is a childish concept and I dont see bargain basement girls.,"[3, 10]",14
This one is my favorite.,"[17, 18]",27
"So he's a twitch streamer who plays fortnite, thats cool. But How does he end up being the DJ at a concert? Lmao","[0, 1, 7]",27
Ugh. It makes sense why you spend so much time with him. Still please please don't marry him.,"[5, 22]",27
Was feeling victimized that it was very cold in my apartment. Windows are drafty af!!!!,"[3, 27]",27
I was wondering the same thing?,"[7, 26]",27
Thanks for the responses y'all. I'm going to do the gig anyway and hope that nothing too sinister happens! I'll update if anything interesting happens.,"[15, 20]",27
Clean your room before daddy [NAME] gets home.,"[3, 27]",27
I misread World Championship of Carp-fishing to be the World Championship of Cat-fishing...,"[6, 12]",11
You're making yourself look more stupid with every reply. Google what the heck model organisms are.,"[2, 3]",27
your joke sucks,"[3, 10]",27
Sorry to link it here but would love to get some opinions on this post,"[8, 27]",27
I was scrolling through and thought “who is [NAME]...” for a minute before I remembered. It was the best 10-20 seconds of my life lol.,"[1, 6]",14
She likes her dogs despite this incident. But thanks for your input Mr. [NAME].,"[15, 18]",27
"I think he's a lustful, gluttonous, greedy, lazy, wrathful, envious, and prideful man. ","[2, 11]",27
there is a difference between being a good villain and being insufferable. He has passed that line a few too many times for my liking,"[18, 22]",27
But how's the breathing through the nose. That's the important question. Can he nail it?,"[6, 7]",27
Wait what’s wrong with [NAME] lol I’ve never had any problems listening to him personally,"[1, 4]",27
*With Great power; comes great responsibility.*,"[0, 20]",27
does any body notice that 8 in 2018 looks weird,"[3, 10]",27
"Yeah dude I like the brown sugar ones a lot, what’s the problem?","[4, 7]",27
This is the worst I've ever seen. It really is,"[3, 11]",27
Yeah it is not stupid to get heated. I would've told her off too and tell her she's nuts straight to her face.,"[3, 20]",27
[NAME] is so cute! And [NAME] is a very dashing name.,"[0, 27]",27
That's so frustrating but I'm glad you're all safe.,"[3, 9, 17]",27
These honestly are getting infuriating. The creator of this made this whole thing up yet Facebook old people take it as reality.,"[2, 3]",27
In my experience I've also noticed his friends and got ditched by my girlfriend.,"[22, 25]",27
"My ego is pretty ok. My fun-o-meter is a little off and needs calibration probably, though.","[4, 22]",27
Thank you love. I really appreciate your input,"[15, 18]",27
Me cheering for the Wild this year,"[13, 17]",27
WOOO!!! You go boy!!! Good job!! That’s a huge milestone checked off and SURVIVED! Yay!!!,"[0, 13]",27
"I'm watching the Kings broadcast, and let me say [NAME] doing play by play is entertaining.","[1, 17]",27
"Is it cruel to give your kids medicine when they don’t know what it is and why, if they need it?","[2, 6]",27
"Haha get it, they're taking it literally haha.","[1, 17]",0
"It's like they have no self-awareness, and they just engage in ridiculous hyperbole and expect to be taken seriously.","[3, 10]",27
This is all I can think about when I see these things. Most of them cannot be properly washed.,"[10, 27]",27
"obviously, its just a stupid question","[2, 27]",27
"Didn't you know, it's all about winning, nothing else matters","[4, 22]",27
"I want an autographed copy of this, framed and on my wall. ","[4, 8]",10
Love scary podcasts at work. Thank you!,"[0, 15]",27
You have my good wishes and words of encouragement! There is so much wisdom in “one day at a time.”,"[5, 15]",27
"Thanks for that. It seemed fishy, but it is what comes up when you Google it!","[3, 15]",27
"100% agree. Double standards are ever present. Young girl is sexualised, the whole world goes nuts, but a young boy is somehow perfectly acceptable. It's disgusting. ","[4, 11]",27
Yeah ik that should be unacceptable too lmao,"[1, 4]",27
"Great, so we know the spanish pronounciation is therefore racist and now I'm offended by it.","[9, 22]",11
I enjoyed when they learned what New York City billionaires really think about guns.,"[13, 17]",27
Oh gosh it's on the website too.... Here we go,"[13, 17]",3
That's the spirit!,"[0, 4]",27
"The best one ever, a four year old girl: “You smell old.”😦 You’re not wrong, kiddo...","[0, 4]",27
Good for you man. Enjoy.,"[5, 17]",27
Love those freckles! You’ve got that girl next door kind of beauty,"[0, 18]",27
A hope inspiring article; thanks for posting! Probably best not to read the comments under it though. Neurotypicals are the worst sometimes,"[15, 20]",27
Interesting to see the bulk of people in that thread are pretty anti-[RELIGION].,"[7, 13]",27
Replace that friend with a whole pile of desillusioned friends and you might as well @me,"[5, 20]",27
It was [NAME] I think? And I only remember because I was surprised and then disappointed.,"[9, 26]",27
"Yeah, I guess you’re right","[0, 4]",0
> I’m tired of being realistic and open minded. Me too! Now it is all about being selfish and aloof. Not even kidding.,"[3, 9]",27
well we tried hard. good effort boys!,"[0, 4]",11
I like the way your brain works OP. Always did enjoy bugs bunny humour.,"[17, 18]",27
"> we get a minimum of $11 Wow that's pretty generous, no wonder people don't need to tip.","[0, 26]",11
"Our love is like, a violent game between children baby.","[4, 18]",27
Why is this downvoted? It’s right.,"[7, 10]",0
And then the rest of that thread devolves into [NAME] supporters arguing against and downvoting anyone who disagrees with the wall or hates [NAME].,"[2, 3, 10]",6
"Oh, so that's where I left my cigar","[22, 27]",27
"Damn, this is some cold, hard reality. Hope everything works out!","[9, 20]",27
Now I really want to see them. Stupid brain!,"[3, 8]",27
Cuties! Love you!,"[0, 18]",5
>only ones who really suffer are sport and competition shooters. Which is likely the whole point What makes you think that?,"[4, 7, 27]",27
"😂 Dude, ok your cool now","[4, 17]",27
Yeah. You probably dint [NAME] the cut. Sorry :-(,"[4, 24]",27
What a complete and utter cunt.,"[2, 3]",27
"If he saw it as something regrettable and possibly embarrassing, and has grown, eh. We all have something embarrassing in our past.","[12, 24]",27
Seriously! Such an odd way to ask a question about traveling.,"[3, 26]",12
"My dog knows when I say ""BRB"" on the mic he gets up and runs to the door.","[13, 27]",27
"As one of the greatest Presidents of our time, who stared down globalist trash and made them blink.","[4, 27]",4
I sent this to my two friends and one said “haha.” And the other left me on seen : ),"[1, 27]",0
"Feudalism is statism, dumbass.","[2, 27]",27
Anyone have a link to the unedited footage?,"[7, 27]",27
"There where over 40000 stabbings in the UK last year, and this guy reckons these “kids” are just acting tough 😬","[3, 10, 27]",27
Took devils -1.5. Gotta love sports betting in Jersey.,"[18, 20]",27
"Wow, I said he doesn't have any respect, it's not exactly proving my point to show how little you have, but thanks anyways.","[3, 15]",27
That was a bad fastbreak lol,"[1, 3]",27
You didn't come here to debate. You came here to excuse abhorrent behavior.,"[3, 10]",27
"I really appreciate this perspective, man.","[0, 15]",27
I love [NAME]. I hope she can hold on in 2020.,"[18, 20]",27
Oh no atleast you found out early. I went to find help a year ago but you know i stopped going to that therapist,"[4, 9]",27
What about [NAME] arm ?Is [NAME] replacing [NAME] cannon ? I was more bummed about losing [NAME] arm than his bat .,"[6, 7]",27
OMG you guys rock lol,"[0, 1]",27
"I think men take pockets for granted, once you're without pockets you'll understand the pain. ","[4, 9]",27
no thanks,"[15, 27]",27
"You do right, if you don't care then fuck 'em!","[3, 27]",27
Ugh. That was not information anyone needed...,"[11, 27]",7
State of [NAME] trying to be funny and spelling ‘lose’ wrong,"[1, 27]",27
Because you live in a desirable city? This isn’t exclusive to SF.,"[6, 7]",27
So you think I can not find it anywhere? I love that sweatshirt yes you help me! thank you!,"[15, 18]",5
I’ve only been there once but really enjoyed it!! But I think it’s missing a pool table ;),"[1, 17]",27
"I don’t know her, I just thought it was funny how the titles of that post and the post under it went so well together. ","[10, 17]",27
"I don't get it. Are they upset that men aren't all using the blue nametags because blue is the color for boys, or what?","[6, 7]",27
Lmao stopping a tracking working dog haha.,"[1, 27]",0
I'm still worried about [NAME] though :(,"[9, 19]",27
Thank you for reminding me about how much I love the JJBA abridged series.,"[15, 18]",27
"You can get trough it, it sounds like fucking bullshit, but you can","[5, 20]",27
Thank you so much. I'm really glad you found yourself. I hope to get there.,"[15, 17, 20]",27
Sounds like an edgy 14 yo that just had his first kiss,"[13, 27]",27
Must be a nice feeling...unless UDG is counted.,"[0, 20]",10
I’m interested!,"[4, 13]",27
I've got no place else to go...,"[25, 27]",27
My cockatiel is sitting on my knee. I gave him a hug and promised no more pets.,"[4, 5, 18]",27
im sure he started that line with his own hard earned money,"[0, 4]",27
"This is a hige step! Congratulations, and looking forward to hearing about your recovery. You have a whole new free life to look forward to :)","[0, 5, 15]",27
"Yeah, you should probably get some help first and take a break before going back.","[4, 5, 20]",27
Yeah...I mean I love him! But he is to smart for his own good lol.,"[1, 18]",27
From one finale to the next finale should be one whole year so she’s gonna be pregnant for a whole year lmao,"[1, 27]",27
These are the same people who make fun of single women who own pets.,"[4, 27]",27
Geez those heroes..,"[3, 26]",27
You ok bro?,"[5, 27]",0
"I'm not covering for anybody, trump included.","[10, 27]",7
Thanks man I hope I can get it before the end of the week,"[15, 20]",27
Binged through this last night. Interesting and entertaining. I'd love to see more.,"[0, 13]",27
Seriously? In Dutch right? Because... he's so awkward on his YouTubes in English.,"[6, 7]",27
"Nothing makes me exit a video faster ""looking at this made my nipples hard"" 🙄","[0, 27]",27
I have vision issues already and I kind of freak out without sound. I'm gonna have to say blind.,"[4, 19]",27
Even weirder way to spell [NAME].,"[11, 27]",27
I'd expect this from an actually attractive person but this is just lol,"[1, 8]",27
"Oh, I like this! Where’d you get it?","[7, 18]",27
"Well duh, he’s a scientist. So he’s probably smarter than the average anti vaxxer","[0, 4]",25
"Do you have any recommended places? A lot of the sites I’ve looked at want you to pay, kinda hard when your broke lol. ","[1, 7]",27
"Great deal for us, happy he's back. Up next, [NAME]! ","[15, 17]",27
Congrats and best wishes. Build on progress.,"[0, 15]",27
Did you laugh at this meme?,"[7, 27]",27
"Its the easiest subject in the whole school, they teach us stuff we should’ve learned when we were 11, it’s so bad...","[3, 9]",11
As you wish the hard path is a good one :),"[4, 8]",27
"I think I get this reference, GradeAUnderA?","[4, 27]",27
I’m downvoting because it seems like r/iamverysmart material.,"[3, 10]",27
I was having a good day and it still really made me feel good. Had a bad day yesterday and it's still affirming to hear so thanks!,"[15, 17]",1
Could Unity not sue the author for giving instructions on how to illegally obtain their product?,"[6, 7]",27
I have noticed that one is good for thinking straight and light bulb moments.,"[4, 20]",27
I fucking love this,"[0, 13, 18]",27
It's never going to end unless you end it .,"[20, 22]",27
OMG - you're my freakin' hero. And your last post had me absolutely weeping with laughter.,"[1, 26]",27
You just know he liked his own comment,"[20, 27]",27
For some reason I find these charming 🤷🏼‍♀️,"[0, 22]",27
Argh. The most stupid and needless abuse of power teachers do. Some particularly stupid ones at least.,"[2, 3]",27
"Thank you 👏👏 looking like she's going to the gym, yet wearing heels? Looks awful","[7, 11, 15]",27
Well that’s dumb. The question is about this sub.,"[3, 10]",7
You did it!,"[4, 21]",5
"Crazy he took 1 year contract instead of a stable 4 year contract. Kind of shows you how dumb the guy is, 1 injury is all it takes","[10, 26]",27
He's only making like 3M more than [NAME] this year wow,"[0, 26]",27
I interview applicants and respect people that ask about work life balance and harassment policy... are applicants afraid of asking these questions?,"[0, 4]",27
Stay safe. Love from KY!,"[5, 18]",27
Sold bridges and essential oils?? Please elaborate on this reference man. I ask because it’s hilarious and I’d love for it to be original,"[7, 18]",27
Throwing the book to see what sticks you think?,"[2, 7]",27
"I am truly sorry, I did not realise you thought immigration had no bearing on brexit. I shall not overestimate your intellectual abilities in future, i promise.","[22, 25]",27
Theres a pretty big Irish population in Edinburgh/ Glasgow as well that'll likely end up contributing to the support.,"[4, 27]",7
His definition of a grown man is someone who drinks irresponsibly and then beats people up. GET OUT.,"[2, 11]",27
[NAME] got heart,"[4, 27]",27
"Wait, they banned his mother from travelling too? ","[6, 7]",27
Hey buddy might wanna take it easy!,"[5, 27]",11
Given the situation I actually think it was the best possible outcome. A great success.,"[0, 22]",27
I'm enjoying the witty comments but anyone want to throw in some analysis?,"[7, 17]",7
"TIL the Recession, Great Depression, Colonialism, War on Drugs etc. were created by socialists. ","[22, 27]",27
"It's disturbing that this tweet got so many likes. Like, this is why twitter has a cancerous reputation.","[3, 9]",10
"The angle makes it look like he's 15 feet tall, but otherwise, very good.","[0, 4]",27
I'm so glad I grew up playing a shooter made for kids rather than a shooter made for kids.,"[15, 17]",27
"This is profoundly unsettling to me for some reason. Thanks, I hate it ","[2, 15]",27
Of course! You deserve the recognition and exposure. Your work is extremely comforting !,"[0, 4]",27
I want him to change and realize he messed up and he needs to do better,"[5, 8, 22]",27
"Wow, now that you say that . Although, we do have [NAME], South Park, Family Guy and American Dad now. Mmmmm, [NAME] ","[13, 22]",27
Do something about what?,"[7, 27]",27
"Great game, great soundtrack. He was like 19 or 20 when he did that too.","[0, 4]",27
Younger and younger he goes and where he'll stop no one knows. Sorry you had top be in such a situation. Thanks for the post op.,"[15, 24]",27
I did rank them above protista.,"[4, 27]",27
">just because I miss [NAME] and [NAME], who played them. You forgot to add the rest of that sentence ","[25, 27]",3
"Sorry, what?","[6, 7, 24]",27
"I hear you, but I'm at this point I'm willing to take risk","[20, 27]",13
The carpool part!! The beauty of kids haha,"[0, 17]",0
I know but for that one moment he was more than that guy who snuck in [NAME] room at night and wore his helmet,"[0, 27]",27
"Wow, congratulations!! Hugs ","[15, 26]",27
"[NAME] is a 6'5"" [NAME] that can't rebound or defend.","[10, 27]",27
I wish I could get 9 usd per hour in my job. (not American).,"[8, 20]",27
I gave the show a chance because I enjoyed Bad Education. AP Bio is pretty bad compared to it. Hopefully season 2 improves.,"[17, 20]",27
"Fair enough. But remember, the sooner you spawn, the sooner you'll have that sweet free labour around the house ","[4, 20]",10
Why would someone need a year to respond to your needs? Don’t waste another moment.,"[7, 10]",3
Why did you agree to it... Lol... I'd understand if it was kindergarten kids who agreed to some rules and later decided to change their minds...,"[1, 7]",27
Don't cope,"[3, 10]",27
"Ugh, that contour looks so incredibly natural. I love this look; it's stunning and smooth as hell.","[0, 18]",17
"Fucking monophanie looking ass floating with the dead, nice.","[2, 3]",10
"A sea of red flags. Make this guy your ex, you deserve better. ","[4, 5]",22
The 4th from the right on the front row is still my favorite hat. It is hard to pair the Blue and Orange with a random outfit.,"[0, 18]",27
That is amazing! Congratulations! Such a great news!,"[0, 15]",27
Nope. I don't think so either. Same thing I noticed with a couple of accounts that posted here at ESS recently.,"[10, 22]",27
"Australia? Edit: No, [NAME], but awfully similar to the situation here in Australia.","[7, 27]",27
This is the most horrifying thing I've ever read on this thread. May you and your loved ones see this through safe and sound.,"[5, 14]",27
Funny they decided to show a bunch of T2 images demonstrating the chronic microvascular ischemic disease and omitted the diffusion which had the more interesting findings pertinent to TGA.,"[1, 27]",7
FUCKING READ IDIOT,"[2, 3]",27
Thank you so much. Happy New Year to you to.,"[13, 15]",27
I am just a regular guy. Maybe you guys should talk to a specialist....especially if you are trying to conceive. Good luck!,"[5, 20]",27
People are barbaric even though they are peaceful? You’re not making any sense.,"[3, 10]",27
just ban everything!,"[2, 3]",0
Lol I’d love to.,"[1, 18]",27
"By the end of the trailer, I actually forgot spidey is dust for now.","[22, 27]",27
Watched this while eating hash browns covered in ketchup. You SOB. NSFW lol.,"[1, 27]",27
I don't think that's a normal marriage because my husband has never said those kinds of things to me (20 years now),"[26, 27]",27
Hahahahahaha you 100 percent got my ass first time in months I’ve been got. Thank you.,"[1, 15]",27
People who claim others lie often deflect the question when asked for proof. Grow up,"[5, 22]",27
Good luck!,"[5, 20]",27
Somebody is really insecure about their career decisions.,"[14, 19, 27]",10
It’s all good. You do you. I get pissed and overreact all the time.,"[0, 3]",27
love how nobody decides to run over to him and help,"[3, 18]",27
It is a very good opportunity for him to learn not to care so much about his hair.,"[0, 4]",27
"It's spelled HIPAA, not HIPPA. It also doesn't do what you think, and at best it's the ADA that discourages employers from asking.","[10, 27]",27
"I have no idea what's going on, but I hate when people surround the car like that. ","[6, 10]",20
facetune is hard work you fucking pore. I work all day to support this family and this is the thanks I get?,"[2, 3, 15]",27
I have a cold too 😿. Hope you feel better!,"[5, 20]",27
Poetic and also true.,"[0, 27]",11
"At first view, I thought it was a beer mug seen from above but immediately saw it's a pancake and now I'm just feeling dipshit.","[3, 22]",27
I love spaghetti... Can I have your recipe?,"[7, 18]",27
Oh! I didn't realize they were also vegan.,"[22, 26]",27
Thank you! Looks delicious.,"[0, 15]",27
I didn't know that communism was a subject,"[6, 22]",27
"Very, but I also never really liked home to begin with so it's been more of a relief.","[10, 23]",27
We might now be almost maybe nearly ready to potentially maybe play finals. I think [NAME] will make the finals this year. They'll be the surprise team.,"[20, 26]",3
Private practice cash only in a wealthy suburban area. Just see the worried well and live the dream.,"[4, 5]",27
"on the subject of meltdowns, stay calm yourself and try your best not to escalate them.","[5, 27]",27
Should've left it at this.,"[22, 27]",27
This is true — it only really is annoying for 69ing I guess. Too much going on ahahaha,"[1, 3]",27
"I know, right? What an embarrassment that local news would call that thing a ""tractor"".","[7, 12]",4
Happy new year!,"[17, 27]",27
what is cringe about this?,"[6, 7]",27
This guy also has scorching speed on the bases.,"[0, 27]",27
"Yikes ... that's a bad one. Thanks, and good catch.","[0, 15]",27
This is how it should be. I'm so happy to see this post.,"[4, 17]",27
oh stop IT,"[2, 3]",27
I love this! Wish I lived in the city!,"[8, 18]",27
"I wish mine believed in it. Haha. He was just bouncing on his bed and laughing, then crying. Maybe he’ll get it eventually.","[1, 8, 20]",0
That’s adorable! I love it!,"[0, 18]",27
Nononononononononono this is not happening,"[9, 10]",27
"I think the number seems plausible, but I don't see why the number matters - elaborated here.","[4, 6]",27
I'm so sorry,"[24, 25]",27
"This is why you always get a prenup. You never know if, during your marriage, you might become the wealthiest person in the world.","[20, 22]",0
That is not the typical sexual dynamic in western cultures. That's a crazy asshole.,"[3, 10]",2
Did he say skinny wieners?,"[6, 27]",27
Someone who evidently doesn’t really know much about football or doesn’t do a simple google search before posting.,"[3, 10]",23
I'd love [NAME] to smash some faces in.,"[13, 18]",27
"I think we would have tried to, but [NAME], as we can see, is way too good to make us a bottom 4 team.","[0, 4]",11
"Too bad no crossprog with PS4 thanks to Sony, though I heard gamedevs are trying to talk it out with them","[3, 15]",27
Imagine the baby being retarded,"[25, 27]",27
That’s wonderful to hear. :) I hope you get your guy!,"[0, 20]",27
No actually my therapist is amazing! I've just had bad experiences with doctors in the past. I meant I'm worried the doctor will say that.,"[0, 14, 19]",27
Great bit of info. Thanks for the reply.,"[0, 15]",27
*blinded by the shill* I know like 2 people unfortunately..,"[25, 27]",27
"Yes, good communication is key and we all see the world through our own unique perspective. Thanks for sharing!","[4, 15]",11
"I'm pretty jelly now, lol. Esp. The pear shape 😧","[0, 1]",27
I agree it was just funny with the timing. I'm guessing you don't usually order AT the gym. :),"[1, 4]",27
"Let's wait for January patch, and hope that your problems will be resolved soon. I have too much fun in this game right now :) ","[17, 20]",27
"i'm not that into shower sex tho. like it's fun sometimes, but it takes me so long to get off when i'm wet.","[10, 12]",4
Well this is frustrating.,"[2, 3]",7
"I never thought about that last part - how cool! He is lucky to have you for an owner, you seem very caring!","[0, 5]",27
Welcome to the club....,"[15, 17]",27
What a useless answer in this situation,"[10, 11]",27
Lol really?,"[1, 7]",27
OK thanks 😂 I just typed she automatically and then realized I had actually no idea if she was a she hahaha,"[1, 15, 22]",27
"Saw it. Loved it. Wasn't hating on [NAME] man, was just commenting on what I was watching lol. ","[1, 18]",27
So the term Londoner is now Sunderlander? Thanks for the update.,"[6, 7, 15]",27
"I’ll never understand people who freak out at that, just say they were born a different color.","[4, 6]",27
I'm crying laughing in the cubes.,"[17, 25]",27
"Not that hard, but definitely time consuming, especially to gather a dataset fit for video training.","[10, 20]",27
That it just seems worst now because we have phones (instant media),"[3, 10]",27
"you dont have to sign up for anything, just literally paste the output of the script.","[4, 27]",27
"So the price goes up until it's worth it for UK people who want to ""work for a few months and make some money""","[22, 27]",27
His truck was never used by ISIS.,"[4, 27]",27
I kept hoping [NAME] would walk out and shame DG.,"[12, 20]",27
Her elitism is what earned her the place here. She's clearly a lefty statist.,"[0, 4]",27
Thank you. I’m sorry that happened to you.,"[15, 24]",5
"So, I'm wondering if there's something I can use for this project that will help you if it's solid.","[20, 26]",27
That’s good,"[0, 4]",27
"Yeah. Hard not to catch feelings sometimes, even if they are just a bunch of writeoffs.","[9, 16]",27
they just want someone to agree with them and tell them they're right. that's all these sorts of posts ever are.,"[3, 22]",27
"It'll get better. I know sometimes it's hard to believe that, but it's true. Promise.","[4, 20]",11
Their stuff is actually really amazing! Everything from brushes to lipsticks I've loved,"[0, 18]",0
You just defended him with a bunch of doublespeak bullshit so I’m gonna have to disagree. You’re a fucking idiot.,"[2, 10]",27
"I can't see a way forward, neither the government or the opposition wants no-deal or to cancel A50. ","[9, 10]",27
>You do realize that video is from a movie right? >Mentions [NAME],"[7, 27]",11
I wanna see [NAME] up there 90 points let's do this,"[4, 8]",27
I might have accidentally brought some back when I went to Peru. 🤦🏻‍♀️ Ah man I loved pisco.,"[6, 18, 20]",27
Frozen berries are fantastic. Put a few in some heavy whipping cream in a blender with a little sweetener.,"[0, 22]",27
yes but this is a crazy person. That's like telling Two-Face he doesn't have to flip a coin before committing a crime lol.,"[1, 3]",27
I’m not sure this was a while ago. No major injuries were sustained so probs not.,"[6, 23]",27
You're not wrong. Hahaha,"[1, 4]",0
"Ugh, me too. ","[3, 4]",27
I hope she will. I will regret it until she does and even after that I may still regret all I did.,"[20, 24]",27
"hey of course, I’m glad I could shine some light. Stay strong mate ","[5, 23]",27
"Like the op said, [NAME] is more of a giver, so I think [NAME] would be happy as long as [NAME] would be happy","[5, 17]",27
She should not defend herself? Stop blaming both sides.,"[2, 27]",27
This was the most fun I've had watching a game since [NAME] 35 point game,"[1, 17]",27
This dvd must be pretty hard to come by if it’s going for $49... thank you though I appreciate it.,"[0, 15]",27
I really hope [NAME] is in mk11. Hes such an awesome character!,"[0, 20]",27
How is the surf simulator open if the pool area opens in march?,"[6, 7]",27
lol this is good.,"[0, 1]",27
"except this isn’t true, we know this because other cities do the same thing and see no significant decrease in sales ","[10, 27]",11
No the limiting factor is the leader raped a young boy and paid his silence,"[2, 11]",27
"I just wanna say, I appreciate you making it into a gif. I wouldn't have watched the video. So thank you.","[0, 15]",27
Outside of Reddit the Democrat base has definitely not gotten more progressive.,"[4, 27]",22
You should be proud. I hope that I'll have the will to keep myself held to such a standard when the time comes.,"[20, 21]",27
We will pray for your conversion and for those who misspoke for the church. Keep at it. The fact that you’re here means something wonderful.,"[0, 4, 20]",11
"[NAME]: ""I wish I won't get robbed of a victory again"" [one finger of the monkeys paw curls]","[8, 20]",27
"Gotta share the love, have an upvote :) ","[18, 20]",27
Good mythical morning. Hope you get better soon,"[5, 20]",27
I'd love that,"[18, 20]",27
If they could get a psychologist/therapist maybe they would have a better life.,"[20, 27]",27
My meme coins are starting to hit the 70% growth range from the beginning of the month. I'm feeling bullish.,"[12, 20, 21]",27
That's because there are a lot of other attrocities that have happened since then. [NAME] aren't the only ones facing discrimination.,"[3, 10]",27
"Great to hear that. Go beyond, plus ultra!","[0, 5]",27
Cause emotions are difficult and people fear rejection,"[14, 27]",14
Hey now. Kirkcaldy is a lovely place to see in my rear view mirror.,"[0, 18]",27
"Thanks for sharing, it really sucks that people would do this. I barely slept last night because I was so frustrated with the situation.","[2, 15]",27
I appreciate it so much! I'm gonna message you!,"[0, 4]",27
It's cool to see more organised stoners too haha,"[0, 1]",0
No...how dare you bring factual evidence into this conversation! /s,"[2, 3]",27
Her booty so thicc it bends the space/time continuum,"[0, 4]",27
What does that even mean? What a uselessly vague statement.,"[2, 6]",27
A new apartman will give you peace of mind. Start saving up.,"[4, 5]",27
Now I’m crying before work thanks a lot 😭,"[15, 25]",27
Science damn you!,"[2, 3]",25
I'd say that the vast majority of the population is and was rightly looked on as horrific. Christmas music makes me feel like a real [NAME].,"[9, 27]",13
"52k upvotes in 2 hours. That's Reddit for you! Congrats, guy!","[15, 17]",22
There is nothing worth saying about that insipid shaving cream ad. I haven't seen it and nothing will convince me to change that.,"[3, 9, 10]",27
Was there a new episode this week?,"[6, 7]",27
Real Person. I'm just saying I like the merchandise.,"[4, 18]",27
Right! I wish that fool would throw in some examples.,"[3, 8]",27
"Get a handkerchief, ridiculously helpful.","[5, 27]",25
"Are you [NAME]? Haha Kidding but shouldn’t feel that way, you tried it and now try to look for something that will keep you going. ","[1, 5]",0
"I'd be so upset about this, I hope you got to enjoy it thoroughly :)","[9, 17]",27
" Therapy really is the only way. It's not easy, but maybe therapy will help you learn to love yourself enough to love someone else one day. ","[4, 18]",27
Unlubricated is the best unicorn there is :),"[0, 4]",27
"Okay, so that doesn’t really answer my question. Are you suggesting the liability will fall on the towing company with shitty or sketchy reviews? ","[6, 7]",27
Haha and [NAME] is calling the Chicago crew the most triggered bunch. Then proceeds to scream at them like the little triggered bitch he is.,"[1, 3]",0
I love Simpsons alternative art because it really drives home how great these characters are and how relatable they are.,"[0, 18]",27
hmmm interesting... i guess your an interesting lady. PM me then. :),"[0, 13]",27
"Hahaha. Oh, you.","[1, 27]",0
[NAME] was a strong candidate. I think she can win if it's an open seat race.,"[0, 20]",14
"I know the planes are bad, but come on man.","[10, 11]",27
"[NAME] is timeless, so I think both can be true at once. We have been saved, are being saved, and will be saved.","[15, 27]",11
Wow this is supee trashy. How did it get to front page?,"[0, 26]",9
Dude i wish you the best. I had one and it had been removed though surgery about 5 years ago. The best of luck,"[5, 20]",27
Oh boy you’re really going to trigger the “enlightened centrists” with this contemptuous babbling.,"[3, 20]",27
"And the new sword is kinda shitty, and not even a complete sword at that price. Also, the sword is really bad for the environment.","[9, 11]",27
There are a few. I've gotten a couple messages. Thanks for the support but people judging my throwaway account... who cares?,"[7, 15]",27
They're both happy though,"[13, 17]",27
Downtown Charlotte at a pretty nice restaurant too Edit: missed the when part. This happened around spring 2017,"[0, 22]",10
Imagine thinking that a rapist isn't deserving of prison. He's not even sorry.,"[2, 10]",27
I need this source with sound,"[4, 27]",27
"Brilliant! Like I said to the other dude, anything that's similar to this is a happy coincidence:)","[0, 17]",27
Yet *I* get banned for saying you should downvote posts you don’t like. Fml,"[3, 10]",27
Thank you for sharing this. May your friend rest easy and you find peace.,"[15, 16, 25]",27
"Damn, that's dark","[14, 19]",4
Why? I've got your attention and thats when the fun begins,"[1, 4]",27
Lol I collect them too!,"[1, 4]",27
"I think it was, it was do scary, i honestly never wanna do that stuff again","[14, 19]",27
"I mean, they've probably dealt with human vagina blood on a fairly regular basis...","[4, 27]",27
Really well said.,"[0, 15]",7
This is great. Thanks for sharing OP :),"[0, 15]",27
I don't know what she is talking about. Therefore i will say that she is DEFINITELY WRONG AND SHOULD SHUT UP! /s,"[3, 6, 10]",27
This thread is a good indicator that Canada has a ton of racists who also love Reddit.,"[0, 18]",22
Can't clear anyone of something that never happen or that they never did.,"[6, 9]",27
"Well damn, sounds more reliable then shit like and all that","[2, 9]",27
Good article there! Thanks for sharing.,"[0, 15]",27
I feel you. I hate needles and i'm a type 1 diabetic,"[2, 9]",27
"I’m thinking so, since the sides are spiky and somewhat serrated.","[3, 27]",27
That's so cool 😀 thanks!,"[0, 15]",27
"Superfluous? No, just give what you said would be necessary in 2006! ","[7, 20]",27
Rough. Poor woman.,"[5, 27]",27
Great picture! What a amazing tribute! I love Dallas,"[0, 18]",27
"Haha not in those words, but I did say it was dramatic and unreasonable.","[1, 10]",0
So you don't reject your ideology's premise that you can just protect yourself.,"[3, 5]",27
"Bore off, you pearl-clutching, centerist coward. ","[3, 27]",27
"Move on bro. Don't sit around waiting for someone. If it's meant to happen later, it will.","[5, 20]",27
Do you always assign people positions they don't hold to avoid accountability for being a failure? Or is this a recent development?,"[6, 27]",27
"Geezuz, this brute is damn hot. I'm In Love. ","[0, 18]",27
*Hey just noticed..* it's your **5th Cakeday** melodesign! ^(hug),"[13, 17]",27
"I don't like it but it also makes sense. If [NAME] headlined a deal with the Mariners for [NAME], I'm all for it. 10000%","[4, 10]",27
Cause as soon as he locked in execution he used the auto typing function immediately celebrating. Gets punished by karma and im the one down voted. Sure,"[3, 10]",27
Best news ever. Some quality futbol at last!,"[0, 27]",27
Ah damn it.,"[2, 3]",27
"watching [NAME] attempt hook shots gives me a panic attack, even when he makes them (which is rare)","[14, 27]",7
That’s blasphemous 😩,"[3, 10]",27
Wwwhhhhyyyyy do they keep forcing [NAME] down our throats. [NAME]!,"[3, 27]",27
Yea. That video is garbage.,"[11, 27]",27
We would leave ours up a long time. Cooperate decides when the come down. Maybe that's why.,"[6, 27]",11
"Thanks, you’re right. I should delete the app. ","[4, 15]",27
I LOVE [NAME]!!! She’s all around a really outstanding and kind human being,"[0, 18]",27
"Thank you! Some of the phone pictures I see taken through telescopes are pretty cool, it is amazing to see how well that method works...sometimes...","[0, 15]",27
"You better go to a church tomorrow and repent..also, tell the Pastor what happened. I am serious. ","[2, 27]",27
"...if there is a way to edit this to ""original content"" I'd love some coaching on that. Thanks folks! ","[15, 18]",27
"Wow, y'all are heroes! ","[13, 17, 26]",27
Thanks I absolutely love it.,"[15, 18]",27
Unless they’re narcissistic. Then gray rock the hell out of them and good luck!,"[20, 27]",17
"Yeah, that’s probably what he was trying to say","[4, 27]",27
That’s horrible. You definitely didn’t deserve it. I’m glad to hear you’re doing OK now.,"[11, 17, 23]",27
How’d you film this and what type of microscope/camera did you use? This is great!! Thank you for creating and sharing.,"[0, 7, 15]",27
I’ve been abused enough by the Knicks today.,"[12, 25]",27
I wish I could upvote this a million times. What a wonderful tack to take.,"[0, 8]",27
He doesn't He just want to get the F*** out of there.,"[2, 27]",27
Happy cake day Mr bot,"[13, 17]",27
yes. i hate being bored. it's the cause of much of my depression and anxiety.,"[3, 19]",27
> i find it very dog-like and adorable :) I find it very monster-like and terrifying :|,"[0, 14]",27
"I got you dude! I use it a ton, Glad I could make it worth it for you!!","[5, 15, 17]",27
"Well Happy Birthday from another random stranger on the internet. I spent my birthday mostly alone too, hope your day wasn’t too bad. 💙","[20, 25]",27
Mine is 2.5 and trying to drop her last nap. She needs it so desperately though. It is HELLLLLL dealing with this.,"[2, 3]",27
This is a 10/10 on concept alone. I can't wait to see if it's any good.,"[10, 13]",27
I do go to the school counselor once a week. Thank you for the suggestions,"[4, 15]",25
What kind of dog is that on the left?! He looks like a sweet pup.,"[0, 7]",27
Are you in Auckland and would you like to start work on Monday?,"[7, 27]",27
My pleasure. It pays the bills.,"[15, 17]",0
Was not aware. I know it's bad but I rather keep my head in the sand on this one because I still want to like [NAME].,"[8, 22]",27
BPC-157 may help you in healing. I wish you the best. You totally dodged several bullets.,"[0, 8]",27
I like your name.,"[0, 18]",27
Proud of you for being exposed to all this and still recognizing how crazy this shit is.,"[0, 21]",27
"ive had 300ug tabs before, took 2 had full on ego death was naked with my friends jumping on moving cars ","[1, 17]",27
Glad to see it resolved by someone as the community manager said not too long ago. I wouldn't give in and pay.,"[20, 23]",22
"Please be careful with pain relievers man, I'm really sorry.","[5, 24]",27
I would choose to go in the coolest way possible. Don’t know what that would be but I would want my last moments to be memorable.,"[8, 20]",27
Funny never not will be this.,"[1, 10]",27
Yeah I think most of what [NAME] says is sensible policy but this would be a step too far.,"[4, 20]",27
Might I suggest if you give yourself an epithet with the word 'prick' you are infact inviting a little denigration from the jaded?,"[6, 7]",27
Seems like a lot of time to wait ... i might need other options.,"[6, 22]",27
This team is fucking embarrassing.,"[2, 3, 12]",27
I hope The pelicans trade him and [NAME] if they trade [NAME]. Hate to see them waste away in NO,"[2, 20]",27
I would say love is never enough. Love is unconditional. Relationships are not.,"[15, 18]",27
"Thank you, I need it. I am currently trying to learn French, would that help ?","[7, 15]",27
So what's so funny about what you just said?,"[3, 7]",27
There is a startling lack of empathy in this thread.,"[26, 27]",27
Let's all wilk together!,"[17, 27]",27
Thanks I was worried that I might die alone,"[14, 15]",27
Awesome! Glad you found it informative! Thanks for watching.,"[0, 15, 17]",27
Eh. Totally possible. Even if he did know he's drunk and could be having a laugh about it.,"[1, 4]",1
"The ""people's assembly"" is the latest ruse by neoliberals since they realised they have little chance of winning if another referendum was called.","[22, 27]",27
I was in the hospital two years ago and definitely had His help! My family saw some signs. It was very amazing.,"[0, 22]",27
I didn't say remain was left wing. I said the E.U acts as a buffer against the most insane and cruel Tory policies.,"[3, 10]",27
"Game still ""fun"" if you don't tryhard and play on QM but some people are trolling on other mode and that's Can be hard for nerv.","[1, 27]",27
All my hugs to you. She will have a peaceful end surrounded by people who she loves so much.,"[5, 18]",27
I needed to read this because I felt so bad for this guy... I just can't imagine a long walk home in winter.,"[9, 25]",27
Why in the world did you marry her? She's ragging on your own sister???,"[3, 7]",11
Should this be tagged nsfw for the knot?,"[6, 7]",27
"Prices there appear lower than Banff and it would only be a short drive, thanks! I'll continue my research into Canmore.","[4, 15]",27
"You fool, you have no idea that you talked about team fortress all along!","[2, 3]",20
When people bring up rape culture they mean stuff like this. Because yeah it’s been out and swept away and not raged over,"[2, 27]",27
"She really does and She really isn't! She's an old, tired ass, busted up, con artist hoe!","[2, 3]",27
Not sure how you got that outta my post. I play a lot of non-meta stuff all the time just because I find it fun or challenging.,"[6, 17]",27
"What? No deal, abort, abort!","[10, 27]",27
1. Keep doing exactly what we have been doing for the last 24 years. 2. Expropriate the land. 3. ?? 4. Economic growth.,"[7, 22]",27
Omg this is the best idea I’ve ever heard for a rework,"[0, 13]",20
The bot did its job. It’s me the awful one,"[4, 12]",27
No TV Party for you 👎,"[2, 3]",26
I’ve been to two locations and the burgers are SO GOOD!!,"[0, 18]",3
Your girlfriend is cruel and emotionally manipulative. Get the hell out and don’t let anyone else treat you like a dirty little secret again.,"[2, 5, 10]",17
Hope your mum gets well soon. Enjoy Saturday!,"[17, 20]",27
That sounds awful. Do you like that schedule?,"[6, 7, 14]",27
Great to hear something positive for once! Was half expecting a negative rant. Yay for [NAME] and congrats to you.,"[0, 15]",27
Fuck the fucking refs. Seriously. Fuck those fucking cunts. I'm so fucking mad. Fucking dickless fucking street walking fucking sluts.,"[2, 3]",27
">Emotions like this will get you killed. That is too bad, considering I was planning on living forever.","[3, 10]",27
Thank you for the advice. It is really really appreciated. 🙂,"[0, 15]",27
delusional about dread being a scam (don't know how this would work) and more of these conspiracy theories with zero proof/,"[9, 19]",27
I feel your pain. Sitting here wallowing in self pity and anger at how I let myself go!,"[2, 25]",27
"yet another infuriating loss, against a garbage team no less","[2, 9]",27
So basically what we have is a horribly exploitative business model meant to prey on drivers by tricking them into accepting unprofitable rides.,"[3, 9]",27
There were rumors for a long time to work out and I ended up making it smaller.,"[9, 27]",27
That's exactly what I said and not arguing in bad faith at all. I applaud your intellectual honesty and hope your sexually repressed dystopia is swiftly enacted.,"[0, 20]",27
[NAME] reaction gives me life. His reaction when they got punched last episode was amazing too.,"[0, 4]",27
Oh wow I didn’t know their website was owned by Sinclair. I thought that was just channel 2.,"[22, 26]",27
"I think there is something odd about it too... We will probably get the truth it the not to distant future, but no one will care. ","[6, 10]",27
And it's stopped. Training cancelled :-),"[17, 27]",27
"I already love [NAME]. [NAME] gorgeous, but just didn't charm me as fast Ms [NAME].","[0, 18]",27
"My nmom always says ""Well, you learned from it!""","[17, 27]",7
Lol that’s classic!! Thanks.,"[1, 15]",27
Thank you! I'm going to do my very best. ❤❤❤,"[15, 20]",27
Isn’t SOHR group of people(organisation)? lol dont tell me its just one guy.,"[1, 7]",27
Do you know why their airships have sirens? Edit: It's LASD,"[7, 27]",27
"Everyone keeps giving me that advice haha. She's happily married to a really nice dude, and she is basically my sister at this point.","[1, 17, 27]",0
That was worse than a movie jump scare. I don't know why but giant squid feel more fearsome than sharks.,"[3, 11, 14]",27
"I'm the opposite. I love spending time with friends but initiating it always gives me anxiety, so I generally wait for them to do something.","[13, 18]",27
"That would be really great, but good luck.","[5, 20]",27
"I appreciate the honesty! If you don't mind me asking, what state do you live in?","[0, 7]",27
Reminds me of series finally [NAME]. Serious and dashing.,"[0, 22]",27
Most [NAME] don’t really know the difference. Its an easy boogeyman.,"[10, 22]",14
I want the man who makes me pizza from scratch and then lovingly hand feeds it to me. Completely realistic expectation.,"[8, 18, 20]",27
Cuddling. Lots of cuddling,"[18, 27]",7
Agree. I did enjoy Godless but I was addicted to The Terror. It was full of such amazing character actors.,"[0, 13, 17]",27
My fave moments are checking cities and villages and my heart races when I see movement :D,"[18, 27]",27
Nice try hilary but you lost to those idiot minority,"[0, 9]",10
"No offense but you have no idea what you’re talking about. Maybe you like neurotic, needy men, but the general populace does not.","[3, 10]",20
I bet the people who migrated here legally some time ago would love to see the problems they fled from follow them back here!,"[18, 27]",27
"Her mother has been visiting the book sales down at Miskatonic university! You apparently have an excellent reading background, and you've learned well!🧛‍♀️💜","[0, 4, 22]",27
[NAME] damn it I hate when enemy keepers use their hands and stuff to keep the ball outside their goal. Make a mistake pls.,"[2, 3]",10
I just want him to be successful though...I dont think he wants to be at this point,"[5, 8]",27
My whole life’s been a lie,"[9, 24, 25]",0
Glad to hear. It seems like a very hopeful sign. 👍,"[4, 17, 20]",27
I can do that too but I have diarrhea,"[9, 25]",9
Wish you did more. Sounds like she deserved worse.,"[8, 9]",27
I picked up smoking again thinking it would aid that void that is working. It just made it worse.,"[4, 9, 11]",27
good luck. I'm hoping to get hrt this year and be a girl for my senior year.,"[8, 20]",27
Tell her to stop eating shit and start using mouthwash.,"[3, 11]",27
Thank you so much! We will likely also be doing that haha :),"[1, 15]",0
Maybe focus on today instead of worrying about eternity? You'll get a lot more out of life that way.,"[4, 20]",27
Agreed. I'm happy he was able to find a resolution of sorts; to effectively overcome the event.,"[4, 17]",12
Let me add to them - it was awesome. Also unexpected!,"[0, 26]",27
"There’s a lot of us ladies here, unfortunately 😔","[9, 25]",27
Yeah there's no reason to believe you staying up as a kid has anything to do with your current insomnia,"[3, 10]",27
"If this is actually real it is really fucking stupid.. 400mg of nicotine!? Clearly you're looking for something stronger, might as well try heroin..","[2, 3]",22
Idk I’d kind of like [NAME] to come up next year. [NAME] still scares me a little. Not saying I don’t like the guy,"[3, 6, 14]",27
"Not for me. The ankle area is the least painful, compared to the rest of your body ","[10, 22]",2
Cheers dude. Upvoted!,"[0, 4, 13, 17]",27
yah [NAME] is well-known knock out artist. What's your favorite KO/TKO of his in the UFC? Oh wait....,"[6, 7]",27
"This reminds me to take a before picture. I'm losing 5 kg of beer gut before May, got to fit into that dress. ","[4, 22]",27
That brilliant and so true!!!,"[0, 4]",11
Not ok. They could have easily given them a drug test if they really wanted to know if they were on drugs. Disgusting.,"[10, 11]",27
Wha? I’m so confused. I’m so sorry this happened because it wasn’t remotely warranted.,"[6, 24]",27
That son of a bitch!,"[2, 3]",27
"Another thank you, this is great info.","[0, 15]",3
I wish. Its too tiny to see from up here.,"[8, 27]",27
This blows. But I think [NAME] can do it alone if he gets a home health care assistant.,"[4, 20]",27
"Polls are closing now! If you're waiting to vote, stay in line! Results should be in shortly!","[4, 20]",27
"Oh wow, you are strong did you report him?","[7, 26]",5
Is this guy from Bogota?! I saw a very similar fellow in Columbia when I was there last year,"[6, 27]",27
What a thoughtful and clever response. I've never seen anyone point out that someone posts in TD before. Very cool!,"[0, 4]",27
"That used to be my favorite view on the planet, but now it’s just rage. I can’t look anymore.","[0, 3, 9, 18]",27
Went to their other location in Capitol Reef National Park and it was fantastic. The cauliflower dough is great even if you're not into gluten-frei.,"[0, 17]",8
Which subcommittee?,"[6, 27]",6
"Not OP, but this is a really great response and I'm saving it on my computer for a rainy day. Thank you.","[0, 15]",27
i would love to have your neighbor!! he seems so nice! i really truly do hope you never meet that guy again.,"[18, 20]",10
Start doing things you want to do? Doesnt need to be the same things as your peers but just the things you like.,"[4, 7]",27
Good for you OP! I hope you find a much better playgroup soon!,"[0, 20]",27
I'll help hide the shovels beforehand,"[5, 27]",27
"It can't be, I won't believe it.......this is some antivawers bulls**t xD","[2, 3, 10]",27
I love her attitude and confidence! She has such good sportsmanship,"[0, 18]",5
Isn't this the plot of the show YOU on netflix? Be careful lmao.,"[5, 7]",27
Damn it. Don't mention [NAME]. Just makes me sad thinking what could have been.,"[3, 25]",27
That's how mafia works,"[22, 27]",27
"Chernobyl incident has scared everyone to death about nuclear, I'm curious where we would be if that never occurred.","[7, 14]",27
I love people that will go out of their way to save a small animal from traffic. Always help the cute ones! And they're all cute!!,"[0, 18]",27
[NAME] belongs to no one.,"[25, 27]",26
Ah! I couldn’t remember his name!,"[26, 27]",27
If liking your own country is a right wing talking point then why don't the left wingers just leave the country?,"[3, 6]",27
Literally right after I sent it. What the hell,"[2, 3]",17
I would love both of them,"[18, 20]",27
"* [NAME] fought for freedom and glory, is one of my favorite characters in general.","[18, 27]",27
"I actually see this one a lot. ""Allergy: fire ants."" Me too, bro. Ants will fuck you up.","[2, 3, 11]",27
Make a super sweet piece of jewellery,"[7, 8, 13]",27
You mean your WolfDog Hybrids? Kidding.,"[1, 17]",27
What's the cringe?,"[6, 7]",27
If I’d know about his kin shit I would have never been friends with him in the first place,"[2, 9, 10]",27
I’m impressed.,"[0, 18]",27
She was literally the worst manager I’ve ever worked for,"[11, 27]",14
there is no compromise with people who hold the American people hostage for something the American people don't want. don't negotiate with terrorists.,"[3, 10]",27
Thousands of people born every single day! But mine? Mine's a god damned miracle!,"[0, 13]",27
"I hate this self-defeating bullshit. Yes, of course you can lose weight. Everyone can. Literally everyone.","[3, 20]",27
I don't get it haha man it sucks not knowing what a wall phone is haha,"[1, 3, 27]",0
This is so repulsive and disgusting. The government needs to do more to protect organising.,"[11, 20]",27
Well RES shows I'm responsible for +113 of that so...you're welcome lol.,"[1, 27]",27
"I’m not crying, you are!!! 😢","[10, 25]",27
"At least was fun i guess Thx [NAME], thx [NAME]","[1, 15]",17
That’s exactly what it was. Exciting entertainment. Sometimes you just gotta let go & accept it for what it is.,"[4, 13]",27
You seem fun,"[1, 17]",27
">How can I hate [NAME] I like [NAME], [NAME], and [NAME]? And [NAME]","[2, 7]",27
>Relax ms bi weeb who leans left haha... thanks i love it,"[1, 15, 18]",0
They're cowards.,"[3, 27]",27
Wow...is that true? I’d love to see more on that. Can you provide any links or documents on that?,"[7, 18, 26]",27
Then getafe should have gotten their first goal. Ref is really bad.,"[3, 9, 10]",27
I’m happy. Does that mean I can downvote?,"[7, 17]",27
I thought this was a diary that I wrote in my notebook! I'm almost exactly the same!,"[6, 26]",27
"I was Isla Vista, beautiful and terrible place","[0, 6]",14
" ""What do Scottish people look like?"" How I would love to have been there to take a swing at that softball. ","[7, 18]",27
"What the hell does metaphysics have to do with this? Also it’s a meme, get over yourself. ","[3, 7]",17
> whatever happened to MK9's revealing style? Female characters started getting treated as actual characters and not just strictly fanservice mannequins.,"[7, 27]",27
My friend can't kiss her husband if he's had gluten and not washed his face.,"[10, 20]",27
I fell like you're being willfully ignorant of reality.,"[3, 9]",27
Do you have a link to any news or something? I'd love to read more about it.,"[7, 18]",27
Sue the shit out of her for damages to your private property.,"[2, 3]",27
"This is what makes this sub so valuable, crazy and fun.","[1, 17]",27
"> Because I was a disgracefully gullible, immensely stupid fucking dipshit ~~was~~ *am* FTFY","[2, 9]",27
Crying? Yeah i like crying C-calling R-out Y-for I-serious N-mental G-treatment,"[18, 25]",27
Means behave like you are a sexual Tyrannosaurus.,"[3, 27]",27
"Midnight has been 4/4 pro league teams they have played so far, so I wouldn't be too sure they're gonna be bottom feeders","[6, 10]",27
Correct them. It’s best to let them know the real you right from the beginning rather than later.,"[4, 20]",27
You can do it! live the dream!,"[5, 27]",27
"Ugh I live in WA state and now I'm scared I'm going to get measles even though I'm vaccinated, I hate anti-vaxxers","[3, 14]",9
I'm here for you😄😜,"[4, 5]",5
Can we somehow use them to collect co2? Or at least stretch them a bit to try?,"[6, 7]",11
How can he be cool? Pretty sure he has sexually harassed women.,"[3, 7]",27
Congratulations! I have 8 months and 23 days! We DO recover & we can do it together! Proud of you :),"[15, 21]",11
This argument makes zero sense. The same tax exclusions and exemptions that were around when the marginal rate was at 90 are not around today.,"[2, 3]",27
i like that she's just kind of meeting people and dating. I wouldn't even really call it a triangle tbh.,"[18, 20]",27
This sub is so edgy,"[19, 27]",27
> Pretty much the person I love just broke up completely with me After how long?,"[18, 25]",27
Is there a dress code for those runways? ( everyone is wearing dark colors then there is frank),"[6, 7]",27
Sucks to suck Ratbirds,"[3, 9]",27
"My mistake, after almost 15 seasons it's a little hard to remember. Thanks for letting me know!","[15, 22]",27
Wow you summed it up perfectly. Where can I find one of these rare specimens?,"[0, 7]",27
I get to walk home for 30 minutes for the next 3 days. Pray for me everyone.,"[4, 5]",27
Thank you. I needed to hear all of this. I appreciate it.,"[0, 8, 15]",27
I think it’s best to leave this to [NAME] Inheritance tax is discussed at 2:00 redistribution of Wealth,"[22, 27]",27
Actually it's touching and kind of beautiful. The only thing stupid and lame is your comment.,"[0, 3]",27
Really? It was clearly an accident.,"[7, 22]",27
I didn't realize there was ever an initial post on this subject.,"[22, 27]",27
I both loathe and applaud you,"[0, 11]",27
No Despacito Remix. No 4K Ultra. No Goals and Highlights. No 360 No-Scope Assists. Are you even excited man?,"[3, 6, 7]",27
Oh it is going to be glorious.,"[0, 13]",27
I hope the surgery goes well and have a quick recovery 💚,"[5, 20]",22
This is so tough for all of you! I'm so sorry!. Are you in Canada? I would push hard for a pediatric gastroenterologist.,"[7, 25]",27
That’s hard-boiled. This is the secret weapon we’ve been waiting for. You are a god-damned hero. 🎖,"[0, 8, 22]",13
Maybe don't be friends with this person anymore...,"[3, 5]",27
can you share it here? I would love to be able to support you and watch your success!,"[7, 8]",27
"Why would Orlando want [NAME] anyways, this deal isn't real","[6, 7, 27]",27
I love how well 90dayF references easily relate to LAL. I hope you're able yo watch it.,"[18, 20]",7
"I think you'll find there is only one big one, lasting less than an hour.","[20, 27]",27
I’ve come to the same realization. So now if its less than a pound I’m offering free shipping.,"[4, 22]",27
"Not that surprising, but *very* exciting to see! Here’s hoping Syria reclaims its place as a major regional industrial and commercial center!","[13, 20]",27
"The irony here is i agree, but [NAME] is capable of doing it in a bad tank meta. That guy really needs a look at, lol.","[1, 4]",27
If he doesn’t give it a ten I’m gonna riot,"[2, 3]",27
Love the almost sharingan look he gets in his eyes right before the attempt. O-O I CAN SEE!,"[2, 18]",27
I sure hope so. I wanna cry tears of joy knowing [NAME] and [NAME] rode off into the sunset with one last ring.,"[17, 20]",27
"Definitely. I cried. A lot. But if [NAME] existence has taught me anything, it’s to hold out hope! ","[20, 25]",14
It's not even artisanal? You're a monster.,"[3, 27]",27
Both are awesome states. I just got back from NM yesterday! Good luck with your move.,"[0, 20]",27
"Fuck you, u/SamuelZeign ! Your breath smells funny.","[1, 2]",27
"Most national subreddits are nowhere near *real* people, it's quite interesting to see the disparities.","[0, 27]",8
You missed the chance to title it [NAME] :(,"[9, 25]",13
That's actually kinda funny. Just hoping you don't ask for a transfer to the women's facilities.,"[1, 20]",27
Awesome. Thank you so much!,"[0, 15]",27
I cant even deal with this you are fighting with someone over your inability to understand a sooooooooooooooooo is sarcasm. Get some help,"[3, 10]",27
I’m so homesick and I come here for photos like this.,"[22, 25]",27
Tbh as creepy as this post is I was way more sexually active back when I was 16-20 than I am today Kids are horny 💁‍♂️ Idk,"[11, 22]",27
I agree and I’m a man haha,"[1, 4]",0
Don't you know? We have to just shut up and put our heads down until they decide!,"[2, 3]",11
Condoms protect against most STDs.,"[4, 27]",27
"And trying to take [NAME] gun away. 😩 Like really people, it's his weapon, find yourself one and stop trying to teach him better","[3, 10]",13
"Oh my, liberals have been busy haven’t they?","[6, 7]",27
Reminds me of [NAME] place too.,"[22, 27]",24
"Yes, good for Destiny and Bungie, I wonder if they will return to Microsoft, remain independent or sign with another company.","[0, 26]",27
One of my favorite episodes.,"[17, 18]",27
Well that wasn’t my argument all i said was that the second amendment is aimed att the state,"[10, 27]",27
"Dog thinking ""shit this guy is crazy, better get out""","[2, 3]",27
Just a reminder in case anyone forgot that UGA got embarrassed by Texas:,"[12, 27]",24
Wow. I thought the antivaxxers couldn't get any lower. Boy was I super wrong.,"[9, 13]",27
"You must be heartbroken, I’m so sorry. Can you start seeing a therapist?","[5, 25]",27
I need the snapchatzzzz give me names damnit,"[3, 8]",17
Thank you so much! Yes that’s what I think I’ll do wait for him to make a move... the waiting part sucks. lol,"[1, 15]",27
I had season seats in 230 row 2 for a solid 5 years when the Pru just opened. Great view of the ice. Glad you had fun!,"[0, 17]",14
You having a bad day man?,"[5, 7]",1
Oh wow I didn’t realize that,"[13, 26]",27
Well that sucks lmao,"[1, 2]",7
"Wow, the cropping on this shitpost is as bad as it gets.","[10, 11]",27
Hahahaha that one is my favorite [NAME] video,"[1, 13]",27
I heard [NAME] makes someone his bitch on a usual basis. Anyone remember how often?,"[3, 7]",27
"Yeah, that was terrible. [NAME] laughing and joking at the end of that game ended his career here.","[1, 14, 19]",27
It is being talked about all the time on this site. What are you on about?,"[6, 7]",27
"Wow man, that is DEAD. You have no marriage, just a roommate. Life is short, get out and find someone who meets your needs.","[5, 26]",27
I am in hysterics. How are these people so serious?,"[3, 7]",27
>Star centre [NAME] in the leadership group Oh my,"[26, 27]",27
It's also surprising that Valve released a dud game. Maybe it's time for Valve to grow up and introduce themselves to the digital communication age?,"[6, 26]",27
This is my new favorite video.,"[0, 18]",27
I don’t see the MAGA hat kid working to undermine civil liberty. It’s at least understandable to react violently to tyrants.,"[3, 4, 27]",27
"Yup, lost a whole train station inside of their houses. Great loss ","[9, 25]",27
Is it though? All the highschoolers I knew were too broke to be using juuls. Everyone had a suorin and the only ones with juuls were drug dealers.,"[12, 27]",27
You lost everything. So sad. Lots of lies from you. Next time do better. I love this. Friend. :),"[5, 18]",27
"d'oh, my bad 😔","[9, 12, 25]",27
Happy Birthday! ✨,"[0, 13]",27
I am so pissed about Oiler hockey right now. Even [NAME] is annoying me and I love [NAME]. Gaaaahhhhhhh,"[3, 18]",27
Nope. Glad we came out with the W,"[10, 23]",11
This is also (as an exmo myself) why I love her. She is awesome.,"[0, 18]",27
I'll always be here to accept you. :),"[4, 5, 18]",27
Lol. Thanks for the advice friend,"[1, 15]",27
lol getting totes fucked up at work is super cool i am one ZANY individual look out Shut the fuck up do it in your own time,"[1, 2]",27
Id gladly exchange firsts with the Suns,"[17, 27]",27
I don't think a player can have no value and also be worth rioting over if he's traded.,"[10, 27]",27
Aaaaand now I'm concerned. Clearly there's a story behind this.,"[5, 22]",27
"50% completion percentage and was losing 31-10 at the half. Congrats, he got garbage time yards/points when [NAME] was just icing the game. ","[13, 22]",27
"Right there with you! Unladylike was so depressing, I couldn't keep listening to it.","[9, 25]",27
What if the million dollar idea was to make free websites? That'd be bug!,"[7, 27]",20
Planning to make a comeback soon™,"[4, 27]",13
HOW DARE ANYBODY CRITICIZE YOUR POST IN THE CONTEXT OF YOUR POST HISTORY! RECOGNIZE HIS PRIVILEGE PEOPLE!!,"[2, 3]",27
"Chiropractic is just a scam anyway, lots of studies shown it has no effect, sorry that happened to you btw. ","[5, 24]",27
[NAME] what a piece of shit! How could you do that to an animal?!,"[2, 3]",27
It's the only way to stop the ache.,"[5, 27]",27
I fear it is already too late if he already uses words that should hurt but really don't because of their misuse.,"[14, 27]",14
"[NAME] lmaooo this made me laugh, thank you 😂","[1, 15]",27
"That's awful. I'm sorry that you had that experience, but yeah, mission accomplished, sorta.","[11, 25]",27
Also upvoted. Karma always helps. Edit: thanks for all the upvotes guys. I appreciate your support,"[0, 15]",27
"I'm kind of glad they aren't letting you. Just you, not everyone else.","[5, 17]",27
I measure from where the back of the balls are. It counts. Especially if you tend to go balls deep anyway. lol,"[1, 27]",11
Not a Fan if anything FFXiii but I loved this game. Hope we get a season 2.,"[0, 20]",11
Why do some people use tbh after everything,"[3, 7]",0
Bless you!,"[5, 15, 18]",27
This gives me anxiety and heartburn just looking at it!,"[7, 14]",27
Don't understand the question. Obviously you make up the rules in the middle of the game.,"[3, 6]",27
Sorry you are having such trouble.,"[24, 25]",1
"Well, flash bangs go bang, too, to temporarily deafen and disorient, so there's that.","[22, 27]",27
"I hope that you find happiness, too. I'm happy that you've had a place to vent. ","[17, 20]",27
I'm disappointed by him not bragging about his 99 level atheism.,"[9, 22]",27
Those vast differences don't get noticed by the public.,"[3, 24]",27
"Acestream is a great tool, just a shame that it's closed source, makes it a bit scarier for me to use.","[0, 14]",27
"That won't happen though. If the pick is that high, we own it!","[4, 13]",11
"Holy crap OP this is genius! I’ll be doing this from now on as this is a big problem for me, thanks!","[0, 15]",27
Really? that's very interesting,"[13, 26]",3
"Wait, what does golf have to do with this? ","[6, 7]",27
Same.... I'm just perplexed,"[6, 26]",27
"Thanks for explaining. So [NAME] *did* pay for her ""show"" ? ","[0, 15]",27
Thank you; I hope so too.,"[15, 20]",27
I cackled!!!!,"[1, 13, 17]",27
Common sence isnt that common any more,"[3, 27]",27
It doesn’t get better than that,"[4, 10]",23
This is hilarious. Great work🤣,"[0, 1]",27
No. Not the I. :(,"[10, 25]",27
"My favorite pod when they are fresh & clear. Sadly, all of my recent packs look like dark brown syrup pods. ","[9, 25]",27
Cool! Just do yourself a favor and do not scroll...,"[23, 27]",18
Damn we got 7th grade conspiracy theorists in the world these days?!?!,"[6, 27]",11
"Sorry pal, it’s actually one of my least favorites :/","[24, 25]",27
"Humm, just a few days after I unsubbed. You aren't luring me back again though r/Murderedbywords !","[9, 27]",27
[NAME] definitely needs to be on the left side he has such a great shot that he's perfect as a [NAME] type player on the powerplay.,"[0, 27]",27
I should've left after the first period ended. That was brutal.,"[9, 22]",27
what a ground licker. Day 9799 of being alive - I still hate people.,"[2, 3]",27
I had [NAME] from this post. And that's whats important.,"[1, 4]",7
Are you saying that's why they went with [NAME]? That's racist,"[3, 27]",27
Whew! I’m glad [NAME] was caught. I hope you’ll never have to deal with her again.,"[15, 20]",27
"Yeah, I understand. Sorry about that, have a nice week!","[4, 24]",10
Lol at illegals paying taxes. Most do not pay any or pay very little.,"[1, 22]",3
You want to fix them. You can’t. This was a hard life lesson for me to learn. I also am a giant loser magnet.,"[9, 24]",27
Wait what? I don’t get it?? Help.,"[6, 26]",27
"Uhhhh, existed... Ever been to Arkansas? It’s boring as fuck.","[9, 13]",27
Haha. Hope you get it sorted out. What a pain.,"[1, 20]",0
I agree. I watched this one because it was literally the first one I found on TV. It was awful.,"[3, 4]",27
Haha i have a depression playlist 3 years in the making. Love gorrilaz and rip x.,"[1, 18]",0
He's just getting kicks from pushing buttons. Keep fighting and never give up. It will get better eventually.,"[4, 5]",27
No it really is there maybe you suck at google,"[2, 27]",27
"I had to give up college 2 times because of that. Now im doing kinda better, at least i can go to classes and talk to people.","[21, 27]",27
This is great! My SO just groaned so much at this. Thank you,"[0, 15]",27
Sooo good!,"[0, 13]",27
"Just hit my 3pl8 squat, been looking forward to this for a long time so really happy I finally got it! Now on to 4","[13, 17]",27
"If the doctor has given the ok, give some ibuprofen for teething pain FFS!","[3, 27]",27
I admire the prep and just hope the other guy is ok. Best one in ages..,"[0, 20]",27
def a great thing to do (and to showcase for a storyline),"[0, 4]",27
I meant from when I was a kid and teen. Sorry.,"[12, 27]",27
Preach my dude I know how it feels to get downvoted by the sheep,"[9, 25]",27
"If I'm just reading the headline, it's ambiguous.","[6, 27]",27
"Wow, AP. Just wow.","[13, 26]",27
The funny/awful part is how well [NAME] works photoshopped in.,"[1, 17]",27
It almost looks like stuff from Japanese Pizza Huts !!,"[0, 27]",25
So jealous lol we don't get to enjoy in TN :(,"[1, 9]",11
"Nice try, but the only person this sub dislikes more than [NAME] is the [NAME].","[4, 10]",10
I will aspire to know the truth. Do not worry. and I will pray to [NAME].,"[4, 5]",27
Haha! Yeah scentsy is terrible!,"[1, 11]",0
Same philosophy makes women stay with men who beat them daily,"[3, 10]",27
"Are you thinking of Austin, home of Hormel and Spam?","[6, 7]",27
This was probably one of the best videos I’ve ever seen on Reddit. What an amazing story. Job well done. RIP Chief.,"[0, 16]",27
Luckily every elevator would be broken at all times.,"[17, 27]",27
Does anyone have a link to the rainbow song clip? I tried looking everywhere and can't find it :(,"[7, 9]",27
Well someone should stop them!,"[3, 27]",7
He figured it out this offseason. He just didn't have any chemistry deep with his receivers and didn't know the playbook,"[22, 27]",27
"I like your version more, anyways. Better comedic relief from such a horribe tragedy.","[0, 4]",27
"You'll be stronger as you continue your journey, never give up","[5, 20]",27
I'm 25 and I still don't have a license. I'm terrified of driving and get anxiety every time I'm behind the wheel.,"[14, 19]",27
It was never implied as such. You simply mistakenly interpreted it that way.,"[6, 9]",27
"Are they your updated results? I have [NAME] surnames in my family tree but it didnt show up in the dna, interesting.","[6, 7]",27
"Good to know, and it gladdens my heart to hear you're all right! <3 ","[5, 23]",27
I'm sorry for you loss man. Truly I am.,"[5, 16]",27
Everyone’s a god damned critic. Try doing five minutes of stand up and see if you don’t end up on this sub.,"[3, 10]",27
Good question. Have seen him quite a bit. I love his coverage.,"[0, 18]",27
Wow! Look at that spine shine! You handled her perfectly!,"[0, 13, 26]",27
Why was the discrimination and ghettoization of [NAME] prior to their extermination legal? Because legislators sometimes don't care for morality.,"[3, 6]",27
"[NAME] damn, I love astrology despite being the dryest, most scientific person on Earth... Amber the taurus made me lol.","[0, 18]",27
Where's her british accent? lol I love to dislike her videos <3,"[1, 7]",27
Consider yourself one of the lucky ones. A. no attorney fees B. safe to say you’re dodging a bullet.,"[20, 27]",27
The greater good,"[0, 27]",27
"Oh wow, that's interesting! Genesis is a pretty interesting take on the luxury car market, hope the brand succeeds!","[20, 26]",27
[NAME] is super happy. Nice.,"[0, 17]",10
The realization is pretty grim. Can't say I'm terribly happy.,"[17, 22]",27
Thank you! I didn't realize that.,"[15, 22]",5
You’re the coward! I was the second man to walk on the moon. NEIL BEFORE ME.,"[2, 3, 21]",27
I hate that I was young enough to not remember this but old enough to remember the next Super Bowl....,"[2, 3]",27
"Twenty some years ago, while I was pregnant with my son, TLC aired shows like A Baby's Life. Oh, the old days...","[13, 17]",27
Glad it had a positive impact on you. Welcome to the club!,"[0, 15]",27
"I am glad that you’re doing well, it’s a difficult process but incredibly rewarding, I imagine. Best of luck on your journey! ","[15, 17]",3
[NAME] because hes best survivor,"[0, 27]",27
"Gold Coast seems like it would go well on paper, but turn up to the actual thing and seems strangely disappointing would be good to tell friends about though","[9, 10]",27
I'm so hyped to see this mitchy and matthews line,"[8, 13]",27
I'm going to steal this and pretend I came up with it so I downvoted it so no one will know(just kidding),"[1, 27]",27
"In all seriousness, stereotyping does suck and I feel for you. But stop being a crazy horse lady and maybe you can change people's minds. Lol","[1, 3]",27
YES EXACTLY THANK YOU ...if only more lower and middle income voters understood this.,"[4, 15]",27
Just save and reload. I doubt that when you reload you gonna stuck again.,"[6, 20]",27
I'm already a member :[NAME] Already posted it there too.,"[4, 22]",27
What kind of advice are you seeking here? I'm confused.,"[6, 7]",27
What. The. Actual. Fuck. *Gags*,"[2, 3, 26]",27
This is a great detailed response. Thanks.,"[0, 15]",27
Can neins bring me up to date on what this is about?,"[6, 7]",27
"This is being said about every fucking update that lowers the skillgap. Yes, it does change the game because we're already affected","[2, 3]",27
Tbh I think it’s hilarious and love it.,"[1, 18]",27
At least it's ok in public & around children.,"[4, 27]",27
Lol this ockanikin! I used to love coming here for summer camp when I was in cub/Boy Scouts!,"[1, 18]",27
Terfs smell like bigots in general. Sort of a salty smell,"[3, 11]",27
Thank you. You’ve given me a beam of hope,"[15, 20]",27
Lived in Thailand for a year in the nineties and formed the same opinion. I stopped talking to or helping tourists because they sickened me.,"[3, 4]",27
I had some pretty bad diarrhea right after the game. It's was more enjoyable than that loss.,"[17, 25]",10
if you need to ask here with all due respect your the last person that should be on it.,"[4, 9]",12
I want the real thing because animals are nice and labs are not. I love animals. I want more of them,"[8, 18]",10
"Almost like [NAME] culture is written to be offensive, what with the institutionalized rape slaves and everything. They might even be the baddies.","[2, 14]",27
"thank you for taking the time to answer, im freaking out big time","[3, 15]",27
The super bowl isnt played in march my man,"[10, 27]",27
Everything purdue throws up goes in. Frustrating. Need to find a way to get stops or this ones over at halftime,"[3, 10]",27
When dunking is your only offensive move you will be efficient. Hope he gets stronger and learns to not be in foul trouble.,"[5, 20]",27
"The abilities look cool, but that trait is a little dull. It's almost exactly the same as [NAME].","[0, 10]",27
As long as you do the cooking by the book 😏,"[5, 20]",27
You're a mean person.,"[2, 3]",27
you're [NAME],"[12, 25]",5
The show paid for [NAME] surprise trip didn't they?,"[7, 26]",27
"[NAME], they've turned into jerks.","[3, 27]",27
"Thanks! Oh my god, what a great interview. The man absolutely loves Winnipeg.","[15, 18]",27
"Ahhh, that was actually really peaceful and cathartic. ","[0, 23]",27
FOUR?!?!? that's inhumane and unreasonable. We get 10.,"[7, 10, 22]",11
hate to say it but nobody outside of saskatchewan has heard of [NAME] either,"[9, 10]",27
"When it's the same composer, this kind of thing is bound to happen.","[4, 27]",27
Thanks! Definite props to him because he was pulling a double shift when we were at the capacity of campers.,"[0, 15]",27
"Search the subreddit for ""team history."" We get this question time to time and there's already a bunch of info there.","[4, 27]",11
"although he is best girl, he can never love :( he litterally doesn't have a heart","[9, 16]",27
Wow I bet someone would look at this and get inspired to make a movie about aliens with [NAME],"[0, 8]",27
I completely agree! It's cold at first but makes you feel so alive and invigorated by it too. It's a total shock to the system.,"[4, 26]",11
"Don't listen to much prog or hardcore, I love some black metal though.","[10, 18]",27
Would you move your car if told not to drive?,"[7, 27]",27
"Exactly. I have yet to see a plus sized model without a blemish-free, conventionally attractive face.","[0, 4]",27
"I feel bad for her, talk to her :(","[5, 25]",27
surprised he hasn’t mentioned [NAME] after saying [NAME] the best manager/coach he’s ever worked with,"[0, 26]",19
Ending a relationship with a toxic person is so freeing. Congratulations!,"[17, 23]",27
This is the sweetest.,"[0, 4, 17]",27
*Can I Haz Gold?* Don't actually please don't spend your money on crap like that.,"[5, 9]",27
Smh people aren’t seeing the real issue though. That’s the woman’s bathroom. ‍♂️,"[10, 27]",2
Good to hear that! I’ve seen many ppl trashing [NAME] customer service so I was kinda worried,"[14, 17, 19]",27
I’m seeing a doctor tomorrow. Thanks for caring,"[5, 15]",27
That'll be a testical festival for sure. Have fun.,"[1, 17]",27
The problem with crypto is typically when people have a bad feeling about something it rarely turns out well,"[3, 9, 22]",27
Thanks I hate that comment,"[3, 15]",27
Is there a legendary dark star skin? Does the kayn one count?,"[6, 7]",27
"Lol, my parents know my old account too and probably this one. The struggles are real","[1, 22]",27
Why does that matter?,"[6, 7]",27
OMG this sub is gonna be my saving grace for the rest of the year. Thank you so much!!,"[15, 26]",27
Didnt even know that was a thing.. yeah well ill probably never be a public figure so it doesnt really matter i guess lol,"[1, 6]",27
"Stop calling them immigrants, that’s a lie. The term is “illegal aliens”.","[9, 27]",27
Good job now here have an upvote,"[0, 4]",27
Players like this makes me rage quit tbh.,"[2, 3]",27
That's awesome. I would never have expected the Prius community to be so involved.,"[0, 26]",27
Well that's because you're close-minded. But meh. I don't need your respect. ;),"[3, 10]",27
"If an addict gets clean of booze/drugs, you congratulate them! What a horrible crabbycrab to try to shut down someone who got their addiction under control.","[3, 10]",27
I like Derek. It's on Netflix and I was crying my eyes out and laughing hysterically every single episode. I was sorry they cancelled it.,"[4, 24]",27
> I thought he didn't actually collect the second He lost the second imo.,"[22, 27]",27
"Crash is probably my favorite specialist in this game, you get extra ammo, extra points and occasionally 50hp more from tak-5.","[18, 27]",27
Oh shit. You’re that bet welcher aren’t you?,"[6, 7, 26]",5
It's this kind of fear that made me make this,"[14, 22]",14
You're not my real mom. I don't have to listen to you. Just because my dad loves you doesn't mean that I have to!,"[2, 3]",5
She was probably suspended to protect her from the angry mobs protesting outside the school edit: here's a better article,"[5, 27]",25
I kind of think if you spell dissuade diswayd you lose any benefit of the doubt.,"[6, 10]",27
"Thank you, this was what I was hoping to hear. The last thing I'd want right now is to make mourning him any harder.","[8, 15]",27
[NAME] was horrid for us,"[14, 27]",27
"I'm loving the blocked shots from rust, what a stud ","[0, 18]",1
Lol well now you have even more in common! So happy to help and hope you can smile a bit before you zzzzzzz. :-),"[1, 17]",27
[NAME] playing for the heat always makes me laugh,"[1, 17]",27
Gonna give up your best friend for a g huh? I'm glad we aren't friends.,"[3, 9]",10
I think it quite apparent I was being satirical in saying Mississippi.,"[17, 27]",27
Happy New Year everyone!,"[13, 17]",27
"If many people truly see that as a consequence, I'd suggest SD's public [NAME] needs some work. Sad.","[20, 25]",27
Unrelated but wow I’m so proud that I can read like 70-80 percent of this because I studied Chinese for 3 years. 加油！在中国你做什么？,"[0, 21, 26]",27
"Aren't we back where we started? I'd say that if you're OK with animal torture, you're a pretty cruel person.","[7, 27]",11
"I just drank some chocolate milk, now I'm a 9/10 supermodel with a great husband and my own island in a tropical location. Thanks! /s","[0, 15]",27
She shows her face and doesn't hide behind fake names on Reddit .,"[0, 4]",22
I swear Denver has the worst sports media personalities.,"[2, 11]",27
He got all ball. Watch it back. Just because he hits the ground hard doesn’t mean you get a bailout,"[3, 10]",27
Seriously? If he spent the same amount of time doing anything else would everyone be bitching that he’s addicted to that? Doubtful.,"[6, 7]",27
Are you my coworker? I swear my boss will randomly scream and its embarrassing.,"[7, 12]",27
Me and my babyboys safety word is Obama. But I like yours too.,"[4, 18]",27
No problem. It will seem impossible at first but just keep your cool! Best of luck,"[5, 20]",27
I <3 your application of facts.,"[0, 18]",0
and who's going to enforce that ?,"[6, 7]",27
A mix of useful idiots and active grifters. It's a sad sign of our culture that these people make a living this way.,"[3, 25]",27
"Diacetyl, which is actually in higher amounts in cigarettes themselves, and even cigs havent caused popcorn lung lol","[1, 27]",2
Could be to lead the police on the wrong trail to delay being caught,"[22, 27]",27
"What an ugly shade [NAME] used to dye his hair. Well, I guess it matches the infamous shirt.","[3, 10, 11]",27
Its the same processus for LoL isn't it ? Haven't played lol for a long time but i remember using golds to unlock characters too !,"[1, 27]",27
Wow thanks I never knew! I might try to take a tour!,"[15, 26]",27
This is so cruel. I literally feel physically sick.,"[2, 3, 11, 25]",27
I'm sorry you had to go through that. Though I'm glad you're out of that toxic environment now.,"[15, 24, 25]",27
How dare they not have the foresight to realize he'll become a president we don't like decades later.,"[2, 3]",0
Love the post bro. Gave me a lot of ideas.,"[4, 18]",20
What an awful last 10 minutes. Can't even make one pass to someone.,"[3, 10]",27
Can someone tell me how he protects his virginity though. You know from all the thots.,"[6, 7]",27
"Damn, 14 year olds in 2019 are bigger shits than I was when I was 14.","[3, 11]",27
It's good to know that I'm not the only one lol,"[1, 17]",27
Keep on auto aiming bud. One day you'll get good maybe haha.,"[0, 1]",0
"You're one unusual table, dude. Edit: Have you ever tried testing your hormone levels? ","[7, 27]",27
That better the case. It'll take the sting away a bit.,"[4, 27]",27
"Lol I saw a comment on this article that said ""but who released the measles germs into the public? 🤔""","[1, 7]",9
"This better be a troll because if not, you are the most obnoxious, self centered, asinine person on this face of this planet.","[2, 3]",27
"Thanks for reply, I'll enjoy reading through the comments... maybe you make a book of it all. ","[15, 17]",27
What in the bipolar hell is going on? Yikes,"[2, 3]",17
What does “I moved on her like a bitch” mean? I never understood that line,"[6, 7]",27
"My hope is gone, too. Sounds like we've both tried over, and over, and over again. When do the realisations hit you?","[9, 22]",27
"Wow, way to deflate Endgame's stakes *even more* before the movie even comes out.","[13, 26]",27
Clapping ~~for~~ at me. FTFY,"[0, 27]",14
This is the most reasonable and logical response on here.,"[0, 27]",27
Beautiful. I love ecclesiastical architecture.,"[0, 18]",7
"And you're a lame, sorry not sorry ","[3, 24]",27
Sidhu Moose Wala. He's pretty big right now,"[0, 27]",27
"We don't have this problem where I live, we use Torrents ","[4, 27]",11
"thank you for this, i feel less alone now. i’m glad you overshare on this stupid website :)","[15, 17]",27
I see that the facebook and twitter crowd is leaking into our sub. Awesome.,"[0, 13]",1
I’m Waiting for Dr [NAME] to bring back Celebrity Rehab so her and [NAME] can be on it.,"[8, 27]",27
"And he doesn’t even stop. It’s your work truck, man! They’re going to find out regardless. ","[2, 27]",27
"This goes hard, keep working just a little bit more on it. It feels like a demo to a cool song Love it","[18, 20]",27
Same except I also love the taste and meal options of meat. I could never do the veggie thing.,"[0, 4]",27
"In an unfunny situation you made me laugh, so thanks 😅","[1, 15]",27
Obviously has played on her mind for that long... glad she apologised,"[17, 23]",24
"[NAME], that is so horrible. I’m so sorry for you and OP.","[14, 15, 25]",27
So we should stop caring about other people and only look out for ourselves. That DOES sound like a baby boomer!,"[10, 22]",3
"Must be sad that you waste your time idolizing ""Pros"" and being a absolute poser in front of your freinds ","[3, 25]",27
Great! Thanks for the ideas,"[0, 15]",20
Oh lord that's nasty. Guess I'm getting some fried chicken tonight.,"[3, 11]",27
This isn't cringe at all. He's making a joke.,"[1, 27]",27
Is that [NAME]?,"[6, 7]",27
I love the idea if choosing an outfit based on what kind of person I wanna be that day. Sounds like a fun way to experiment.,"[1, 18]",20
Yup that game was where I was like we have to draft him!!!!!,"[17, 22]",3
Oh my [NAME]. Yesssss.,"[13, 26]",4
"Wait, apple and [NAME]? Please tell me these fools are all on windows phones ","[2, 27]",27
"Hey it's been 2 weeks, are your friends still stuck at 60-ish ranks, just gathering info on MM and such.","[6, 7]",7
Her performance was absolutely awful in the Elseworlds crossover. So much so that every time she was on screen it made me cringe.,"[9, 11]",27
Me too. It’s my favorite. His cadence in saying it is so perfect lol.,"[0, 18]",27
For 3 months so far. I’m not sure because I never had any successful withdrawals yet.,"[6, 9]",27
Can we just take a minute to appreciate the thigh. So delicious and so cheap.,"[0, 4]",11
"Wow, pretty transphobic to say prostate owners have a penis and non-prostate owners have a vagina. What about the neovagina and front-hole bearers? /s","[0, 7]",27
Mr [NAME] is operater as fuck,"[2, 10]",27
"Wait that's a thing? Because that didn't happen when I was young, I don't think","[7, 22]",27
I’ve never heard him say it but I wouldn’t be surprised if he did. It’s believable enough,"[4, 20]",27
I don't see much reason for it even as a 2nd.,"[10, 27]",27
I'll show some love for diazepam! Congratulations on the re up and let me Know if they are,"[0, 5, 15, 18]",27
Didn't the Mets have a .909 win percentage at one point? ^^^^/s,"[7, 27]",27
"Virtually no happiness anymore, exhausted with trying, meds not working properly and just tired of it all.","[3, 9, 25]",27
A fatass? Look at him. You think he cares about his appearance? He’s likely talking about alcohol anyway.,"[7, 11]",27
Carmichael is near the bottom? Find that hard to believe. [NAME] just under McDaniels? Words cannot accurately describe how inaccurate that is.,"[7, 9]",2
I've just thrown all my spoons in the bin. I'll learn to eat yoghurt with a fork.,"[20, 27]",27
"I like [NAME] soo much! he’s such a sweet and honest person, and his voice is amazing","[0, 18]",27
"I'm totally cool with that too, whats the PSN?","[4, 7]",7
Your patience to find the perfect moment is... Please just let me slow clap.,"[0, 3]",27
This is amazing!! I love it!,"[13, 18]",27
School Board Trustees are leeches of the system in any district. It's the most unnecessary position that does nothing more than continuous damage.,"[2, 3]",25
The Babylon Bee article makes me worry for [NAME] comic tastes.,"[14, 19]",27
Keep on going,"[0, 4]",27
"Tell me Homeless [NAME], what's the secert to long and beautiful hair? ","[7, 27]",27
"Well unless you have an audio recording, people are gonna struggle to diagnose it for you any further I’m sorry. ","[24, 25]",27
Damn... somebody got told.,"[3, 27]",27
You’re hardly qualified to talk.,"[2, 3]",5
This is what I'm currently dealing with and I'm glad I read this. Nice reminder thank you lol.,"[1, 15, 17, 23]",24
This is one of the worst written posts I've seen on this sub for a while,"[3, 10]",27
[NAME] was far from an assassin. She had one amazing performance but that was it.,"[0, 15]",27
"Celeste is one of the free Games with Gold this month on Xbox One, I picked it up, it's a great (super hard) platformer","[0, 4]",27
Oh man I didn’t know it was a repost but I tried trimming it after seeing on the gram.,"[6, 22]",27
"That says to me that he believes you are the issue, not his mother.","[9, 27]",27
"Thank you so much! After the *loooooong* talk we had, I feel a lot better about our marriage.","[13, 15]",11
"He looks like he is GTFO after that. ""The tiger shark is second only to the great white in recorded fatal attacks on humans.[7]"" ","[13, 27]",27
"I try and test my beliefs all the time, makes them stronger!","[4, 27]",27
Great info. Thx,"[0, 4]",27
lol Remember Faces of Atheism?,"[1, 7]",27
Those in a position of authority at a school have to report abuse,"[4, 27]",25
"YES YOU SHOULD, although it's only in 2300. Surrounding communes get expensive quickly.","[4, 20]",27
I like beating wales cause my friend is welsh and I like beating the french because I’m English and it feels natural,"[18, 27]",27
Think they fly in tonight or tomorrow?,"[6, 27]",27
No offense but this shit just not working in some people. So they likely to say they are placebos(same applies for me too unfortunately),"[3, 4]",27
Might get in trouble with the mother for assuming she's single though. This has happened to me when using miss.,"[20, 22]",27
Glad that's settled,"[15, 23]",27
[NAME] why you doing this! Put that on frame buddy,"[7, 27]",27
It's on sight between them.,"[4, 27]",27
"That's the death mark, Looks like you've been chosen for sacrifice. Sorry bud","[24, 25]",27
She had the glory of being a virgin martyr. Eternal glory is hers.,"[0, 21]",27
"I'm strange as fuck, and I didn't grow up with money.","[9, 25]",27
None that's why I asked. Glad to see your doing something and not just wishing or whining as that wont make it happen,"[0, 17]",27
"Less expensive than chain-link. Needs warning signs, though, and be within his property line.","[8, 22]",27
What does IANAL mean? Thanks!,"[7, 15]",27
All the best to you in 2019! I hope whatever lies next for you is rewarding. :),"[20, 21]",27
I’m just here trying to figure out what trumps head weasel is doing in that picture...,"[7, 27]",27
Two problems: It's not a newsworthy story. You'd get sued for defamation.,"[10, 27]",27
Block her.,"[3, 27]",27
i’ve heard great things from the people who actually saw it. Thriller is my favorite genre so it seems right up my alley,"[0, 18]",27
Randomly watched arrow this week and I think each year is more confusing and I didn't like it! At least [NAME] is still there and always shining!,"[6, 10]",27
"(F) Actor here as well, also willing to learn anything and everything involving film!","[7, 8]",27
Get rid. This is a toxic relationship that is making you unhappy. You are making all efforts for nothing in return.,"[5, 22]",27
I was hoping for a new album surprise came out of nowhere when i saw the notification.,"[20, 26]",27
"Well, glad I could help. Have a fantastic day and don’t let the straights scare you away!","[0, 5, 15]",27
No that's your interpretation of the truth. A whore is an old and demeaning term for a professional sex worker. You just get off on being degrading to women.,"[2, 27]",27
Yes of course and I catch a lot of it. I just didn’t realize this was about that!,"[4, 22]",27
I will never forgive and never forget for this one,"[2, 10]",27
That’s bull crap call.,"[3, 27]",27
"Why do I seem to hit 6/7, and can't go any deeper without throwing up. I wanna see and feel more shit FML lol.","[1, 7]",27
Literally awesome that someone else is doing the same thing! Funny thing is I go for two a year also. Heck yeah fellow dodger friend,"[0, 1]",27
"As a song from my favorite anime of all time goes: ""Make the impossible possible""","[0, 27]",27
Unless he has actually threatened to or used them against you I think you're over reacting. Ask him to please delete them.,"[3, 5]",27
"How do you know if this gets downvoted to hell, but a lot of times before dying (6 hits taken.).","[6, 7]",17
Oh really. Go ahead and try to reason with an [RELIGION] government that their power should be limited. Good luck.,"[0, 20]",14
You’ll know it’s true love when he proposals you after 5 days.,"[5, 18]",11
"There's no need for anger, but cringe and embarrassment are called for.","[2, 12]",27
Sorry for your loss; this story is heartwarming.,"[5, 16, 25]",27
Just hanging out at UQ St Lucia is pretty cool.,"[0, 4]",27
Iv done it before.,"[4, 27]",27
I'm at a fighting game tournament and loving every minute of it.,"[4, 18]",1
"Hang in there, we're here for you. I hope you get through this.","[5, 20]",3
I totally would tbh. He's a very handsome man.,"[0, 4]",27
Nope this was Saturdays sunset :) I wish I was out there today for the sunset!,"[8, 10]",27
"Who the hell thought he was dead, seriously.","[2, 3]",17
Omg I thought he was actually fired lol. Got excited ! I still approve tho,"[4, 13]",27
"""Yeah but they're not violating *my* rights so it's okay""","[4, 27]",27
It's hard to care about a woman dying from giving birth when you hate women in the first place.,"[10, 25]",27
Isn’t banning people for their point of view against the whole fucking concept,"[2, 27]",27
You mean more handouts than they already get?,"[6, 7]",27
"It's amazing how utterly lacking in self-awareness this sub is, that it can upvote this without a hint of irony.","[0, 3]",27
I'm so drunk I cheereds a bot as if it was OP LOL,"[1, 17]",27
"Haha! Toronto, the hotbed of conservatism.","[1, 27]",0
I dislike [NAME] more and more. Big ego and small feet.,"[2, 3, 10]",27
"good point, hadn't thought of that, thanks","[0, 15]",27
[NAME] eyebrows! Her highlight!,"[0, 27]",27
I would watch just to hear [NAME] talk about how great he is at pinball.,"[0, 4]",27
That makes me super hesitant. I wouldn’t be upset if we end up with him but the last thing this team needs is raw players.,"[12, 20]",27
They are the best but my office is so far away 😞,"[9, 25]",27
"Hi [NAME], I love you, that is all. Can't wait to see you in Worcester in February!","[17, 18]",27
It seems you might be right. I found this,"[22, 27]",27
Get out now. She's playing mental games with you. Play nice but plan your exit. Ask me how I know.,"[5, 27]",10
I'm puzzled,"[6, 26]",27
Yeah I have no idea. I’m guessing she meant to ask for someone to “sit” with mama [NAME] in her place?,"[6, 7]",18
>YHWH >Abba >same dude I knew it,"[22, 27]",27
"Outstanding, really outstanding. I can't wait for her visit to the United States.","[0, 13, 17]",27
oh damn that’s a pretty good idea!! thanks!! :),"[0, 15]",20
Fuck yeah dude. I need pizza now also. The beer and bourbon are flowing nicely. Cheers and happy New year,"[8, 17]",27
don’t you do it!!,"[3, 10]",27
"I mean, I know you are being sarcastic, but your words are too accurate for something a supporter would actually say ","[4, 27]",27
Some people have thin skin and are unequipped with dealing with backlash.,"[2, 3]",27
Thanks for looking out. Trying to keep expectations low but already have date two planned! Fingers crossed.,"[15, 20]",27
Holy hell I hate them so much.,"[2, 3]",17
[NAME] what do you do with his underwEAR,"[6, 26]",27
"Oh wow okay, where can I get a wind proof lining beaning or scarf? And do I have to cover my eyes or anything?","[7, 26]",27
"But what about teams like the cavs? They are clearly a terrible terrible team, but they gotta wait longer to rebuild with a 3 year average.","[7, 9]",27
Please don’t marry this man-child.,"[25, 27]",27
"Removed, stop trolling.","[2, 3]",27
Horrible how they just invade your space anytime any place.,"[10, 11]",27
This was actually a very interesting article. I'd never realised how Snapchat and its filters were driving people to be so unhappy with their appearance.,"[0, 22]",27
Gotcha. I see my clarification above. I sincerely apologize that anything I wrote made you feel that you needed to enforce your boundaries.,"[5, 25]",27
"Don't worry if you're from hot, we can share my slice (:","[4, 5]",11
"Sometimes though, I wish I could be sad for a whole week; that would be a blessing. ","[8, 27]",27
Guy on the right looks like [NAME] long lost sister,"[22, 27]",27
And the super rich are still miserable,"[9, 25]",27
But I'm not happy,"[10, 25]",13
"I think the hulk could do all of that at once, and fold the wrench with his finger tips","[4, 20]",10
Fuck [NAME] for blocking funding for this for years and years. So glad it's being used to help people now,"[2, 17]",27
Did you watch highlights of [NAME] vs [NAME]? [NAME] had amazing highlights but he isn’t the one competing for the Hart trophy now.,"[0, 7]",27
"I propose Istanbul. I don't think it's dull, I find it incredibly appropriate and amusing.","[0, 1, 4]",27
Wildlife Ecology! Really gives you a better perspective on how natural systems work,"[4, 27]",27
Theyre paid with taxes..... Do you think you're arguing against an anarchist? lol,"[1, 6]",5
This can be taken horribly out of context,"[10, 11]",27
"I see two possibilities in the middle: Playing advocate, or playing devil.","[6, 27]",27
I have so much to think about,"[20, 22]",27
It’s because their pay sucks. You get what you pay for! Edit: grammar MoFo!,"[3, 9]",2
"I always say ""Good Luck!"" ""Well Played"" after winning/losing match.","[0, 4]",27
"Thanks! Very cool. It was a marriage gift, so that explains some of it. :)","[0, 15]",27
Can't. Prequel bad. Bearded [NAME] Man idea bad. OT era only good thing.,"[9, 27]",20
"IMO, he was an asshat during the tell all, too. He was all about wanting [NAME] to thank and respect him post C section.","[8, 27]",27
"Haha, willing to sacrifice eternal paradise for a taco. I'd make that trade, straight across..at least the taco is real ='D","[1, 4, 20]",0
Well done! That's usually the hardest part is to start going and I hope it helps!,"[0, 20]",27
Remember when the media ignored all of the horrible things [NAME] did? Including what he did to Syria?,"[3, 9]",27
She said that? Wtf?? That's fucked up. I shouldn't be surprised. Hypocrisy is common with this bunch.,"[2, 3]",27
Would you mind elaborate on your viewpoints?,"[7, 27]",27
The surprise would be that we just broke a 16 year old record...,"[20, 26]",11
Glad we agree.,"[4, 17]",11
Legend says he still can't believe he's done this.,"[26, 27]",27
"> Is it weird to have more sympathy for animals than humans? It's frighteningly common, so not *weird*, but it's definitely sad","[6, 25]",27
"lol back in the day before the rise of BitTorrent, Russian ISPs used to run DC (DirectConnect) hubs","[1, 22]",27
Stupid sexy [NAME],"[0, 3]",27
"For me, it's tedious and frustrating enough to do it the first time, but I'm glad you enjoy it","[11, 17]",27
"If [NAME] is his idol, then we got ourselves a boi with a winner’s mentality ","[0, 27]",11
"Thanks I have been, hopefully at an acceptable level to yourself","[15, 20]",27
The bus loop was never going to entice families to transfer their kids to city schools. Is it great for kids already there? Yes.,"[0, 4]",27
Thanks man! That feels good to hear. I’m glad someone is on my side and finally understanding how I feel about this season.😄👍,"[15, 17]",27
it depends on the page you moron.,"[2, 3]",27
Exactly why I’m saying we won’t land KD ... but Knicks fans do know a lot about dreaming.,"[4, 27]",27
"For serial rapists, its not about the physical pleasure. Its all head games. Damn freaks","[2, 3]",2
I feel for him..thank [NAME] he has a mother who cares,"[5, 15]",3
Mine used to tell „you complain too much“. I was also angry when I was with him. I‘m not like that.,"[3, 27]",27
Seeing the past doesn't mean being in the past,"[10, 27]",27
I bet she smells like a jar of mayo left open for a week in the summer,"[11, 27]",27
"The 100,000 who died in the Tokyo bombing during WWII weren't killed by [NAME], it was just the passive spreading of fire. Fuck off, genocide apologist. ","[2, 10]",27
Well good for you man. Enjoy :),"[0, 17]",7
She has major SB😖,"[9, 25]",9
It had its flaws but I thought it was enjoyably campy and a fun ride.,"[1, 17]",9
Exactly. It just shows they can't make a good argument.,"[4, 27]",27
True. Here the mistakes has already been made. Please don't mess up for us who are looking for an alternative refuge to Israel.,"[4, 9]",27
Having two world class GKs is amazing lol,"[0, 1]",1
"This guy doesn’t like fox hunting because “toffs” do it. As with all policies of the left, it’s grounded in jealousy. ","[11, 27]",27
I'm phobic of needles and babies so that was NOT a picture I wanted to see.,"[9, 14]",27
Honestly this type of support sounds very shallow. It’s not like you’re gonna support women in any way when their babies are born.,"[3, 10]",27
He sounds like a real piece of work. Get him gone and live your life free of his physical and mental burden.,"[4, 5]",27
Another establishment hit-piece against Saint Bernard,"[0, 22]",3
"What ""same thing""? You're not addressing any of my actual argument and have barely been doing so for a while.","[3, 7]",27
"Been there, done that. Not the best idea unfortunately. Especially if it doesn't work. Gets awkward ","[11, 12]",20
Nkd is a very good brand they have amazing flavors,"[0, 4]",27
"I’m so sorry you’ve been having a hard time. I hope that tomorrow is not only better, but amazing. ","[20, 24]",1
"All the best things happen after midnight. All the worst things, too, but life is all about taking risks. :^)","[20, 22]",27
"Sorry I took so long, it’s the pangolin! It’s a crazy mammal with armor scales!","[13, 24]",27
"Wait, Mario Odyssey? I love that game, but isn't it a little old to be in the top 10?","[0, 7]",27
"He also probably hasn't finished school but has seen like, all the [NAME] lectures so he totally already know everything.","[4, 27]",25
I am practicing an speech for tonight when he drops by to see my dad. I am every level of nervous.,"[4, 19]",27
hard to bound with half team who leave after every season,"[4, 10]",27
wondering what the hookup scene is like in the north woods of Wisconsin?,"[7, 26]",27
best joke ever ahahahhahahahahahaha,"[0, 1]",27
"They gonna be some big books, don’t you worry. ","[5, 23]",27
Awesome! I'd love to see some if you ever post pics :),"[0, 18]",27
Wow what a fucking autist. Probably more effort into this shit than all people that hate on GS combined.,"[2, 26]",27
hahaha. She is stunning though!,"[0, 1]",0
He is a moron.,"[2, 11]",27
[NAME] came a long way since the nervous wreck he was the first year. or.. two.,"[0, 5]",27
As a man I would be quite pleased to hear this,"[15, 27]",27
It can make me angry - that and hearing my neighbors have sex,"[2, 3]",27
I love the post you just made! Well written and very relatable.,"[0, 18]",27
i remember that feeling.,"[22, 27]",25
look at that gym! Id kill to have one with such a nice view,"[0, 8]",10
Beat my second wife cuz obviously she put the evil eye on my first wife,"[2, 3]",27
"Great post, glad you had a good time here. Xpost it to r/travel. ","[0, 17]",27
"So we ARE paying him, but his 8.7M cap hit won't apply right? We should have pretty good amount of fun money for FA. ","[0, 1]",11
hahahaha yeah you tell him man! fuk da police coming straight from da undagrunnn hahahah just like that song right!,"[1, 2]",13
“I still have a 7 year old” translation one kid is still an asshole 😂😂😂 Source have an 8 year old,"[1, 3]",27
Keep practicing until you get real confident,"[5, 20]",27
"Really cool art though, well done!","[0, 4]",27
Ugh i wish i had seen this earlier! Have fun at the game!,"[1, 8]",27
"Lmao it wasn’t free, we were stealing","[1, 27]",11
Bitch right!,"[2, 3]",0
We just bought [NAME]. Have faith,"[20, 27]",11
This guy has been a lot of fun to watch over the last couple of years. Hope the draft goes well for him.,"[1, 20]",27
I love your honesty. What you wrote expresses fears and questions similar to mine. Thank you so much.,"[15, 18]",27
The Republicans are worse though the NRA literally has to pressure Republican congressmen every time gun control gets brought up.,"[3, 10]",27
Because you aren't serious. You're just mad because you got told to stop using slurs one too many times.,"[3, 10]",27
"Crap, crap, mega crap!","[3, 10, 11]",27
Nothin worse that doin the smooth criminal to be able to piss in the toilet,"[2, 3]",25
I like [NAME] and I've heard good things about [NAME] (I think his name is).,"[0, 18]",27
"I really get that, it's soooo disappointing. I hope he can make it up to you.","[9, 20]",27
I want to hug both of them.,"[5, 18]",27
love after lockup makes DOT posts look like the most sensible things ever!!!!,"[4, 18]",27
"During your explanation, you didn't make a mention of saying no or trying to stop him. Did you?","[6, 7]",27
I like it when a girl's nails are done. Nothing over the top long but I love french tips. Plus they're great for back scratches.,"[0, 18]",27
"[NAME]: ""Wait a minute? You're on my list!"" [NAME]: ""What a coincidence, you're on mine too.""","[7, 13]",27
"We're are going on a trip, in our favorite rocket ship","[13, 17]",27
Checkout real cool people that I'm sure would love to help you out.,"[4, 18]",27
"How does that work? If in every measurable way, its bread and wine, how can you claim its actually [NAME] body and blood?","[6, 7]",8
"Lol no, you said that it isn’t called swinging anymore so I was curious as to what partner swapping was called now.","[1, 7]",27
"Oh don’t get me started about halo, the glory days","[3, 27]",27
I hope you can be saved one day. Bless you.,"[5, 20]",27
"Sorry, I laughed, not at you, but because this is so perfect and so relatable. Hope you're past it or getting past it. ","[0, 20, 25]",27
"I posted the picture on this sub. I'm not sure how to link on mobile, but someone else posted the link on this thread.","[6, 27]",27
All I'm seeing here is that you commited a brutal murder.,"[10, 11]",27
I did. Thank you for your opinion.,"[4, 15]",27
What is dutch crunch bread? It sounds delicious!,"[0, 7]",27
This is so scary but I would love to go there. And it is actually in Brazil,"[14, 18]",27
This is awesome. Makes it feel like a community rather than just a forum.,"[0, 17]",27
"I’m glad you had such a helpful person on the other end during a tough situation, those kinds of people are like angels❤️","[0, 5]",25
Just read the text of this amendment. I am literally sick to my stomach from reading this. THIS MUST NOT STAND!!,"[11, 27]",27
[NAME] should give him a little tough love,"[5, 18]",27
It could have been worse! All the chairs and table are still upright.,"[11, 27]",9
Yeah that pass,"[4, 13]",27
"Very nice, man! Love it.","[0, 18]",10
"Better than any HBr, anyway","[0, 27]",19
"I couldn't let [NAME] become carver.. I regret it. [NAME] didn't deserve this, although he was fucking stupid to let his guard down","[24, 25]",0
Good news. Good for you buddy. Hope all of us get back our money soon :-),"[0, 20]",27
"Oh god, never thought of the implications of [NAME] not selling BB-8 as mirroring her parents giving her up. That tugs the heartstrings a little bit.","[25, 27]",27
Wow thanks. Was hoping to see more exact same moon pics for the eleventy millionth time.,"[15, 20]",13
The worst is starting out in a new relationship after leaving a failing one. You want to fall but you know how much the breakups hurt,"[9, 11]",27
It's amazing the people here supporting the [RELIGION] church and the child molesters over duterte... I wonder why.,"[0, 26]",27
"We have a lot of people flying in and out of the country. No change to the usual lines, so not bad at all.","[4, 27]",27
Who is brainwashing people to believe it's all a social construct ? It's really frightening that it's become so mainstream.,"[3, 7]",0
Thats odd but ill check it 🤔,"[3, 20]",27
The best timeline,"[0, 4]",27
I totally agree and I think this was suggested before as well,"[4, 22]",27
"Thank you. Yeah it's a nice thought, being sheltered and happy before any worries or drama. It would be nice...","[0, 15]",10
I am honored to be your only comment,"[15, 27]",27
It was a screech of delight. I like this hire. Would let to get a good OC now.,"[0, 13, 17]",27
I don't care about [NAME] story but I surprisingly found myself liking Bristol's.,"[2, 26]",27
The jackets that we have so many people wore so they’re musty as hell,"[11, 27]",17
Were lucky we were able to get this much money back for him wish him all the best in spain,"[5, 15]",27
[NAME] i really hate entitled people. Upvote if you think that EPs are worse than Antivaxxers.,"[2, 11]",27
It's one of my most hoped-for things. I think you should be able to approach a player and request a duel. It would be sick,"[4, 20]",27
"taj with 12 and 5 before the half, great game so far. Hopefully [NAME] can continue his 1st quarter shooting","[0, 20]",27
The adults are a bit drunk and I just got called an anti social bastard Pray 4 me,"[3, 27]",27
I thought he was a candidate as a [NAME] when [NAME] left. What happened to that.,"[6, 7]",27
I can be hard on KAT at times but boy am I glad he signed here for 5 more years,"[0, 17]",27
This is amazing. Thank you for posting the link.,"[0, 15]",27
"Guess [NAME] back hurts more than [NAME] neck, a comeback insues.","[9, 27]",27
"Do you happen to know what time and program that was, please? I’d like to see it. Thanks. ","[7, 15]",27
"Everyone knew that deal was stupid from the moment it happened, [NAME] was like 38. We just have to pray he learned from that","[5, 10]",3
Appreciate the honesty though,"[4, 27]",27
I’m sorry than happened to you and your family. Really puts things into perspective.. thank you for the reply !!:),"[15, 24]",27
"I used to hate them too, but since vikendi I’ve gotten pretty used to them ","[3, 11]",27
Yep and what a wonderful land it is. My favorite place in the world Edit: omg everybody so mad 🤣🤣🤣🤣🤣,"[0, 4, 18]",11
What kind of dove is he? He is soooo pretty!!,"[0, 7]",27
"Yeah, all of their SB's have been really entertaining. Nothing worse than an SB like the Seahawks-Broncos from 5 years ago.","[0, 9]",27
lol I’m realizing that now!,"[1, 22]",27
How does it actually work? Thanks for the response; aspiring entrepreneur with no knowledge of corporate finance,"[7, 15]",27
"Something's wrong. The top post on r/conspiracy isn't completely anti-conspiracy? Wow, feels weird. /s(?)","[6, 7, 9]",6
"Thanks, we were kinda enjoying it at the time too","[15, 17]",11
I played a lot of WW2 ranked and had a tone of close games. And the point of ranked is for everyone to be around a 50/50 W/L,"[0, 27]",27
This is amazing thank u so much u saved my life,"[0, 15]",27
Weird how they shoehorned s character from an ongoing tv show into Celebrity Big Brothter. Glad they got rid of him after one episode though.,"[17, 26]",27
People who mindlessly defend Turkey and Ergodan are very delusional!,"[25, 27]",27
Yeah - thanks - I vaguely remember this. I wonder what her net worth was year by year? Too lazy to investigate.,"[7, 15, 26]",13
"I mostly just feel like this life is a test I’m failing, and I’ll have another chance eventually ","[9, 20]",27
Appreciate you keeping to the bet. The other guy hasn't yet. Take care bro.,"[0, 5]",27
That's a juicy offer. Pity if it goes sour,"[4, 9]",27
"Oh no now I'm caught in the suspense, what could have happened?","[7, 22]",27
Let me know how that spicy coco turns out please!!!,"[7, 27]",27
"I've been looking forward to this But damn, I was hoping for some epic revenge story ;-; ","[2, 20]",27
"Damn, wish I could just pick up a hobby and start training 4 or 5 times a week...","[8, 20]",27
Alright stop.,"[2, 27]",27
My [NAME]. I think we have a winner. IT'S. A. REAL. PLACE. Best part,"[0, 26]",3
No one does,"[10, 27]",27
"I hope the Rams take it all cause of that. Would love to see [NAME], [NAME], and [NAME] win the super bowl again!","[18, 20]",27
I can’t call anyone Daddy. Not even my Dad. It just feels weird and creepy and I’m not 4.,"[3, 11]",14
"love cats, dislike the regular news. you?","[7, 18]",5
So much for the offensive burst in the first half. Lol.,"[1, 22]",27
sorry it was absolutely not like that,"[24, 25]",27
"Well then I feel sorry for men for being such incontrolable sexual beasts I guess. My original answer was sincere, I can't speak for others though.","[3, 24]",27
Is that because it's an accurate description of the politician and he's trying to distract from his guilt?,"[7, 24]",27
[NAME] I hate that I had to upvote this dude to the sub it is in. Every fibre of my being wants to downvote this atrocity,"[2, 3]",27
"One time, she punched me in the face. It was AWESOME.","[0, 1]",27
I can't imagine why anyone would hate this. It's beautiful.,"[0, 6]",27
"Yay, I hope so! I'm feeling good about this decade.","[8, 13, 20]",27
Are we gonna ignore the fact that he passed someone in the right lane???? That’s illegal,"[7, 10]",27
I was hoping to hear this. I'm up for it I think. I'll download it tomorrow.,"[8, 20]",27
"This is the worst Hellraiser reboot script I've read this month, and let me tell you, I've read a lot of them.","[11, 27]",27
This isn’t really new... or at least isn’t a new idea. Has it just now been shown in research?,"[6, 7]",20
Thank you for the specifics! Really helpful. Glad you’ve found such a good mix for you.,"[0, 15, 17]",27
Damn! I hadn’t heard about the eBay stuff.,"[3, 9]",27
you're going to relapse in two years because you have an illness that makes you use excessive amounts of things to cope with emotions..,"[25, 27]",27
I did misread i saw 23-27,"[12, 22]",27
soon i’ll have an army of karens and no one will be able to stop me,"[13, 20]",27
No Brexit is also an option.,"[10, 22]",27
Does Mama count?,"[6, 7]",18
"There is nothing this Government could cut that wouldn't upset someone. Sorry, but weez broke.","[9, 25]",27
"Happy for him, great game. ","[0, 17]",27
Exactly. Stop talking and let the adults speak u/MeatheadVernacular.,"[3, 4]",27
It would be interesting to know what you've learned about other sects of [RELIGION].,"[7, 13]",27
Such a handsome young man. He looks hungry. Are we not feeding him enough? Should I make some sandwiches? We're so proud of him.,"[0, 21]",11
Was a great interview! Loved the segment on them asking about [NAME] and if he actually had to go to class haha.,"[0, 18]",0
"Great response, I too love being in my 30s. Embrace it fella ","[0, 18]",27
Good luck bro! I am with you on this journey. Currently on day 7. I had trouble sleeping yesterday night due to the urges.,"[5, 20]",27
"I mean dug into cities and the like, the only urban fighting Turkey's done this whole war was in al-Bab and we all know how that went.","[8, 22]",11
Lmao that [NAME] damn nic cage pillow,"[0, 1]",27
"Maybe I'm overly cautious, but when I was single I stayed away from people who worked with me. ","[4, 5]",14
I do. The only thing I never understand was why it happened in that time.,"[6, 27]",27
"Haha, same bro. I am lvl 21 and still playing at least 4hrs a day. Loving it!","[17, 18]",1
Prepare for it and become happy with yourself but also accept its impermanence.,"[4, 20]",0
Yeah I usually do it if no-one will,"[4, 20]",14
I laughed. But I'm really not sure if I should upvote.,"[1, 6, 17]",27
Its ridiculous.,"[3, 27]",27
This story made my day. Ha!,"[13, 17]",27
Nice man!! Wish you guys the best. Here I am FA again after a 2 1/2 year relationship ended lol so enjoy it while it lasts,"[0, 5]",10
What do you mean?,"[6, 27]",27
They didn't even spell his actor's name correctly...,"[3, 10]",27
"Such a beautiful smile! I can tell from your eyes that you’re a good person, and very sweet. I hope life treats you well.","[0, 5, 18]",27
Can you apply to some kind of help within your university? Sorry this is happening to you.,"[7, 24]",27
He’s a very annoying person and illogical can’t work with someone like this,"[3, 10]",27
I appreciate this. I don't think I've given up on teaching entirely. I will try to survive!,"[0, 20]",27
I didn’t know I could roll my eyes this far into my head,"[1, 26]",27
kind of funny considering that the fentanyl that is killing people in North America - Canada and USA - comes from China.,"[1, 3]",27
I genuinely teared up when I heard it in the game,"[9, 25]",27
We need mark-ass brownlee,"[4, 8]",11
I thought it was but didn't find anything in Reddit's horrible search. Thank you and I apologize for this.,"[15, 24]",22
I literally screamed uncontrollably for 3 months and ended up in a mental hospital.,"[19, 25]",27
You guys actually look really similar to me besides the hair/beard. But that's not a bad thing!,"[0, 6]",27
It could be worse. We could get [NAME] or that Philly traitor [NAME] back.,"[9, 25]",11
Go away [NAME]....,"[2, 3]",27
When I was in Uni I worked in a call centre. Pay was better than retail but it was worse on the soul.,"[9, 10]",19
Omg does anyone have a video of this,"[7, 26]",27
Thanks so much for taking the initiative to do this! Not all heroes wear capes :),"[15, 17]",27
"And best of all, it is giving a child a loving home.","[0, 17]",1
"Girl, wear what you want. Here in Michigan, we get accustomed to cold. No, I'm not freezing just because you are.","[4, 27]",27
"It’s all good man, I missed [NAME] too. I REALLY hope we get another dream sequence with him in EP4. ","[17, 20, 25]",3
"Thank you so much for the wonderful compliment, glad you enjoy it!","[0, 15, 17]",27
"I'm sorry. On the plus side, your toilet joke made me laugh really hard. Lol. Thanks","[1, 15]",27
Ice Cream or Tacos for me. Or the best of both worlds.... a ChocoTaco!,"[17, 27]",27
"Thanks dude. Wish you the best with OP, personally I'm done.","[5, 15]",27
Don’t explain how you’re feeling to her either. Women like men who’s feelings are unclear.,"[10, 22]",5
Well you're laid up so you can do some hardcore researching.,"[4, 20]",27
Bruh fox and heild look like the same dude,"[4, 27]",27
I prefer HOWDY MISTER,"[4, 8]",9
"Happy cake day! It'll be tough, but stick to it and you will come out the other side better for it.","[5, 27]",27
Probably not making good pass decisions.,"[6, 10]",27
"Everyone has a purpose, just have to find what that purpose is for you. ","[5, 27]",27
No! That’s not how I meant it! Just trying to start a conversation & I love Tool.,"[10, 18]",27
Some judges are just literally scum. Have those in Germany aswell. Unfortunately.,"[3, 9, 24]",27
[NAME] the amount of protection that you are wrong *because* you are an outlier at all.,"[10, 27]",27
Fly out of KDVT? Love flying out there.,"[17, 18]",27
Is it my turn to point out he's clearly at school? I haven't checked the rota for this post this week.,"[7, 22]",25
only take your shoes off if there is carpet. and carpet is nasty.,"[3, 11]",27
Thank you so much. It means a lot to me and I really appreciate it,"[0, 15]",27
I want my Thick Blood feat to actually say “F*CK YOU” every time I deny a Peacekeeper their bleed damage.,"[2, 3]",27
I never said prostitution doesn't exist. I said it is off the streets.,"[10, 27]",27
"Their roster just doesn’t work, sadly they didn’t realize it in time.","[22, 25]",27
No negotiations with terrorists.,"[2, 4]",27
"Honestly, this is hilarious. Did he reply?","[1, 7]",27
Really? That's interesting. I'll have to give it a try. Yes I'd love to take a look at your suggestions.,"[4, 7, 8]",27
No now a days they’re regularly updated to reflect the current stats and rosters. This commercial would have been great for The Show 17.,"[20, 27]",27
What? Shut up?,"[2, 3]",27
The best thing about a traffic jam on 59 is getting out of it,"[4, 17]",10
She did you a favor by not dragging it out. Cut bait and move on.,"[4, 5]",18
I love the “I’m sleeping” and then the realization,"[18, 22]",27
Cool I have a few friends that do the same I appreciate them being stories instead of direct messages,"[13, 15]",27
"Turn undead is once per short rest, you can’t make use of it frequently, no wonder the dm was frustrated","[3, 10]",27
I can only focus on that pastry.,"[0, 13]",27
They were tricked. It’s not like those politicians were being honest.,"[9, 27]",27
I’m ashamed to look at how much time I spend on Reddit,"[12, 24]",22
"Hope you feel better soon. Probably won't happen, but good feeelings sent your way.","[4, 20]",27
"[NAME] likes making us excited, but not *too* excited","[4, 13]",27
I'm actually surprised it stayed up. We already got a shitpost thread yesterday. I though the limit was one per week.,"[22, 26]",11
Using an argument based on intolerance is frankly a bad strategic idea and borders on offensive. It won't persuade anybody and it sounds ridiculous.,"[3, 11]",10
Wow that’s weird. I’m too used to that age group complaining about “kids these days”. Thanks for sharing.,"[15, 26]",27
"I don't really know a time or date though, I'm open to ideas and availability discussion","[6, 20]",20
Its weird because I didn’t say “house cat” I just said “cat” yet you felt the need to correct me.,"[11, 12]",27
"Just because some people troll him on Twitter and get literally no retweets or interactions, he'll surely change his way of directing...","[4, 27]",27
"Fuck it, it's every man/woman for themselves in this fucked City. I've given up caring.","[2, 3]",27
Arguing a player is the GOAT among every position is just a dumb argument to even begin with when it comes to football.,"[2, 3]",0
Oh [NAME] why does he have to drag green day into this,"[3, 7]",27
There was a huge pervasive fear of nuclear war in the 80s among kids. I remember often waking up screaming from nuclear nightmares.,"[4, 14]",0
It might be a person that isn't good at English dude :/,"[6, 27]",27
I vote to now refer to him as [NAME] from now on due to his newfound confidence,"[0, 27]",5
"Love those clips on YouTube, does this add anything to it? Considering Netflix's obsession with exclusivity, this is an unusual arrangement. ","[7, 18]",27
Howd i get downvoted? Lmao. I love drones and think they cant be beat for SaR and aerial mapping... thats why i forwarded the proposal!,"[6, 18]",27
"53 months?? That is insane, must've been a different type of octopus then the one I was learning about. ","[7, 26]",27
Its deathprofessor lol. That's her Twitter account.,"[1, 4]",27
It is amazing how social media is allowing maniacs to congregate. Social media is very bad for us.,"[2, 26]",27
I could not imagine being that imprisoned by my body.,"[22, 27]",27
"Same. The low cloud is neat, but to me the emptiness of that area of downtown is what's striking.","[0, 4, 9]",27
"Female here - Personally, I would love a text that says ""I had a good time tonight! Would love to see you again.""","[8, 18, 20]",27
The sad truth is that all the feelings you get are real and genuine in that moment,"[9, 27]",27
I just looked for this sub so I could comment on how great he is.,"[0, 4]",27
"I wouldn't even call this a CB, she wasn't offered anything and turned it down. Still sad, though. ","[10, 20, 25]",26
"Happy cake day! Have a great day and year, cheers. ","[8, 26]",27
"""...And what do I find out?! There is no [NAME]. This whole team is a god damn ghost town!""","[2, 3]",27
"Yes, but [NAME] is right when he warns about the US involvement in Venezuela.","[4, 27]",27
"My fault, I jumped to a conclusion. I forgot that savanna cats are spotted not leopard print.","[12, 22, 24]",3
"Why,? It’s natural. That’s weird af.","[7, 11]",27
Stay on your feet Lovejoy,"[5, 18]",27
Haha okay. Much love brother!,"[1, 18]",0
"Thanks, your comments made me laugh.","[1, 15]",27
Your dog is so brave ❤️,"[0, 18]",27
"I think we should, he is one of the best centers in the game ","[0, 20]",11
[NAME] got bank...he's paying people to count his cash. He's doing fine,"[4, 27]",27
Just move on and find someone who will give you the same feelings back.,"[4, 5]",27
You're welcome! Anything else on your mind? Best to air it out,"[7, 15]",27
Bro this is awesome,"[13, 17]",0
Who would be deciding the quality standards? How would it work between genres or styles? Why would any of this even be enforced?,"[6, 27]",27
I think this title is biased. It groups all media improperly.,"[2, 3]",0
Whenever I leave my character in free roam I get an idle notification very quickly. Must have glitched.,"[4, 6]",27
"It was good, but not great.","[0, 9]",27
"Yeah for sure, they're too smart to go to class anyway, they've got time.","[0, 27]",27
"I don't blame you, this sub makes me feel crazy on a daily basis. ","[3, 13]",27
"I bet you are. Btw, wtf is PNW so next time I'm there I'll know to hit you up","[6, 7]",27
There is something legitimately wrong with you,"[9, 10]",27
">Not really a misquote if it’s an exact quote, is it? u did actually leave out the reasoning tbf","[6, 27]",13
I was listening to look alive by [NAME] and [NAME] and it was perfect timing with this video and the song😂😂,"[0, 4]",27
"Wow, what a controversial opinion.","[0, 26]",27
Love this! Love you! Thanks for sharing!,"[15, 18]",27
The only happy ending I enjoyed on this sub. Good job.,"[0, 17]",27
What were the forwards doing letting [NAME] skate up the middle to get that shot of and score?,"[7, 27]",27
I'd be extremely motivated to take any form of martial arts lessons if they didn't cost $100 per month around where I live,"[20, 27]",27
They're a match made in heaven!,"[0, 17]",27
I used to love to mix addys and Valium 10s though lol!,"[1, 22]",27
My wife has some crazy friends and I ducking love hearing their “slutty” stories. The things they make these thirsty guys do is unreal.,"[4, 18]",27
"Dam tears in my eyes now, but seriously great job ","[0, 25]",27
So you gonna Break up? She obviously don't care about you're boundaries.,"[7, 27]",27
You didn't need to split this into two posts...,"[2, 27]",27
"Ooof, I’m so sorry, that is rough.","[9, 25]",27
I don’t understand why this is a problem? Each of you just plate up your own food and then eat together.,"[3, 7]",27
"My grandchild used to be a baby, and now he is no longer a baby. Thanks, xBox!","[15, 22]",27
[NAME] is da man. A gangsta mathematician who had the guts to seduce the most beautiful Spartan woman of her time.,"[0, 27]",27
Was thinking this would go the route of actually eating the thin guy. Bravo. 👏👏,"[0, 20]",27
Ehhh he got played so hard on the [NAME] vs [NAME] situation in 2017. Lost credibility after that for me,"[9, 27]",27
Mom-emotions are always heartwarming and honest but dad-emotions make me tear up. Fuck,"[18, 25]",27
Me too lmaoooooooooooooooooooo haha damn that’s depressing,"[1, 9]",0
Shawty whats wrong with you. I want those people dead,"[2, 8]",7
It's so surreal that we have a superstar on the Canucks. I have to pinch myself everyday,"[17, 26]",11
Yeah a lot of people are missing that lol,"[1, 22]",27
All those things are definitely your fault. She is much better off without you.,"[4, 27]",27
She’s so hot in the video damn,"[0, 27]",27
Where'd you go tough guy? You were talking so big before. Way to downvote and move on punk.,"[3, 9]",27
True sequels to what?,"[7, 27]",11
I hope ish isn’t like [NAME] and is forever affected by this injury,"[20, 27]",27
"Some could shake out and slide down your pants leg, good call.","[0, 20]",27
Love this. Thanks for sharing.,"[15, 18]",27
Man I hate kids,"[3, 10]",27
Is that a real tweet? From the actual president? Not a parody? I can't tell anymore.,"[6, 26]",27
Protip- just smell your damn food. Use your senses!,"[2, 3]",27
I’m sorry to inform you that this man is an imposter. I’m actually undercover atm.,"[24, 25]",27
I totally agree man I hope one day I can find that too,"[4, 20]",27
I’m a little scared of telling my parents (I’m in high school.) How do I approach them about this?,"[6, 14]",25
Looking good!!!!!how are you? woww you are a treat...😉. Cute body :).,"[0, 7]",27
"Yeah I did think that was the case, thank you! So excited to see my new Capstan!","[13, 15]",27
"By pushing misleading and false information, your agenda is dividing [NAME].","[3, 27]",27
"Good. The US is behaving shamefully, the least Canada can do is to try and pick up a little of the slack. ","[9, 11]",27
"He might be, indeed...just remember, if you do catch him doing this, that he's just a kid without any understanding on that stuff. ","[22, 27]",27
"[NAME] "" haters gonna hate"" the most cringe I've seen of any politician. Worse than [NAME] benefit singing some working class song. ","[2, 27]",19
I love how at one point you're following behind her hair watching her dodge a spear,"[4, 18]",27
[NAME] are you me? Like I was relating and then you said rot in Atlanta traffic and the pains of 285 burned into my mind.,"[25, 27]",27
You're correct.,"[4, 27]",27
"he's gotta make shots and get to the line...2-6 so far, no ft's","[8, 27]",27
Am an FX artist. This is fake. Scar wax gives it away so badly.,"[10, 11]",27
"Haha, thats brilliant.","[0, 17]",0
"The rich are horrible, horrible people..... and yet we keep voting GOP to give them more tax breaks, the hell is wrong with us?","[9, 11]",17
Surely you dont think its the bravest thing a person can do though right?,"[6, 7]",27
Bro. We’ve been cursed since way before that.,"[3, 27]",11
"That was a very well put together video, entertaining and informative. [NAME] is a national treasure.","[0, 1]",8
> I'll only debate subjects I'm knowledgable of. Then you're not good at debating.,"[10, 15]",27
"Hey, your hair looks great! As a fellow curly girl I'm just wondering what your routine looks like?","[0, 7]",27
"Honestly after he was so reasonable and calm throughout this confrontation, the hatchet man tattoo made me chuckle. Definitely unexpected.","[26, 27]",27
Good bot!,"[0, 27]",27
"I don't know what would have happened had you tried to get past, but I'm glad you just noped the duck out of there.","[4, 15]",27
"What are you talking about? This sub defended ""it's just camo ,it's realistic"". [NAME] including myself all begged for better visibility lmao ","[7, 27]",27
"I’m really excited for this year! Especially the Wu Lin hero , I can’t wait to wield my double-handed jian😍😍","[13, 17]",27
"Thank-you very much, your comment is greatly appreciate.","[0, 15]",27
This hurts to hear because we know it's true. There are 16 year olds who have experienced more than me.,"[0, 4, 25]",11
Ambien your posts are delightful and I have such a hard core internet stranger crush on you.,"[0, 18]",27
You have no legs to stand on to accuse me of such.,"[3, 10]",27
RIP manning lol,"[1, 25]",27
I hope it heals well! I will bring out the Oww Mah Layg dancers to encourage healing and positive energy to help you and cheer you on! 🎶💃Oww💃Mah💃Layg💃🎶,"[5, 20]",17
Thank you so much I am so proud of myself!,"[15, 21]",27
He will but the Chiefs will absolutely have a shot because the Pats defense is egregious on the road. I mean they let [NAME] go off lol.,"[1, 4]",13
I think the one thing we can all agree on is Kill Mikol. This was too difficult to answer in full..,"[4, 27]",11
he stopped talking to me 🤷🏼‍♀️,"[9, 25, 27]",27
It’s not easy hiding that Baby Huey diaper.,"[9, 22, 27]",13
"It's wonderful. Reminds us of the need for pragmatism and of course, just how much we've annoyed the [NAME] over the years.","[0, 3]",27
just give me platinum and go to sleep ♥️,"[18, 27]",27
">captain [NAME] Wow, great nickname. Do you and the president swap notes on this?","[0, 7]",27
How can they expect you to write if you can't read? /s,"[3, 7]",2
"Hahahahaha, no there isn't. Thank god. Tell your friend he's an idiot for us.","[1, 23]",27
"It's about fucking time, hope this is real.","[3, 8, 20]",27
"> Society usually paints men as emotionless, cold, and self sustaining creatures who don't need affection. Not really, though.","[3, 9]",27
Fair enough. The cake is definitely too much haha,"[1, 4]",0
I'm not sure what you mean by 18th century family here but otherwise thanks.,"[6, 15]",27
Peep show is so damn good,"[0, 27]",27
Prove what point? That you don’t know how to read? I’m confused.,"[6, 7]",27
15 is too old to play playing fortnite smh,"[10, 27]",27
"Everything is cool when no one gets hurt.. But as soon as something bad happens, we all scream idiots... Why...?","[7, 14]",27
Poor cat.,"[25, 27]",27
"Personally, I adore capitalism. But that's just me. ","[0, 27]",27
We just got a ninja coffee machine. Don’t even need filters! It has little waste besides the coffee grounds. I love it.,"[18, 23]",27
Didn’t realize they lost it. Loved their Cooperstown collection figures.,"[18, 22]",11
"Yeah, this guy actually seems quite smart. (But a horrible and manipulative person)","[0, 3]",27
This just really motivated me. Thanks,"[0, 15]",27
"Gettysburg is awesome, I've been twice. I want to go back as an adult! Have fun!","[0, 8, 17]",27
so obnoxious.,"[9, 11]",27
Thanks. Those are great suggestions.,"[0, 15]",27
Be careful of drugs like MDMA. Often people regret taking it.,"[5, 24]",27
"All that condescension to spell ""capitulate"" wrong. Shame.","[3, 11]",27
Weird I can relate to this but in the same time I can't relate to this,"[6, 11]",27
Recent Russian behavior is unacceptable...no doubt about it.,"[10, 27]",27
I've never been more disturbed by a dog,"[3, 9]",27
Wooooo! Yeah! -applause-,"[0, 13]",27
What deal did [NAME] make to the **benefit** of the Syrian [NAME]??,"[7, 27]",27
"Optimism dial at 13, absolute mad man","[2, 27]",27
I guess its the 9th largest city in the country but it it weird to group them together,"[11, 20]",27
lmao okay dude,"[1, 27]",27
This man just posts facts and got -220. He told them the truth and they hated him for it.,"[9, 27]",27
That’s terrible; I would be devastated. You had to get out of there though. I’m thinking of you.,"[5, 11, 20]",27
"if he would only have any marketable skills, alas I think he is going to serve hard time","[20, 26]",27
Congrats dude! Can you give us a quick tl;dw?,"[0, 7, 15]",27
It’s pretty captivating in a make you want to throw up and then beat the shit out of [NAME] kinda way.,"[0, 2]",27
"I remember seeing that scene the first time and being like.... I loved Princess [NAME] before, but now... something is different","[18, 22]",27
">Maybe they found the key somewhere else on his property and prefer this location better, who knows. Yeah, that makes sense.","[4, 27]",27
[NAME] deliver me from this nightmare I'm stuck in.,"[9, 27]",27
You're welcome. Hope you enjoy them as much as I did.,"[15, 20]",27
"From the post history, I'd say this looks like a highly inept karma farm bot account. Edit: OP is for real! Yay! Upvoting!","[13, 17]",27
Pikachu shocked.jpg I hope we give him a fair chance and he succeeds,"[20, 26]",10
"Yes, huge problems. Buy it anyway. Such a sexy car with the power and fun to drive factor to match.","[0, 4]",27
"Oooo, shiny! (Is the blue one the new one?)","[0, 13]",27
"Glad I could help. Feels good once in a while, I know the feeling.","[4, 17]",25
Keep your chin high OP. Life ain’t always beautiful but it’s a beautiful ride.,"[4, 5]",27
[NAME] still got a little pop tho for calling for the match. Makes me smile that the crowd still loves her.,"[17, 18]",27
This is what unions are for. The great only appear great because we are on our knees,"[0, 3]",3
That sounds terrifying. I hope you and the little one are OK.,"[14, 20]",27
I’d be very concerned if the posts on this sub were coming from 7 year olds.,"[4, 9]",27
Right? It looked wild AF for a baby shower lol,"[1, 7]",27
Lots of physical intimacy and sex almost every time we met. Never suspected that this would ever become a problem.,"[22, 26]",0
OMG this is gaming history in the making. Lol I can't w8!,"[13, 26]",11
Happy Birthday!,"[17, 27]",27
"it is weird, looks like you have awesome internet","[0, 11]",27
More like I was raised in Asia but go off. I’m not gonna bother arguing with trumpie lmao.,"[1, 3, 9]",27
I got mine at 21. The ex wife would have had me snore instead of wear it for years.,"[25, 27]",27
I must of not fully understood what you meant... damn tired redditing,"[3, 10]",27
Fair enough. Taking a break can be good. I wish you the best of luck.,"[4, 5]",10
Thanks this was a cool article. The Shedd means a lot to me as it was where I went the first time I met the love of my life,"[15, 18]",27
"Yes, that’s pretty much it ! Thank you, I will, it’ll just be a week or so before I get there. ","[0, 15]",27
I've definitely erected something in his honor but idk about a statue,"[6, 27]",27
Where’s the joke? I can’t even figure out why someone would laugh at this.,"[3, 6]",27
Our local ESPN radio will play commercials for games that happened the previous week all the time. So amateur.,"[3, 20]",27
"I had a big omnibus edition. It was great, but a good 4-5 inches thick!","[0, 22]",22
"Ah yes of course, how could I have been such a Horseshoe crab!","[4, 22]",27
Yes! Tell us E.V.E.R.Y.T.H.I.N.G! She’s horrible but also very entertaining!,"[1, 11]",27
#welcome to Doordash lol We all quit Doordash,"[1, 15]",27
I don't know how you get over the survivor's guilt after something like that.,"[6, 24]",27
"I'm not ready, I'm not ready, I'm REALLY not ready.","[2, 10]",27
"forget new buildings, i work at the chase plaza building and am a little bummed that seagram tower made it but this didnt.","[9, 27]",27
enjoy it and happy New Year!! I was at the cheesecake factory yesterday with one of my kids.. had a blast,"[13, 17]",27
"No its not, a AGM can do damage in excess of 15m$.","[10, 27]",27
"[NAME]? Nah, that's him in the background. The idiot with the leaves is [NAME]. It's always fucking [NAME].","[2, 11]",27
Found the selfish and shitty anti-vaxxer in the thread. How many of us have to die before you get your fucking kids vaccinated?,"[2, 11]",27
"Liverpool FC and Jacksonville Jaguars (Sorry, my kids were born here)","[24, 27]",27
Same to me. But she has a handicapped placard but drives [NAME] and herself. WHY?,"[6, 7]",27
"Man, what a great post Edit: wow! Thanks for the kind, gold stranger!","[0, 15]",27
Is this worth watching? It comes off like its glorifying the guy and kinda puffy.,"[6, 7]",27
Wtf. And then we wonder why people think DnD players are a bunch of fucking creeps. Sucks that you had to bear witness to such sadness.,"[2, 25]",11
I feel like it's the 90s when everybody wanted to make a record label,"[20, 27]",27
Yep happening to me all the time at my college. Fuck everything,"[3, 9, 25]",0
Loved this book,"[0, 18]",27
"I really wanted him to be wearing cowboy boots, but will still upvote for those rain boots!","[8, 9]",27
Im fine with complaining. A little surprised he's complaining without playing or even reading the patch notes since they were released.,"[4, 26]",27
This is amazing and exactly how I feel about him. I love [NAME] and [NAME] but this is why Nuge is my favourite NUGE IS HUUUUUUUGE,"[0, 18]",27
Removed? Damn no respect.,"[2, 3]",27
"Yes, we did.","[13, 17]",11
"So glad for him, he's such a good man and deserves everything good ","[0, 15]",0
"congrats, [NAME]. you played yourself","[0, 15]",27
I love this trend.,"[0, 18]",13
"Wow, really? I hope this kind of event doesn’t happen that often. ","[7, 20, 26]",23
I'm crying. Their faces 😂🤣😂,"[1, 25]",27
"Bulls medical staff misdiagnosing again, what else is new","[3, 7]",27
Not this sub’s fault the ((([NAME]))) is full of idiots,"[3, 10]",14
A bad pun can be a real pick-me-up,"[9, 27]",27
"They didn't have a ""bullpen"" when they won the WS or when they went to the ALCS last year. They will get by as always","[0, 4]",27
No wonder crime is going up if these morons are in charge.,"[2, 3]",2
That's awesome man. Keep it up bro. Glad to see there's some people out there that still care about others,"[0, 17]",27
"Don't bother, redditors hate Israel ","[2, 5]",22
"Sorry, but isn't this a little too obvious? As the old saying, the early bird catches the worm.","[24, 25]",26
"Didn't expect him to land back in the championship, although mears was much more unlikely","[9, 26]",27
What a cringeworthy load of kak this is. Wow I have no words.,"[12, 26]",27
Running a company will be the same disappointment. Your problem is unsolved.,"[9, 10]",27
"You really went in to detail, and with valid points. Δ ","[0, 27]",27
"Did anyone see the ladies sitting behind the Hawks' bench?? WOW, like smoking hot.","[0, 7]",1
Happy day! Five years from now you will be a top ten player in the NHL.,"[8, 15]",27
please fire this fuck head im tired of losing games because of our power play,"[2, 3, 9]",27
"It ruined me, too. D:","[9, 25]",27
"Thanks for saying that, but yeah: you really need to do something about your boy there. He’s not right.","[10, 15]",27
"Glad you had fun!! Did you all, ya'know? Did you all make plans to see each other again soon?","[7, 17]",27
damn i’d love a transboy to be my prince charming,"[4, 18]",27
"Nah, according to OPs limited post history, he's a pedophile. ","[10, 27]",27
"ok thanks alot :), just extremely weird VAC bans are less harsh than throwing for Skins. lol","[1, 15]",27
Tbh I don’t hate either sport I just find them both silly. Especially soccer when Players fall intentionally to pretend to be hurt,"[3, 10]",27
"I'm a sexworker and trust me, plenty of us love our jobs an our work.","[4, 18]",27
It’s always about sentience. We already generally restrict abortions about the time fetuses are believed to start feeling pain.,"[4, 5]",11
Ok what other characters is her gameplay similar to?,"[6, 7]",27
Yes that would've been so much fun! You can only imagine my shock and disappointment...,"[1, 9]",11
These folks have surpassed,"[0, 27]",27
"Oh look, it's wr2! *proceeds to get fucked*","[2, 3]",27
Worst radio ever.,"[2, 11]",27
"Thank you for your reply. It gives me hope, and I will your previous post in a bit.","[15, 20]",27
"[NAME] knocking [NAME] out. Somehow, I didn't expect the brainwashed soldier to betray the kids.","[26, 27]",27
I'm afraid if I have a awful time or something like that I'm going to get worse..,"[14, 19]",27
"I always thought the GNT version of 10:14 was amusing. Intelligent people talk sense, but stupid people need to be punished. Proverbs 10:13 GNT","[1, 27]",27
I passed the aftermath of this wreck on the other side of I-20. What a tragedy.,"[9, 25]",27
You have the bear mask?? :D it is glorious!,"[0, 7]",27
Thank you [NAME].. Another disaster you created.,"[9, 15]",3
"This momentum control by the refs is killing us, and we're letting it","[3, 25]",27
That's a shame. Well good luck,"[5, 12]",7
Completely understandable. Maybe mom should book flights a little bit farther in advance next time though!,"[4, 27]",27
what a crazy ride,"[0, 13]",27
"Good read man, sounds like a crazy time, its the worst vomiting red in front of ramdom people lmfao 😂","[0, 1, 11]",27
happy birthday dude!,"[15, 17]",27
Thanks! Itll take some getting used to for sure but I'm excited to move on.,"[13, 15]",27
"I agree with you, but you know, sharia *is* sharia, which I find a tad more frightening ","[4, 14]",7
Indeed. This episode is for me the best one officially. I'm scared for the finale,"[0, 14]",27
Which is why I'm glad he turn around as he did. xD Still is both scary and funny if you look at it from a different light,"[1, 14, 17]",27
"So Much Feeling in One Picture , Great Love It :)","[0, 18]",25
Thanks for sharing! I can so see me taking the scraps when he inevitably is having a good day and reaches out. I will resist!,"[15, 27]",1
"He missed out on a golden kid. You should be proud of yourself, congrats!","[15, 21]",27
That would be cool too!,"[0, 4, 13]",27
"Don’t know why I didn’t think of that..but hey thanks, hero!","[6, 15]",27
Sometimes all you need is to know someone else has been there and believes you can do it too. You got this. Keep it up!,"[0, 15]",27
It feels like it plays worse tbh,"[3, 9]",27
I'm know Ashtabula. I'm from Lorain. That's cool that the company got bigger though.,"[0, 4]",27
Looks extra creepy in light of the recent revelations about his campaign.,"[11, 27]",27
This post is amazing. Definitely starting to see good days and life just kept improving after my Nex. Thank you for this,"[0, 15]",27
"And then everyone clapped and the teacher got on his hands and knees, begging to be spared from your superior intellect.","[3, 27]",27
The monster!,"[2, 27]",27
>It's not that I care Every reply now is you crying about being downvoted lol,"[10, 25]",27
"This is great, thank you","[0, 15]",27
Everything. Everything is wrong with being hypocritical.,"[3, 9, 10]",0
"I'm so happy for you and so, so, so proud of you. It's HARD to talk to your doctor about this stuff.","[17, 21]",27
Constantly worrying about her and not feeling pleasure without her presence could be. You need to talk to a therapist.,"[5, 25]",27
I had one of those... my cat broke it.,"[9, 25]",27
The ruling class doesn't care. Their only goal is to plunder and loot the country for their own financial gain.,"[3, 11]",27
"Sorry you are still being messaged by ugly guys, that must be really tough, you are brave for still using the site sweatie ","[5, 24]",27
"Lol I understand the sleep issue. I’m CIO for a small financial trading startup, so I’m always on call no matter what.","[1, 4]",27
"I'm finding it hard to distinguish ""discuss the merits of conspiracy theories"" and ""debating"" those theories.","[9, 27]",27
I live in those unfortunately,"[9, 25]",27
"There are 649 voting MPs, so some were absent (or abstained??)","[6, 27]",8
"I agree, it was approaching my bedtime but will do so today, thank you.","[4, 15]",27
What logic justifies $33 that would not also justify $5000?,"[6, 7]",27
That made me laugh and if my mum’s mind was still here she’d laugh too!,"[1, 17]",27
I'm really excited for this. I loved the sense of adventure / danger in Sunless Seas.,"[13, 18]",27
Follow up — are the Adidas sized to wear over pads?,"[6, 7, 27]",27
"Lol your adorable, thanks for the humor","[1, 15]",27
I AM THE GOLDEN GOD,"[0, 21]",27
wow I think you've really got her now,"[13, 26]",27
"Home field advantage is barely a thing lmao also I hate the Patriots, you're just being an idiot.","[3, 10]",27
Way braver than me. Hope you have a great night. Cheers!,"[0, 20]",27
"Yes, you should speak with an attorney.","[4, 27]",27
I would love to know the Governor'sr's response to that line!,"[18, 27]",27
i thought it was very coincidental that i was listening to 808’s while doing this bullshit and that this question popped up unexpectedly. made me smile,"[17, 26]",27
I love this post so much. Really drives the point home and made me laugh!,"[1, 18]",27
"I love the wire, never sad any thing bad about it just that it's from two decades ago","[0, 18]",27
"Yo, was that NDP leader [NAME] on the sidelines? ","[6, 7]",27
Of fucking course it is...,"[2, 3]",27
I see lotsa [NAME] I’m proud,"[0, 21]",27
this is probably one of the top 5 most legendary copypastas from this community - I’ve always loved this one,"[0, 18]",27
Yeah that's where my eyebrow went up. The liability issues alone would make it a non-starter.,"[3, 27]",27
*wrap* happy birthday,"[13, 17]",27
LOL...love nagy shock-faced,"[1, 18]",11
Thank you so much! That’s a helpful list with a great variety!,"[0, 15]",25
"I like [NAME] so far, but I know I'm alone in that.","[22, 25]",27
"I have no idea what you’re talking about, so do you have carpentry experience and/or background in engineering?","[6, 7]",20
"I do that on my boyfriend too haha, super soft and makes me feel safe! Maybe we are all crazy","[1, 17]",0
"I'd like to think [NAME] is joking, r-right guys? ","[7, 20]",27
"It didn't take me any longer than the first, and I feel uncomfortable now","[3, 9]",27
Thank you and CONGRATS MAN!! I listen to podcasts too when I get ready! Greatly helps with the negative thoughts. Glad we did it!!,"[0, 15]",27
They wanted [NAME] to be in the cameo and both to wish her happy birthday as specified in the order,"[17, 27]",27
What a stupid stretch lmao.,"[1, 3]",27
hey at least you've got a friend group chat,"[17, 27]",27
Well I mean this game is so stupid in a lot of ways tbh,"[9, 11]",27
"My bad, sorry. I kicked a pebble on top of that mountain.","[9, 24]",27
YOU BLEEPING NEED ME! YOU CAN'T MAKE THIS SUB GREAT WITHOUT ME!,"[2, 3]",27
"Oops, accidentally fed the troll. Ah well, we all gotta eat. Guess I'm feeling charitable. 😉","[12, 20]",27
surprise surprise! cbs loves this phony old wannabee,"[18, 26]",20
"I don't even understand stuff is going on, I just laugh and hope it's at the right time. ","[1, 6]",27
That Moment when you suddenly find yourself in a 3 minute starring contest,"[13, 26]",27
"You mean you wouldn't want to be a transhuman cyborg alien experiment? That's not very cash money of you, my friend.","[6, 7]",27
Define abuse. People can down vote as they see fit but it doesn't mean it has to ruin your day.,"[3, 10]",27
Wouldn't mind if it is [NAME]. Girl's got fire.,"[0, 4]",27
Cool. Good call on the passport. Our plan is to make a stop on the way from thr airport. Im suee some are open late.,"[0, 4]",4
movie sucks do yourself a favor and watch the Infernal Affairs trilogy they bastardized,"[5, 9, 10]",18
"You. Are. Awesome. Also, congratulations on the baby!!!!","[0, 13]",27
I like it!,"[0, 18]",27
Shame our government can't progress as fast as the infrastructure.,"[9, 12]",27
This right here is the kind of father I want to be. Thanks for that.,"[8, 15]",27
Any chance you have a bank account information you want to share?,"[7, 27]",27
That day was incredible.,"[4, 17]",27
Nice. Thanks for the original.,"[0, 15]",10
Where is that damn SaLt LiCK,"[2, 3]",27
I mean he is cleay doing *something* right.,"[0, 27]",27
Upvoting simply for the (Eli = ),"[4, 27]",10
Yeah I don't think [NAME] even had to move his hands for that one. [NAME] and [NAME] also destroyed the precision QB challenge too.,"[3, 10]",27
"TD: ""You cant just call everyone you dislike a nazi!"" Also TD:","[3, 27]",27
You'd think that's a simple game mode they'd have had from the start... I would have loved that.,"[8, 18]",27
How dare you not find domestic abuse funny! /s,"[2, 3]",27
"I don't remember the taste, but someone on my strange addiction tv show ate her late husband's ashes and described the taste. ","[22, 27]",27
[NAME] deserves appreciation,"[0, 5, 15]",27
i appreciate your response! you are totally right... i gottA get out of my head.,"[0, 4]",27
Are you interested in hearing from men and women?,"[7, 27]",27
Lol what can you even say you meant to say? “Sorry auto correct meant let’s do SOCKS”.,"[1, 7]",27
"Yep, unprepared for first period, forgot my pants while wandering around the school, etc. Been teaching 5 years and I still get these dreams","[3, 27]",25
So many of [NAME] haters dismiss his top 10 stat placement. Never understood that.,"[6, 22]",27
Looks sick actually.,"[3, 25]",27
Thanks for recording a video message with AntiRivet like 3 years ago for me. Hope everything is going well.,"[15, 20]",27
"I'm already aware of a lot of things I need to fix, but Im just trying things out atm. I would appreciate any and all feedback.","[15, 22]",27
As a biologist lol. What about hermaphrodites?,"[1, 7]",27
"Hahaha I know this one, thank you SORTED boys!","[1, 15]",27
It’s pretty clear UBI is not going to actually Make the character interesting. We should stop deluding ourselves.,"[3, 22]",3
Enjoy trading a potential superstar for the worst guard defender in the league.,"[1, 4]",27
"Finally some good vibes in this sub, im happy for you man!!","[4, 17]",27
*Trust the plan*,"[4, 27]",27
You guys really took this loss well. I'm stunned at how not-salty you minor leaguers are taking it. Totally not full of excuses and what-ifs.,"[4, 26]",27
I remember them looking very happy. I loved that they were there and seemed very happy about what was happening.,"[17, 18]",27
yep I wasn't aware I could claim my rec purchases too. thanks,"[15, 22]",27
"Yeeeaaaah, move out and keep showing off the clam.","[5, 27]",27
We gotta throw the whole world away,"[2, 3]",11
Good luck don’t get discouraged you can do it!!!,"[5, 20]",27
I'm with you. Let's this together.,"[4, 5]",27
Being in a 3 person friend group fucking sucks sometimes m8 I feel like the least loved a lot of the time,"[9, 25]",27
"I appreciate you being open about it. So I'm assuming you accept that the things you listed don't make you a woman, right?","[0, 7]",5
Don't be coy were talking about the active ingredients here not the plant itself.,"[3, 10]",27
I would assume that it would be sexually frustrating for the woman.,"[3, 20]",27
I love when you get the text afterwards - my last donation apparently saved a life in Cairns! Really cheered me up actually.,"[17, 18]",27
How did they respond? You can't leave out the best part.,"[7, 10]",27
One of the scariest things about being in a cult is that you don't realize you're in a cult.,"[14, 22]",27
Mother knows best.,"[0, 27]",27
I’ve made the same exact comment before It’s mind boggling,"[0, 4]",27
"That weighs heavy on the heart, I’m so sorry for your loss","[16, 25]",27
Damn this was deep. Hope the best for you and you could really turn this into a short story or something of the such.,"[2, 20]",27
[NAME] lost her guitar canonically,"[25, 27]",27
> no one wants to smell like a goat. HA! That's amazing. I love it.,"[0, 10, 18]",27
Left beer outside so I could make a cool picture for reddit. Please give karma.,"[8, 17]",27
Sweetener is full of bops! Wish she would release another single from it.,"[8, 13]",3
"Okay idiot, well it seems right wingers can't tell the difference between strawman and reality then. Thanks for confirming it douchebag. ","[3, 15, 22]",27
Keeps going tho. Kids got heart,"[9, 27]",27
Do I need a reason other than: he hands out $100.00 bills to would-be voters?,"[6, 7]",27
She's probably increased in usage now cause people want the wins for that Bastet skin lol,"[1, 27]",27
To bad we aren’t getting [NAME] vs [NAME] and [NAME] literally burning it down to close out mania. But man I love this belt.,"[9, 18]",27
Women can't do wrong you fucking mansplainer,"[3, 10]",27
"Ahh damn! Gotta pay attention to that, never even knew!","[2, 22]",27
Lol what are you smoking,"[1, 7]",2
I’m sorry about your pup. At least between the two of them she won’t be neglected? I just feel badly for you.,"[24, 25]",27
"My first thought was how bloody your hands are when your downed, You turned Blood and Gore off. Good man ","[0, 22]",27
"He's not a believer, so he doesn't see what he did as wrong. ","[10, 20]",27
"That's great to hear. I hope you get it, and have many years with that job.","[0, 20]",27
wow. I think you've done all you can.,"[0, 13]",5
Congrats on quitting my man. [NAME] speed in your recovery.,"[0, 15]",27
How did I not know this?! That show is so good.,"[0, 6]",27
Wow. I didn’t realize a simple medical term like obesity judged a person’s laziness and intelligence. 🙄,"[22, 26]",1
This is a bad post and you should feel bad for being the author,"[9, 24]",27
Trust me no one getting caught but this dumb MF,"[3, 27]",27
"I'm gonna say break it off and expect them to date at some point. So prepare for that one. Sorry bud, good luck! ","[15, 24]",27
Suffering from success...,"[25, 27]",27
"As per, they’re being slammed on social media. Their response and justification of it being from seven years ago is contrary and lame.","[3, 10]",27
This is so scary but true,"[4, 14]",11
So wrong. Most every denomination believes they are the only ones who are doing it right and everyone else is going to rot in hell.,"[3, 10]",13
"I mean, that’s great, but would you start dating someone you didn’t think was attractive initially?","[0, 7]",27
holy mother of oof,"[3, 27]",27
"I would gleefully look forward to a battle where fascist apologists and race baiters utterly destroy each other. Maybe then we can have a civil, unified society.","[3, 4, 20]",11
if it wasn't him it would be someone else she's wasting her life on,"[9, 10]",27
"If that's ice cream, then honestly I eat ice cream from a cup at home. It's great for portion control.","[0, 4]",27
Nope. This guy is legitimately this dumb.,"[3, 10]",27
Always and I appreciate your opinion good sir,"[0, 15]",27
Well yeah! Doesn't everyone? I'm in the one about ED. I guess I'm a natural deflator. 🤷,"[4, 7]",27
"My first day with them off was quite anxious, but it got better!","[19, 23]",19
"Tbh I've never found the porn ads arousing, I've usually found them annoying, stupid, really clickbaity, or hilariously cheesy","[3, 11]",27
"Like ConfusedYehud, I'm also curious why there is a difference between a woman's face in a newspaper and a woman's face in the street.","[6, 7]",27
No way! I never would have made that connection lol,"[1, 10]",27
that's an adventure!,"[13, 22, 26]",27
No. You have to have killed her due to negligence or the like. Manslaughter is essentially the crime of accidentally killing someone because you did something careless.,"[10, 11]",27
"Just watched The Pass on Netflix--really great movie, but not exactly a feel-good time...","[0, 10]",27
Unfortunately I’m not a military man,"[9, 10]",27
"I am now sad the latest Thief was so mediocre, because the actual City the game took place in was a great little world.","[0, 25]",3
"I got matched with the best [NAME] in the world today, it was well fun. Felt happy to win a round ahaha.","[1, 17]",11
you obviously dont know how the wilpons work lol,"[1, 10]",27
Don't hesitate to do it.,"[4, 5]",27
I'm quite curious as to how recreational marijuana legalization will effect these rates. The first two factors are generally caused by alternatives of sorts to marijuana.,"[7, 27]",27
Nice! I'm glad there was a great turnout. Congrats!,"[0, 15, 17]",10
"Good night, sweet prince. I hope it was a quick one.","[15, 20]",27
"No, he controlled the match. He had to be dialed in the whole time and he was.","[0, 27]",27
I AM CERTAIN THIS IMAGE HAS FULLY ACTIVATED MY EXCITEMENT.EXE. bad bot.,"[4, 13]",27
Not sure why you are getting downvoted for this comment. I really dislikes the Facebook type posts on this sub.,"[6, 10]",27
Haha I can imagine! Good on you for doing it though.,"[0, 1]",0
TIL that [NAME] is a guy.,"[26, 27]",27
I forgot about that. 😂,"[6, 22]",3
Leave it alone hopefully it won't pop overnight,"[8, 27]",27
"You're right, that's a solid advice. I will give it some time and if I am unhappy I will start distancing myself. Thanks!","[4, 15]",27
Ughh same. Love the finish of it just wish it had more coverage.,"[8, 18]",27
"Heavens to [NAME], guys, thank you so much for the gold! That was super-unexpected, but what a delightful thing to wake up to! :-D","[0, 15, 22]",27
There are too many factors at play to really say that. It's still probably disappointing.,"[9, 20]",27
That’s not true at all. I play on xbox and you can’t Loot teammates you or any squad mates kill.,"[10, 27]",2
Welcome to the gloaming. Yes.,"[5, 15]",22
"Ooooh, is that also an aspie thing? I have a lot of those moments here... ","[7, 22]",6
"If I may suggest patience, if your data is still there, you might want to read a little before open heart surgery. ","[5, 27]",27
"Nah, I knock on the door from inside, or the wall, or tap the floor, seems easier","[10, 27]",27
Is this furry_irls equivalent of a tik tok? And I hope more people join in on this I want to see EVERYBODYS sonas and ocs together!,"[7, 20]",27
That's because: Emotion = Reality,"[22, 27]",27
[NAME]? That’s your answer?,"[6, 7]",27
Thank you. I needed someone else to say it. The unnecessary misgender as a parting shot wasn't my favorite either.,"[10, 15]",27
I'm sorry that happened to you. You planned a awesome day that I wouldve loved celebrating with you. Happy Birthday,"[5, 25]",27
That would be more accurate but less impactful/explanatory of the point the creator is trying to make---it's an illustration of the Apex fallacy.,"[4, 27]",10
Those all look like perfectly good cookies or is that the joke,"[0, 6]",27
"The Right: ""Why won't the left let us rape, abuse and brainwash children without putting their liberal noses where they don't belong.""","[2, 27]",3
Oh wow Thats definitely something,"[17, 26]",27
You want forgiveness? Stop spamming.,"[2, 3]",27
"His performance this weekend reminded me of when [NAME] came into the LCS, he would solo kill every single lane","[0, 27]",27
"He has actively lied about and misrepresented Canadian laws and legislation, even after he's been corrected. ","[2, 3]",27
"If you need to vent or anything, let me know. I'd be glad to chat or even just listen, whatever helps. Stay strong!","[5, 17]",27
This will only help garner support for his side.,"[4, 20]",27
[NAME]. Haha r u [NAME]??,"[1, 7]",0
What a sad post. I cannot believe people actually follow their advice.,"[9, 25]",27
Just keep trying. Dont give up! If you are getting numbers that is half the battle...seriously.,"[5, 20]",27
I'm concerned they actually have to press a button. Why no dead man's handle?,"[5, 7]",27
"You got it, just keep doing whatever you were doing the past 20-whatever days. Constrict that demon, dude.","[0, 4]",27
They aren't wrong here in illinois. :(,"[4, 22]",27
"Actually surprised it's still going. It was fairly fun from what I remember, albeit a bit rough around the edges.","[22, 26]",27
Originated joke by:,"[17, 27]",27
It's not a fair question.,"[10, 27]",10
As bad in what ways? The rest of who? Other politicians?,"[6, 27]",27
"He was an insane shooter in high school, so I guess the staff believes his current performance is just because he’s a freshman?","[7, 22]",25
"[NAME], I'm excited to watch your journey and hope you have massive success! ","[13, 20]",27
And if that's the case then there is no helping him. It sucks that those people can't be helped,"[3, 11]",27
"Lol “this is my opinion and it is very true.” You said opinion, didn’t you?","[1, 7]",27
"Without these heroes, we could still be counting on [NAME] to fight off opponents, and a collapsing stadium","[0, 4]",11
Just the name of it gives me anxiety,"[14, 19]",27
I just never felt like a boy. I hate my body and I just feel like I can't express myself for who I am.,"[2, 12]",27
Did you do it yet? It won’t let me post lol,"[1, 7]",27
"I was just kind of born into it, although ironically I was raised a cubs fan as well.","[4, 21]",27
I did. In a selfless sacrifice that I hope brings ample awards.,"[8, 20]",27
Does your son do Scratch? My daughter doesn't do fortnite but Scratch is her favourite internet thing and she would love to add new scratch friends.,"[7, 18]",27
"I made you guys say it, didnt I? Now you all can have 72 virgins inshallah.","[4, 7]",27
Someone who’s to sad and empty to care about toast... me I guess?,"[7, 25]",27
"It's a last resort when I forget my iPod, I swear","[25, 27]",27
"""We must fight!....to run away..""","[22, 27]",11
"Usually it's not entertainment, it's mostly curiosity and fascination. Like when you see something horrible, but can't turn your eyes away.","[17, 27]",0
"I just came home, what the fuck is this lineup? I love you [NAME] you mad bastard !!!","[2, 18]",25
Unnecessary. This was painfully obvious,"[22, 25]",26
Couldnt they just play music through a speaker? This is hilarious,"[1, 7]",27
"I live next door to this, and I was up late.... How did I not hear this?","[6, 27]",27
How are you punishing him for sneaking food? Why isn't that working? What alternatives have you considered to get him under control?,"[7, 27]",27
"Now is the fun part, where you try to maintain this lifestyle.","[1, 17]",27
I wish I could retort with peep show memes about nazis and pints now. Haha! Cheers,"[1, 8]",0
You mean not enough,"[6, 7]",27
I was prepared to accept [NAME] for Pirela!,"[4, 27]",27
"Lack of content, which led to shipping wars, which destroyed everybody’s minds, which created this.","[2, 3]",7
Ah I didn't realize I was able to do that. I'm still new to Reddit so I am still learning haha thanks!,"[1, 15]",0
Good luck verifying them. All of them.,"[15, 20]",27
I feel that nobody cares and nothing will be different because this is a total non issue for vast majority of people.,"[9, 25]",3
That's really creepy. What is crazy is that 9 year old's get cell phones now! Times have certainly changed :p.,"[3, 26]",27
Oohhh so you go to school on a military base? Is your mom or dad in the military or both?,"[7, 26]",25
"The problem is that data shows graphics sell, gameplay doesn't. It really sucks though, I wish they gave us a toggle at least ","[8, 9]",27
I love this. It's not always the most exciting things that make for the most amazing feelings 😊,"[10, 18]",27
"Not sure about [NAME], but I think [NAME] would win easily against [NAME]","[20, 27]",27
Ok guys I'll watch it. When I finish it I'll tell y'all what I think,"[4, 20]",27
It's interesting but would be super impractical as a prosthetic for an amputee or someone with a limb deformity.,"[0, 7]",27
What a shit twat,"[3, 11]",27
Understood - PM was all gears and no downtime. Last thing I would want is another bloody job like that. Cheers,"[2, 8]",27
They’re all so damn gorgeous. No complaints here lol,"[0, 1]",27
Wow! How does it know?,"[0, 7]",27
"Thank you OP, I love you (no homo if you’re a male).","[15, 18]",18
It's as though it all melts away the moment you realize it's not true.,"[22, 27]",11
"I heard it to the beat ""I want you to want me"" I like your squanch!","[0, 22]",27
Thank you for that :) I'm not OP but I am really happy to read your comment.,"[15, 17]",27
"Awe, poor baby. ","[5, 25]",27
Ooh I thoughy today was last day. Damn it I spent 10 hrs playing HvV today😑.,"[3, 22]",27
"This exact scene, as a matter of fact, haha.","[1, 17]",0
"Thanks bud, hope it’s a great one!","[15, 20]",27
"That guy was beyond cringe, it was creepy","[11, 14]",27
"They also almost always miss, leading to that awful thin sheet of bagel that ends up as ash in the oven. ","[3, 9]",27
"I actually didn't realize that my libido had gone down after getting off hormones, and only noticed it after it reappeared with the IUD :'V","[22, 27]",11
"Unfortunately I'm guessing their toxic attitude will alienate them from others, which will only make them more angry and resentful.","[2, 3]",7
I can’t tell which shirt was 2 dollars or which was 5 dollars for example,"[6, 27]",6
"DEAD DUCK INSIDE DO NOT EAT. Well, I’m not sure what I expected. ","[2, 6]",27
Nah it's cool. We love you. Please don't do terrible things.,"[5, 18]",3
Do you smoke? Smell strongly? Have dirty boots?,"[7, 27]",27
"I'm in Printer's Row, but I do have a car so I might just go check it out. Thanks!","[15, 20]",27
Good. Nevsun shouldn't be flaking culpability in this matter. They are directly funding the organizations responsible for it.,"[0, 4]",27
"holy shit that person is a fucking asshole, talk about a huge red flag for your stepbrother.","[2, 3]",22
Hello. I’m sorry you’re going through that. Why do you think it’s impossible to leave?,"[24, 25]",27
I love the aunt. Hope she doesn't back down.,"[18, 20]",27
I mean it sucks but that man looks deaded,"[11, 22]",27
Underrated comment 🤣,"[0, 1]",27
The line the reviews were not positive made me laugh for some reason.,"[1, 17]",27
Character-wise or fighting-wise?,"[6, 27]",27
I deserved it. I'm a garbage cumslut. He owned me and he took his property.,"[2, 9]",27
"What an awful video. I just wanted to see the jump in real time, not 10 cuts of the start, followed by 1 slomo finish.","[8, 11]",27
"I don’t think it’ll happen solely because of UA, however that’ll surely be cool if it does happen","[4, 6]",27
Wow! You definitely Trader Joes. Do they have chocolate covered pretzel balls? I have been looking for those forever.,"[0, 7]",27
Look at her all grown up 😍beautiful.,"[0, 22]",27
Don't forget about the flooding in Houston. :/,"[25, 27]",27
I like turtles.,"[17, 18]",11
Same. Even though he’s dad-dicked us 3 years in a row I will always cheer for [NAME].,"[3, 20, 27]",16
"I've done it 3-4 times as survivor and never got the trophy. I think I'll try as Killer, will be easier haha.","[1, 9]",0
That's pretty cool. My friends older brother played against him. We all played for Cherokee. Said he was an awesome pitcher.,"[0, 27]",27
"Alright thanks, I was so confused for a sec. Thought [NAME] pointed to an uneven bump on the ground ","[6, 15]",27
I've seen her somewhere before,"[6, 22]",27
Yeah I don't mind the odd hunter or a daddy long legs but fuck those red backs. And whitetails Those cunts are vicious as all hell,"[2, 3]",22
I'm gonna guess other people in the Texans org don't feel he deserves the credit you're giving him.,"[7, 10]",27
Now I know rhino poop is very green.,"[22, 27]",27
Wow starters before 6 min mark?? Insane,"[1, 13, 26]",27
"That was easily the best one. The lyric ended, but somehow he just kept going. ","[15, 27]",27
"Shit, I lost the original page. Please forgive me.","[9, 12, 25]",27
That's the only way us [NAME] can successfully learn the hardest language in the world. /s,"[0, 4, 20]",11
Could be worse. At least he's not the guy who wrote the Witcher books LOL.,"[1, 11]",27
Except [NAME] is worse,"[2, 9, 11]",27
*Chocolate thugs don't mess around* That's interesting though. Something to look forward to when you wake up,"[4, 6]",27
Indeed. And good on those that do so. I wish those I've heard complain about what they don't know would be so proactive.,"[8, 27]",27
What does she want? No sex with you! Your giving up which is what she wants! She wins and you lose. Pretty simple!,"[3, 7, 27]",27
Thanks! I’m Excited To See How This Meme Become In The Future!,"[13, 17]",0
Welcome! I'm a fellow INTJ-A female. Was also lonely for a long time. :) It's great to feel home!,"[17, 25]",27
"I mean, I’m an occasional monarchist myself. That doesn’t mean I’m under some delusion that it’s a fix all.","[11, 27]",27
drink ur milk and you'll grow to be a big strong man,"[5, 20]",27
Gangs shooting each other on the streets is not the same as a crazy person going into a school and kill a bunch of innocent kids with an assault rifle.,"[9, 10]",25
Poor [NAME] doesn't deserve that!,"[22, 25]",2
"Yup, cats can you think it could get the correct call. The US and holy shit how do you know there are too brittle.","[3, 17]",5
"Grammar guy, sorry, but vicarious doesn't work like that. Did you mean various? ","[7, 24]",27
[NAME] I wish you *were* silent,"[3, 8]",3
"Totally agree, but what is Scott's Totts?","[4, 7]",27
Love pasta. Not a fan of cosmos. I’ll take an aperol spritz though 😍,"[18, 20]",27
"But that situation is not really what you are talking about, is it?","[6, 27]",27
You realize I hate trump right? You’re super annoying I’m not dealing with this,"[3, 22]",5
Because teams do dumb things when they’re desperate.,"[3, 22]",27
Oh yeah didn’t notice the username. Yeah please do. I just recently got into photography. Total noob but I love it.,"[18, 22]",27
"Yes, I've had this fear. It's even worse when you *don't* say goodbye and then it's the last time you see them.","[3, 14]",14
He was aggrieved that people didn’t recognize him and recognized steroid users instead.,"[2, 3]",27
"This live meet the queens is awkward AF, I’d rather them produce this and make us watch nicely edited stuff.","[4, 11]",27
How do you think this would have went if those two switched roles? Probably not as smooth huh,"[7, 27]",27
It's a yes or no question so no you did not directly answer it.,"[6, 27]",27
"The truly great thing about this is how he looks down, disgusted, as if the comment were down there 😂","[0, 11, 20]",27
That was the moment I fell in love with [NAME]. He was also really good in Frier Fall (Free Fall).,"[0, 18]",27
"Thank you for this, so excited!","[13, 15]",5
"LOL thank you for this, it made me genuinely laugh. They're so weird","[1, 15]",27
"Good idea, but unfortunately not running on the weekend. ","[0, 9]",20
What is love,"[7, 18]",27
I would love to get microblading but its so iffy about if it’ll be good or not. I’ve seen a lot of terrible turn outs,"[14, 18]",27
"His loss! A child is the most precious thing life has to offer. Good riddance, you deserve better.","[0, 5]",27
Thanks for the info! I will definitely try my hardest now that I know what to do. I really appreciate your help.,"[0, 4, 15]",27
"Theyre asking for a leak, not a theory","[10, 27]",27
"I like you. Yes, you.","[0, 18]",5
Pretentious erection is going to be the name of the lawyer funk band that I’m going to bring into existence someday.,"[8, 20]",27
"[NAME] is a sensitive topic for me, so when she is brought up, sometimes I just go on a little tangent. My apologies. ","[5, 25]",27
Triggered much druggie? Lol,"[1, 7]",27
"This is most excellent news! Also, glad to know he went on to work somewhere like Google.","[5, 17]",27
"Sure. Let’s start with the terrorists with the biggest guns. How about Israel, or Saudi Arabia? ","[4, 27]",27
12 players had points! Everyone except [NAME] had a shot on goal!,"[13, 27]",27
Interesting. I’m wondering if nutritional therapy might help her.,"[5, 7]",3
Beautiful... Thanks for sharing!,"[0, 15]",27
"Can I just say that the Elizabeth Line is still a bloody stupid name, and no I don't think I'll just get used to it.","[3, 10]",27
Same truly adds to making La Liga the great league it is.,"[0, 4, 20]",27
I think this does help less good pupils to learn it better and agree with the teachers. In my class thats the biggest problem when it comes to french,"[9, 20]",27
Needs funny captions.,"[8, 27]",27
Thank you for being willing to learn,"[4, 15]",27
[NAME] was better at converting 3rd and 5+ than 3rd and <5 before his injury in 2015.,"[0, 27]",27
Maybe this will convince them we need mass transit! Haha.,"[1, 4]",0
This is the most adorable thing I've seen in a long time. I hope the intro went well.,"[0, 20]",7
Oh no the poor man,"[9, 25, 27]",27
I’m so sorry that happened to you. Are you feeling okay now? Thank you for the concern. ❤️❤️❤️,"[5, 7, 15]",5
I was inspired by your post to grab a thing of Greek yogurt with pineapple I've got in the fridge. Hell yeah.,"[17, 27]",17
Shipping container? More like an entire aircraft carrier covered in it.,"[4, 7]",2
well i’m proud of you and that’s awesome,"[17, 21]",7
How’d you avoid all of the memes?,"[6, 7]",27
I will pray for your marriage. After we win.,"[5, 27]",11
I don't know him well but I have met him a few times through a mutual friend. Really nice guy and very young for his age.,"[0, 27]",10
"Sorry, is Russia depicted in the cartoon?","[7, 25]",27
That would be very cool and a nice non-HP bar visualization.,"[0, 27]",10
"Glad it finally made it.. I was beginning to think ""[NAME], I hope this guy doesnt think I welched on the bet"". LOL","[17, 20]",27
Is that his real name? That sounds like a Russian [NAME],"[6, 7]",27
"You're right, but you forgot to mention they are registered [NAME]","[4, 27]",2
Man I love wicker park and buck town ! Give them their flair !,"[8, 18]",10
"with a locker room like this is looking to be, I don't think Ohio State is done losing games that they shouldn't","[3, 10]",27
Anyways. Weird behaviour of it when it was happening is that it hid itself when the video was paused then reappeared as the video continued.,"[3, 27]",27
"I am sorry that you are experiencing such deep suffering and such pain. You matter in this world, and we would all be diminished without you.","[24, 25]",11
Where’s your shop my dude? I’m in Sydney I’ll come visit for a haircut,"[7, 20]",27
"If you drop your toy gun and someone picks it up and points it at you, you're not going to be threatened by it.","[5, 20]",27
Gotta love the mermaid gems.,"[0, 4, 18]",27
"Ah yes, the standard midwestern transplant rite of passage. “THIS ISNT COLD LOL IM FROM WESHUBEKAUAN MINNESOTA AND YOU GUYS HAVE NO IDEA WHAT COLD IS”","[3, 27]",27
"> Nothing mentioned about him thinking to transfer. That's what this whole thread is about, dork.","[3, 27]",27
Once we win week 1 next season this sub will turn around lol,"[1, 17]",27
A mistake in the relationship? Or a mistake with the person I chose?,"[6, 27]",27
"This is probably a bit buried, but it’s very informative: thank you for taking the time to write it!","[0, 15]",3
Uhh. Okay. Lol.,"[1, 4]",27
"I just can’t. I love you [NAME], thanks for the laughs always x ","[15, 18]",27
I’M HOT ALL THE TIME :( pre-pregnancy I was cold a lot. This is worse.,"[2, 11]",27
"You shouldn't have been leaving anyway, witch. Go write a funding bill. You know... do your job.","[2, 27]",27
That ending made me so fucking happy. Fuck that guy. Congrats to you.,"[0, 17]",27
"I can only download games using SteamCMD at work at the moment, so yeah, glad I could buy it before the shutdown","[4, 17]",27
"You’re a damn good grandma, good wishes for your grandson and good luck!","[0, 5]",27
LOL this. I would love to see that.,"[1, 18]",27
"take up english sometime, you might enjoy it.","[17, 20]",27
Intolerance of what? You keep using these buzzwords but don’t seem to have a clue about what they mean.,"[6, 7]",27
Absolutely terrible. But wholesome aswell.,"[11, 14]",14
Her hair has looked it’s best since around 2015ish. I love the dark hair on her with the subtle pops of color.,"[0, 18]",27
An entire family gone within minutes... how absolutely heartbreaking.,"[16, 25]",27
you should definitely negotiate and ask. you have nothing to lose by asking. good luck!,"[15, 20]",12
I put so much thought into things that often I trigger myself unintentionally. I can be hurt before something has a chance to happen.,"[9, 25, 27]",27
I had this back in 2012 so no not at all LOL,"[1, 22]",27
"I still enjoy the content here sometimes, but....finally! This post nailed it.","[0, 17]",27
"Look at you, this is excellent. 👏🏻 I really love this. ","[0, 18]",27
If they add the yellow boots I’ll be happy. I really like this suit,"[17, 18]",4
"Whoa, settle down big texter!!!! Not even sure how that happened?","[6, 26]",26
NOPE. Comox Valley and loving it!!,"[10, 18]",1
Ah. That’s where I left it. Now where are the keys,"[7, 22]",27
Beautiful. I really hope some justice is brought to these people.,"[0, 20]",27
"I need the band name on his hoodie for, professional reasons!","[8, 27]",27
My comment wasn't aimed at you... try to relax,"[10, 27]",27
The amount of Islamophobic media bias is disturbing.,"[3, 9]",10
Where’s the bar on this canoe?,"[6, 7]",27
but then what will the vegans eat?,"[7, 27]",11
Where did I say that happened? Lmao most of my friends are single for the record. Quit jumping to conclusions.,"[3, 7, 10]",27
I moved from the midwest to AK about 6 months ago. Loving the Mat- Su winter compared to the midwest. DO NOT miss the wind at all.,"[4, 18]",1
This is much better! Good mods [T]/,"[0, 4]",27
I noticed that too! Lol it's bugging me.,"[1, 3]",27
Now you’re repeating yourself. Boy bye #wasteoftime. Have fun trying to call this company and their products bunk when everyone loves them haha,"[1, 17]",0
Ya like I said. Depends on my tup sitch,"[4, 27]",27
Aw thank you! Glad you enjoyed it :),"[15, 17]",27
Valid. I think we mentioned in the Discord that exact point the other day.,"[4, 27]",11
Are they jealous that they are playing a better sport.,"[3, 7]",27
Lol thanks! I thought it was funny but apparently my humor isn’t for everyone.,"[15, 22]",27
We absolutely can't leave the first three rounds without an offensive tackle. Preferably Round 1 or 2,"[6, 27]",11
"Hope you don't touch the menus, they're the filthiest thing in any restaurant. ","[11, 20]",27
Does she hate the men in her family too? O.O,"[6, 7]",27
Im glad youre going to be a perfect parent who never makes any mistakes. Make sure you write a book!,"[4, 17]",27
"Love it! It’s somewhat realistic. Maybe not that THAT degree, but I enjoyed it.","[17, 18]",27
Is that for hazmat? And thanks bro👊,"[7, 15]",0
"“That’s up to you” Clearly it is not up to you, or you wouldn’t have had a flipping miscarriage! ","[3, 10]",5
Good try now turn the lights on.,"[0, 4]",27
"Thanks, I hate moderation (you must get that joke a lot) ","[3, 15]",27
"Eeeee busted, I couldn’t help myself hehe. ","[1, 17]",17
I'm told I look like [NAME] with a ponytail but I wanna look like [NAME],"[4, 8]",27
Where are [NAME] and [NAME]??? Time to kick some butts!,"[2, 27]",27
I cant get a cat but derpy behavior makes me want one so bad,"[9, 10]",27
Kudos to OP for not falling for the bait.,"[0, 27]",27
"Didnt work for me, but thanks 🙆","[9, 15, 22]",27
"Spoiler alert, it's terrifying and depressiong","[14, 25]",27
Damn fine post 👏👏👏 damn fine.,"[0, 4]",27
I was going to comment the same thing! I love the disheveled newscaster vibe he and [NAME] created for the show.,"[18, 27]",27
"No problem mate. If you're looking for activities, give these boys a look: ","[4, 20]",27
I'm hoping this is a 12 year old trying to be funny,"[1, 20]",27
I miss you big strong daddy,"[9, 25]",3
I swear if it's the Cowboys and the Patriots in the Super Bowl I'm going to burn something down.,"[2, 20]",27
Oh my gosh!!!!!! 😂 you poor thing! Thanks for sharing!,"[15, 25, 26]",27
"Can someone tell me the difference? Sorry, please don't get mad at me...","[7, 24]",27
"I enjoy the harsh throat hit, reminds me of cigs. Edit: Mango is still my favorite though.","[17, 18]",27
[NAME] please don’t come to the USA. We’d love to have you...but you don’t need to deal with this.,"[5, 18]",3
"Y'all just joking but I want to hear what they eat, and I want pictures too so [NAME] step your game up ","[1, 7]",27
*♪… I'm here without you baby But you're still on my lonely mind. I think about you baby and I dream about you all the time. ♪*,"[5, 18]",5
I miss [NAME] wish we could trade back for him!,"[8, 16]",11
You summed it up perfectly. I can’t even say anything else because I have nothing else better to say.,"[0, 4]",27
I’m making pretty decent money doing Gun Rush. I love it. Discovered I like 1-life modes for this game.,"[0, 18]",27
"Lmao, I really messed this up. Loved your replies in the og thread, mate, keep up the good work :). ","[0, 1]",27
Why did you expect to feel comfortable? What have you done to change?,"[6, 7]",27
Finally got this in the mail today. I'm pretty excited. My favorite ballplayer.,"[13, 17]",27
"Can't let it get to you. You tried, got rejected, so move on.. Believe me I know it's discouraging but everyone gets rejected. ","[5, 9]",27
"[NAME] wore them today. Trying to be like her crush, [NAME]. It's kind of sweet.","[0, 20]",27
Please no.,"[10, 27]",27
Be yourself and be kind. That matters more than tiny differences. ❤️,"[5, 20]",27
this sort of creativity is awesome to see. play calling done right. chargers going to stomp the pats this weekend,"[0, 17]",27
Such grace.,"[0, 27]",27
"You’re right, I figure I can see just a few games and it might be more fun to watch them with some fellow fans","[1, 4]",27
Fudd puckers? If it is that i when there last summer.,"[7, 27]",27
"Pretty good, but I would put the bishop on B4 so that the Knight will be in danger of the queen after taking the bishop.","[0, 14]",27
Dont forget [NAME]. He was a reliever converted to starter. Hes got some ridiculous pitches just needs to work on consistancy,"[3, 10]",27
"What the problem? I mean, steak? Good. Doughnuts? Good!! I don’t see an issue. ","[7, 10]",27
"Cool idea, I’d love one","[0, 18]",20
What’s worse is that the judge and businessman are old college buds.,"[3, 9]",10
I spent the entire time trying not to yell at the TV. [NAME] and [NAME] can fuck right off.,"[2, 3]",26
I don't want [NAME] to lose her job is all. She's a rare teacher who loves her job and students once you help her out and all..,"[0, 5]",27
Excuse my wording. I should’ve said [NAME] all around game & unselfishness combined with [NAME] aggressiveness & scoring,"[22, 24]",27
so painful to watch ugh im excited for trade szn,"[13, 25]",27
Thanks. Nice input as always.,"[0, 15]",10
We made a big raft of inflatables on Little Bay and listened to the Hottest 100. Good times. The water is finally nice and warm.,"[4, 20]",10
My favorite band :) I recommend them to anyone who is looking for something new to listen to. Fun and unique. I love them so much.,"[4, 18]",27
Oh I forgot all about Jing Wei! Is rage worth building? I'm wondering if the loss in attack speed is worth it for extra crit chance.,"[6, 7]",27
Wow! What are the odds of that!?,"[7, 26]",27
Credentials are just the type of the iceberg. I know people who got married lying about their marital status and sexual orientation.,"[4, 27]",27
I love how people complain about too many midfielders yet still want [NAME].,"[17, 18]",27
Good luck OP! I'm rooting for you!,"[5, 20]",27
I’m doing married. Sorry.,"[4, 25]",27
That's a fantastic reply! Thanks.,"[0, 15]",27
"If things don't fit, or you suspect them to be fiction, please report them. We do read those reports and take action on them.","[4, 27]",27
"Boondock Saints, a brilliant documentary on the South Boston psyche ","[0, 27]",27
I don’t. I love humanity. Why are you afraid of democracy?,"[6, 10, 18]",27
Don't feel guilty. If you don't leave it will be continuing the cycle of abuse for your children.,"[4, 5]",27
"they both rugged, worn, and wrinkled, like fine leather !","[0, 27]",27
It's free hand but thanks for the input 👍,"[4, 15]",27
Don't do that. Only villains do that.,"[10, 27]",27
Watch the movie. Its worth it,"[0, 4]",27
Well I am the son of a parent who legally immigrated from the [RELIGION] country of Turkey so no thanks jackass.,"[3, 27]",27
can we get a power stone remake? how about dragons dogma 2?,"[7, 27]",27
Cool story bro!,"[0, 13, 17]",0
"It's not just what he said, it was the way he said it. Good stuff.","[0, 4]",27
So in that case I'd be able to look at what I'm about to lose until I come back the next round 😅,"[4, 20]",27
Didn’t you guys have a bowl game?,"[6, 7]",27
"Seriously, you wanna give me singles? Awesome. I don't have to ask management AGAIN for more ones. XD ","[0, 7]",27
This is awesome!,"[0, 13]",27
That's my point he's comparing two things that are different this is past oranges and apples.,"[3, 4]",27
Great if your traveling abroad is limited or predominantly confined to the continent. Otherwise not so much.,"[0, 20, 22]",27
This is the bus station way outside the city center and nowhere near the sea Edit: Unfortunately Turkey does lack aesthetic appeal outside Istanbul tourist areas,"[9, 25]",27
Don't worry about stupid people and you do whatever you want. Screw them kind of people.,"[2, 5]",27
We accept the love we think we deserve - Perks of Being a Wallflower,"[4, 27]",11
I don’t understand why he’s being considered by teams. Can someone explain it to me?,"[6, 7]",27
"It seems hazy, and there’s been conflicting messages","[6, 27]",27
"I’m reading Homegoing by [NAME] and it’s so good! It reminds me of Pachinko, which I also loved. ","[0, 18, 22]",7
This is awesome. I have so much junk in my head that I need to address the way you describe. Thanks for sharing.,"[0, 15]",27
Weeb is confused! Weeb hurt itself in its confusion,"[6, 27]",27
Good on your manager for having your back as well,"[0, 4]",1
What a sweet “welcome to your new home!”,"[13, 17]",27
So you’re telling me you think [NAME] is better than [NAME] whatever you say man,"[1, 7]",5
Looking through the lives of various figures of the New Atheist movement in the social and political change they sought to create and how it stacked up with reality.,"[4, 27]",27
Aw bummer. She lost her screenshot of the copy of a copy of bullshit articles handwritten in 1992. Somebody help a girl out.,"[5, 25]",27
"True, my bad. ","[4, 24]",11
There I did it for you.,"[5, 18]",27
Sucks even more to be the sons that actually died eh🤔,"[3, 9, 16]",27
Now this I like.,"[17, 18]",27
">[NAME] and [NAME] As alternate costumes of each other, right? Not as separate characters?","[6, 7]",27
Thanks love you,"[15, 18]",5
It's like muricans don't want to protect their own jobs and are happy to become low-wage dump and burn workers for the owning class.,"[10, 17]",0
Make a doctor's appointment and say you are experiencing lack of sleep because of anxiety. Doesn't get easier.,"[5, 25]",27
I think it's ridiculous that we continue to pay taxes to fund paychecks that federal workers aren't receiving.,"[2, 11]",11
"Sure thing my dude. You keep on doing you. I wish you the best, good luck.","[4, 20]",5
If you're going out with a big group then this doesn't seem so bad. Everyone gets something to eat and it's fun.,"[4, 13, 27]",27
This...is so beautiful. The stuff of dreams for sure. ❤️,"[0, 18]",27
This is really scary. The saddest about this is i really think it will be possible quite soon. :(,"[14, 25]",27
No no I’m repeating it because I absolutely love the descriptor! It made me crack up.,"[10, 18]",27
Ah this is awesome! I would love even just a couple of these.,"[0, 18]",27
"He was the best hitter in baseball 2017 ST. That's not a joke. What happened since is a few things, but he was.","[0, 22]",27
I’m glad to see [NAME] finally get the big screen presence they deserve.,"[0, 15, 17]",2
Ha ha ha ha ha ha!!! Thank you.,"[1, 15]",27
Thanks. I appreciate the candor. I also agree with what you’re saying.,"[0, 4, 15]",27
Because this is a poorly run franchise. This is a bad team.,"[10, 25]",27
He has a lot of patience. 😆,"[0, 4]",27
It doesn't matter. You can pick someone with the #1 Pick that will never be any good...,"[9, 10]",13
This is how you get an armed revolution....,"[26, 27]",27
B + A? Is that [NAME] and [NAME]?,"[7, 27]",27
He had a hat trick with Cruz Azul in what I think was his debut in the CONCACAF Champions League. Really wish he was given more of a chance,"[8, 20]",27
and [NAME] got blessed with a LocationBot cat fact?! There is no justice in the world...,"[9, 25]",11
"Yeah, no","[10, 27]",27
How are they assholes?,"[2, 3]",27
I too rationalize how bad my my ex-girlfriend is now that she's gone. 8(,"[22, 25]",27
Canaryproject.org is great. They hold people accountable for saying horrible racist things.,"[0, 27]",27
"You don’t know what would happen if you lost weight, so why don’t you focus solely on that step first.","[5, 20]",27
"How the hell is that comment ""holding the GM accountable""","[2, 3]",17
"Oh lol, source? Just interested to see what changed his mind","[1, 7]",27
Every time I see MCC news I get briefly excited for PC news. I really need to stop :(,"[13, 22]",27
"Yeah, I might have used the wrong word.","[4, 22]",27
That’s unfortunate,"[25, 27]",27
Just drink the bear. Life is too painful and short to worry,"[5, 25]",27
lol ok good. You had me worried that there was something I should have known about.,"[1, 19]",27
Your attempts to belittle me show only more insecurities on your part.,"[3, 27]",27
looks like got damn shoe leather.,"[2, 3]",27
4-3 isn’t actual wins? Tell me more then about these “actual wins”,"[6, 7]",27
"trust me, you do not want to do this. i used to live with 2 party people and it was absolute hell. save yourself now","[2, 5]",13
What about for the Switch?,"[6, 7]",27
I want to die,"[2, 9, 25]",27
"Welcome to the club. You'll notice that I didn't say anything about degrees or certification, just the quality of your understanding.","[15, 27]",27
"Yeah it is, I hate it so much, I wish I woke up earlier.","[2, 8]",27
"Lol it's not a bad dance, what's cringe worthy is people getting so upset over a video game ","[3, 10]",27
"Ahh, alright. I'd no idea hahah","[1, 4]",20
Griefing your oponents is amazing fun in a pvp game. *Cheating* to grief is the problem being addressed here.,"[1, 17]",27
The best part of adult snow days is no make-up!,"[1, 17]",27
"I accidentally drop acid all the time. It's pretty commonplace, from what I hear. Just hang out at home.","[4, 27]",27
Well then why are some people allowed to talk about strip clubs here and others are not?,"[10, 27]",27
good luck! i recently left the floor for an office job and couldn’t be happier.,"[5, 17]",27
"I learned a lot from helping my dad work on his car, namely how to stand very still and quiet while someone loses their shit over something.","[0, 21]",27
I think it depends on the combo whether you can block or not. Right? Sometimes blocking works other times not so much.,"[6, 7]",27
Happy birthday and cake day! I hope you find a little bit of joy somewhere in your journey today.,"[13, 15, 20]",27
[NAME] vs [NAME] has been a great match... hope [NAME] can give a fight for the fourth set!,"[0, 20]",27
Shut up and stop trolling. You're not funny,"[2, 3]",27
Nice. I'll look around for it. Thanks!,"[0, 15]",10
shitposts are hazardous to your health.,"[5, 27]",27
Are your boys really doing the hand clap meme? Holy crap is this cringey.,"[3, 7, 11]",14
heck,"[2, 26]",22
I just wanted my knees to stop hurting,"[8, 25]",27
Worst ending ever! I won't spoil it but this one sucked worse than the avengers last movie!,"[3, 9]",27
I'm so glad [NAME] is better looking than how he's depicted in UFC EA 3,"[4, 15]",27
Less is definitely more. That picture is just kind of forgettable old meme material. This post feels like old keyword stuffing.,"[3, 9]",27
I don’t think there is mouse and keyboard support yet,"[10, 22]",27
"I never noticed this, how cool. I will keep an eye out for it! Another death foreshadowed by something small.","[0, 13, 22]",27
I hope someone got fired for that blunder.,"[8, 20]",27
[NAME] nerds thinking they are cool by assigning some bullshit fantasy words to error messages...theater mode is probably just acting up,"[3, 27]",27
natural selection will rape her anyway so...,"[11, 27]",27
lol comment of the night. thank you.,"[1, 15]",27
Plz explain the TeamViewer thing. Im interested.,"[8, 13]",27
She got exactly what she wanted.,"[4, 22]",27
it’s amazing how he is already just about my favourite skater ever.,"[0, 4]",27
OMG she's BYEsexual. Sorry I had to.,"[15, 26]",27
Consider yourself lucky haha. I used to call my local radio station daily to request they play it ‍♀️,"[1, 4, 22]",0
Im sure you’ll love it,"[4, 20]",27
You [NAME] did not make us look good at all.,"[3, 9, 10]",27
Don’t let the bastards grind you down. I’m so sorry for this experience. No one deserves to be treated that way.,"[5, 9]",27
"Awesome, thanks. Great answer.","[0, 15]",27
I think thats dumb and simplistic. You really can't boil down the sociology of race by comparing it to 2+2=4.,"[3, 10]",27
"Those pearls are the worst, ugh.","[9, 10, 11]",27
"Damn it, karen","[2, 3, 27]",27
They start as needy creeps and work their way up to being dangerous.,"[3, 14]",27
Oh [NAME] is serious about trying to win this game huh,"[7, 8]",27
What? No way do I want to see a Boston coach behind our bench!,"[3, 10]",27
Oh gosh dang it,"[9, 26]",27
"Lol sometimes I do feel like punching someone who I feel is whispering about me ,if I am drunk it would be very bad 😂","[1, 3, 20]",27
I agree with you. [NAME] would be awesome here.,"[0, 4]",27
I’m so sorry. Hang in there it’ll get easier.,"[5, 24]",27
This is just a terrible joke,"[3, 9]",14
This reminds me - I need to feed my horse......thanks AOC,"[15, 22]",27
I'd be so pissed if that was my lunch,"[3, 20]",27
"Oxygen thief is an amazing phrase and I am going to start using it allllll the time, thanks!","[0, 15]",27
"1: you deserve it 2: I think you're neat 3: literally it's no problem, I really like talking to you. honestly. ","[0, 4]",5
I mourn for you anti-intellectuals,"[3, 16, 25]",27
Thanks. I appreciate your advice. It is what I was looking for. Thanks again.,"[0, 15]",27
You think they're going to actually compost it or just toss it in the garbage?,"[6, 7]",27
up shut fuck the,"[2, 3]",27
This is quite common on people on such forums. I have a feeling they are a tad sarcastic.,"[4, 27]",27
So it's more of a power play than truly what she wants?,"[6, 7]",5
[NAME] in the Lego movie? Get outta here,"[2, 3]",27
s p o o k y,"[14, 27]",27
Fake was the right call either way.,"[3, 27]",4
Cause schools the world over teach a unit about Alaska. OP is an oaf who's never left their hometown.,"[3, 27]",11
I know right I was very disappointed when I saw who it was,"[4, 9]",27
Sure it's okay. Very sorry for your loss. Your dad's posts kept me coming back here when I was just a lurker. Much appreciation.,"[0, 15, 24, 25]",27
Thanks for the reply. Why'd you delete the sad sack comment?,"[7, 15]",27
"For some reason I wanted to be a bartender when I was 8. After hearing this story, makes me feel I missed out. ","[9, 25]",27
you seem fun!,"[1, 17]",27
It's more like depression is the default state. We live in a depressing society.,"[9, 25]",9
PLEASE!!! That’s on a PERFECT day! I live here. Trust me. NOT always that simple!,"[0, 10, 13]",27
Is that the only symptoms you’ve noticed? Are you normally worried for social situation?,"[14, 19]",27
I feel genuine sorrow for your family having to be associated with a cretin such as yourself,"[16, 25]",1
"Haha, I love that! :) I'll see if he's interested now","[1, 18]",0
"I expect him to perform similar to 2017, though I'm hoping he breaks out (3~4 WAR).","[8, 20]",27
Wow...Mean [NAME] passed away today. RIP,"[16, 26]",27
My new favorite phrase.,"[0, 17]",27
That hit was under 2 seconds after he had possession. Was it unwarranted? Yes Was it SUPER late? No,"[7, 27]",14
No.. that's the exact opposite of what they are.,"[10, 27]",13
Can they do the same to Tyrael while they are at it?,"[7, 27]",27
Fucking pouliot you're shit,"[2, 3]",27
You’re like not wrong but I wanted to play up the immaturity. I’ll go back and edit,"[8, 27]",27
That would be me lol; glad it made you laugh,"[1, 17]",27
"That’s fair, personally the manufactured electronic beat sounds the best to me","[0, 4]",10
"Frankly, I'm continuously shocked that more than 35% of the population actually think he's doing a good job. ","[0, 26]",27
"This was a floating barge of bullshit bound to ignorance, which is headed for a recycle bin on my desktop.","[3, 9]",7
that’s beautiful. are you sure it’s only twelve feet though? it seems much taller,"[0, 6]",27
Have I been eating avacodos wrong this entire time! Oh no!,"[7, 22, 26]",27
"[NAME], this really is stunning","[13, 26]",27
Opinions? I mean that's just a statement.,"[7, 22]",27
Try a group called Our Companions website: people who care a great deal.,"[0, 5]",27
"Wow, /r/noisygifs for real. First time I genuinely felt I could hear it.","[17, 26]",27
I love it when they have those realistic conversations where people interrupt eachother and talk over eachother. It makes it more relatable,"[0, 4]",27
Congrats I’m very happy for your happy ending. Wish you guys many many years of happiness together,"[15, 17]",27
Fair enough but I would imagine it's a small enough number that we can deal with. Don't throw the baby out with the bathwater...pun intended,"[4, 27]",11
"Thank you, [NAME]. I really like how you've summed up your own ""soft theist"" position. :-)","[0, 15]",27
"My point is we have been shit for the most of the season, today we are just shit in a new formation","[3, 9]",11
Clear lake is really nice (I’ve lived there for 5 years) and I’ve heard clear lake school district treats their teachers well.,"[0, 22]",10
I've had them for as long as I can remember ;),"[5, 18]",27
We have freeish speech. If you can be prosecuted for something you say then you can't in any way that we have free speech.,"[10, 27]",11
"You gotta use the footage that you got haha And yeah of course, my guy.","[1, 5]",0
"This is awesome! Do you want people to RSVP? Or are you doing this first come, first served?","[0, 7]",27
Happy birthday [NAME],"[17, 27]",27
I wonder how she would respond if he said this. It's almost worth doing to find out.... Almost,"[0, 26]",27
"yep, i think you should just try to be as honest as you can about how you feel, how it affects your daily life, etc","[4, 27]",27
Thank you... I'll try but can't promise anything,"[15, 20]",27
This sounds so painful. I am so sorry. This ED is literally a demon.,"[24, 25]",27
Hi [NAME] nice to see you,"[17, 18]",10
"I think they'd do ok (Sorry but as an INTJ a lack of my thoughts here is also bothering me, too)","[24, 25]",27
"I'm suprised they didn't use the classic: ""[NAME]?"" ","[7, 26]",27
"That may work in General, but I think there’d still be problems. ","[6, 27]",20
"The staff there know what they're talking about whether or not you're making money, no matter how difficult will be huge. you are not alone.","[5, 27]",27
"Doesn't matter if hes in this sub, hes sliding into your girl's DMs rn!","[3, 10]",27
Thank you! Does it contain clinical trails?,"[7, 15]",27
"Block me,report me, do what you gotta do, you don't own reddit.","[3, 10]",27
That's some wishful thinking if I choose to believe that lol,"[1, 20]",27
"This is great, thank you! I’ll take a read and see what is still available.","[0, 15]",27
Yeah very true,"[4, 27]",11
NO GOD NOOOO!,"[9, 14]",27
"Thank you, very good advice - I have been thinking that I need to help and lead more in this area. Good reminder, thank you!","[0, 15]",24
"Me, because I'm a narcissistic bastard.","[2, 3]",27
"Probably because its likely, unfortunately. The question is what happens next for people that are obsolete.","[6, 7, 9]",27
Signing a 31yr old injury prone player for 5 years 60mil is pretty stupid. [NAME] would have been similar cost wise and he isn't made of glass,"[3, 9]",27
"Hahah, nope! Also from Michigan. Michigan, give me my 40* weather back.","[1, 10]",27
I absolutely love that idea. I went on an anniversary trip with a couple once and it was amazing! We had so much fun.,"[0, 18]",27
Omg I'm crying and shaking rn [NAME] would never say that,"[25, 26]",27
Dang something actually useful rather than a skin we won't use cuz we already have Belzebub,"[20, 27]",11
"Post saved! That looks like a great exercise to try, thank you. ","[0, 15]",27
That gives you zero right or say over what someone wears. You are wrong.,"[10, 27]",27
Haha. Thank you,"[1, 15]",0
"Another bad essay by me, sorry for butchering anarchism, anti-ableism and anti-psychiatry but I hope I got the point across :p","[12, 25]",27
"I love this so much, glad [NAME] made it to San Jose after all","[17, 18]",27
"He's both. An edgy neckbeard skinny fat, but he is undeniably funny. ","[1, 4]",13
"Vegetarian, liked animals too. Lets just ignore that stuff about the [NAME], I sure he does not really mean it. ","[4, 5]",27
"That's awesome. I never realized it was attributed to [NAME], though.","[0, 22]",27
OMG the bra hanging out of the back of that dress is so cringe.,"[12, 14]",27
"Be strong. I've felt the same way before in my living situation. I hope things go your way, keep us updated!","[5, 20]",27
"I kind of hate it when I agree with you, but definitely do this time. ","[3, 4]",27
Always toward absent lovers love's tide stronger flows.,"[4, 27]",27
Thanks for the advice. It does presuppose that I am able to have that conversation with him though. Will give some thought to how to do it.,"[15, 20]",9
"Love the fact that the security guard or whatever he was made him roll down the passenger window instead of walking around to the drivers side, lol.","[0, 1]",27
Her license hasnt been revoked though ;( If purposefully giving people the wrong medecine isnt enough of a reason then idk what.,"[4, 10]",27
"What pieces of gear are they? That’s my dream build. Like what gear combination for head, arms, chest, weapons, etc","[7, 8]",1
That's awesome! Congrats on all the positive changes!!,"[0, 15]",27
I'm not going to Photoshop that even as a joke because I know someone will find it out of context and take it seriously.,"[10, 22]",27
"I like this title, fun to picture a violent lake stealing dogs! :)","[0, 1]",27
Haha I actually didn't know about its existence! I honestly wonder how much of that map I've actually seen though. So many hours. Lol,"[1, 6, 26]",0
"And with the federal laws about how little time they can drive before forced breaks, they work less than any shithead salaried manager and great pay","[3, 27]",27
"Good luck, and godspeed.","[0, 20]",27
"Me too, I'm shitting myself.","[9, 11]",27
My goodness. Your such a fucking manchild.,"[2, 3]",27
Omg so short but such a bop! I’m so excited for her album,"[13, 26]",13
It's a prime-time soap. I feel so guilty.,"[9, 25]",27
I'm surprised who posted this bc she's normally a sweet women but then there was this,"[0, 26]",27
"It's the donuts done brought ya back, ain't it?","[6, 7]",27
Just not the right year to tank. POOR planning by the FO.,"[9, 27]",27
"I would applaud, but a polite golf clap seems more appropriate. Well done. 👏 👏 ","[0, 4, 20]",27
">Also, you realize that both parties largely dabble in identity politics. Oh absolutely! It's a major reason I hate [NAME]. ","[10, 22]",27
I've never heard of this place. I know what we are doing next time we're up there!,"[20, 26]",11
"Ah, I see you are a man of culture, as well.","[0, 22]",27
"If I'm dipping my crust, it's in marinara sauce EDIT: I love hot sauce on pizza","[18, 27]",27
You were in a movie once!,"[22, 27]",27
Oh.... We're still doing this ? Even after [NAME]?,"[6, 7, 26]",11
You all treat him like shit so what do you expect?,"[3, 7]",27
I loved the reaction the cast of BP gave when they announced Spider Verse won. They couldn’t contain their excitement,"[13, 18]",27
"No thank you, I'm just here to use your bathroom","[15, 27]",2
"Congrats, proud of you ! Hopefully I can follow your lead and get myself out of a similar situation ","[13, 20, 21]",27
"Yeah, that's why I feel [NAME] or [NAME] would have a better chance.","[4, 27]",27
Or just head on to Galleon's Grave. I just hate Dagger Tooth.,"[2, 3, 10]",27
"He is not acknowledging anything, he is hoovering. Don’t fall for it.","[5, 27]",27
My dad has an irrational fear of the dark.,"[3, 14]",14
Can I ask why he isn’t willing? Thanks - I hope it works out for you. Maybe take this time to work on you!,"[7, 15, 20]",12
You have to leave the house.,"[2, 27]",27
"If I were him, I would have made sure to fall HARD the second the first officer touched me. Congrats, you're getting paid kid. ","[13, 20]",27
>just something motor**sport** fans tell themselves to avoid admitting it’s not really a **sport**. Errr.,"[3, 27]",27
"You’ve just exemplified your own idea, thank you for further explaining it. I couldn’t agree more.","[10, 15]",20
"Oh lord, we're about to have a hell of an offseason","[9, 14]",17
I don't think you could actually find something that's *unambiguously* racist. That's just how dog whistles work.,"[10, 27]",27
I won't even reply anymore. That radio silence mid convo really gets on my nerves.,"[9, 27]",27
"As much as I'd love to say it's mine, sadly I can't","[18, 25]",27
I’m not signing that 😂 dude can hopefully stay banned,"[10, 20]",27
This very thing got me diagnosed as ADD. I'm of the drugs now and feeling way much better.,"[4, 23]",27
"Is it only possible for men to be crossdressers? I’ve never heard a woman called that, even if she’s dressed like a man.","[26, 27]",27
I don’t think spurs gonna sell one of them main player to a rival like that. Not for this little.,"[20, 27]",27
This is all soooo nice. What nice people.,"[0, 15]",10
This is just a stupid question. The answer is who cares? [NAME] is on an entirely different level from [NAME].,"[3, 10]",27
"Dangerously close to paganophile, so be careful of your spelling for fear of extreme confusion...","[5, 14, 27]",14
"Thanks, glad you enjoyed it!","[15, 17]",27
Hmm thank you. I am not good with words. Can you please elaborate if there is any distinction?,"[7, 15]",27
5 days?!? But I'm mad now!,"[2, 27]",25
Am I the only one waiting for [NAME] turn from ‘politics’ to porn?,"[6, 27]",27
So you're protected everywhere except where it hurts?,"[6, 7]",27
oh fuck i've never been more sure we're gonna lose,"[9, 22]",11
It's more of a personal issue with me. But I completley understand and respect your decisions and way of thinking,"[0, 4]",27
I’d be proud AF if my kid suffered from Cerebral Palsy and was able to do the paralympics dash. Thank you for answering.,"[0, 21]",27
Thank you. People always forget that The Happiest Days of Our Lives is essentially part of that song.,"[15, 17]",27
If those are your main issues with IL you are gonna love TX. I hope that doesnt come across as sarcastic.,"[18, 20]",27
FANTASTIC!! I didn't know what hole to look at. Geysers!,"[0, 6]",27
"+1 Thought I had depression, turns out I just wasn’t being happy enough! Who’da thunk it.","[17, 25]",9
"It was pretty good, I didn't have the patience to see *all* the endings myself but spoilers exist on reddit for the curious (; ","[0, 7]",13
Can confirm. My forehead creases came from doing this for years.,"[3, 4]",27
Right?!!! But I have learned to love the bitter taste of alp 🤢😭,"[7, 18, 22]",27
"I know, I'm training. Only a semi-cursed word with a number as the user seems coincidental.","[4, 27]",27
I work closely with GoA (but not for them) and I agree. They made a lot of great policy and program decisions.,"[0, 4]",27
Im definitely gonna check the bushes around the burn where everyone throws their targets from now on. Im not over it i feel bad man.,"[2, 25]",27
I WaS KIddInG i loVE U lOLlOL,"[1, 18]",27
"Yeah I know, it’s just wishful thinking but I would be ecstatic if it came out today","[7, 13, 17]",27
No. And not near as much as a gun lol,"[1, 27]",19
What a waste of money and time,"[3, 9]",27
This is so sweet and it makes me so happy. But also so sad because I hate seeing families torn apart.,"[17, 25]",27
WW2 has the best supply drops ever,"[0, 4]",27
So I see! Very nice. Thanks for the explanation :),"[0, 15]",10
It's so much worse with a child involved. I'm so sorry you have to go through this.,"[11, 24]",27
"> They are all one entity with the same goals. Agreed, sadly.","[4, 25]",27
For a moment there I thought I was the only one! Pretty awesome and I had no idea,"[0, 12, 13, 26]",20
Wow what a final quarter. [NAME] throwing two intersepts. What a dog,"[0, 26]",27
"Smh. Can y’all stop being so hot? For real though congrats, you two look so happy together!","[0, 17]",27
They must do it giving their population and productions but we must remember that they are not the only responsible of their pollution.,"[22, 27]",27
“Don’t discipline my kid!”,"[2, 3]",11
Well [NAME] just missed...so there’s that bit of good news,"[17, 23]",13
"And they don't give any actual details, just a string of baseless claims. Wonderful.","[3, 13]",27
[NAME] i want to slap the shit out of her,"[2, 3]",27
"I don't know what you are about, but I love your enthusiasm.","[0, 4, 18]",27
I have 100% went to Wendy’s more after realizing I’m attracted to their mascot thanks to sassy twitter memes.,"[0, 15]",27
[NAME] would love it if we rolled over into the hypocrisy of pacifism. The only problem I have with punching [NAME] is making sure your aim is correct.,"[2, 18, 27]",3
"Is she our girl? She makes the chapo bros and [NAME] cult so mad, I think she's the one I'm rooting for above all.","[6, 7]",25
"cool, gonna check this game now","[13, 17]",27
Agreed! I’m so excited for her story this season!,"[4, 13]",27
Wound a little tight? Everyone respects him. People are just having a bit of fun.,"[4, 7]",1
So sorry for taking forever. Do you have an Apple device? I have given up on converting to google sheets.,"[7, 24]",27
Same. OP go hug your mom and tell her she matters to you and your brother. Support and love would be your best bet.,"[5, 18]",27
I'm hoping it will pass but I do know you may be correct. I'm just not sure what to do.,"[6, 20]",27
"So what you've never been in a relationship your whole life? At least you didn't get abused! Yah,ok.","[4, 7]",27
I agree. You’ll need to ask the school when you interview.,"[4, 8]",25
What the fuck did I just read?,"[2, 3]",27
"Though I encourage! For an opportunity to play a game of such grand anticipation as this, is a sweet fortune.","[17, 27]",17
"Clean the house, declutter, have some candles and if you know his favorite beer or spirit that would be nice 😉 Have a clean and organized kitchen 😍","[0, 18, 20]",10
i dont give a flaming fart about averages. most people have no taste in comedy.,"[3, 11]",27
"Nobody will ever dethrone nurses and teachers, but hotel employees are quietly becoming some of the weirdest people in my Tinder matches.","[3, 27]",27
"Ace here! I do masturbate and enjoy it, I just feel no sexual attraction or desire to have sex with other people.","[4, 17]",27
That is extremely uncomfortable to look at.,"[11, 12]",27
Are there no ways to stand up for the Faith without ignoring the Church's law?,"[6, 27]",27
people voted for a wall it's a democracy. you don't always get what you want,"[4, 9]",10
Test levels have been dropping significantly It’s well documented Why do you think that’s stupid,"[3, 6]",27
"I was reading up last night and it's a mixed bag. Exercise can help with the depressive episodes, but it can make the manic episodes worse.","[11, 22]",27
"So happy for you! Keep dancing, dancing is freedom!! Something we feel we will never have again. ","[5, 17]",11
I hope there is a special place in Hell for these people.,"[2, 8]",17
"[NAME], “How dare you show concern for the wounded!” Made me chuckle.","[1, 2, 5, 17]",27
it’s happened before?! love my hometown of beautiful new ken 😂😂,"[7, 18]",27
"All those empty seats smh. Imagine paying $300+ just to see the Rangers get slaughtered at home. And yet, I still want more goals haha.","[1, 17]",0
"[NAME] 31m contract is horrendous, I hated it when he signed it and I hate it now.","[2, 11]",27
I don't even cook the steel cut! I just love the chewiness! I'm usually fuller longer with steel cut too.,"[17, 18]",27
Fair enough! that's useful and relevant (if anecdotal) evidence. I whish there where good studies on all of this. :-/,"[8, 20]",10
"Given my grandpaernts survived the holocaust and told us everything, we have a horrible yet interesting family humour. ","[13, 14]",27
Impeach “fouty” five!!,"[13, 27]",13
Anyone that actually takes the train daily can tell you that. And I do feel its getting worse.,"[3, 11]",27
Do you have the car? Why didn't you get copies? What aren't you telling us?,"[7, 9]",27
LPT: If you need more money just get a better job that pays more!,"[4, 5, 20]",0
Thank [NAME] some people are still willing to thrash brain dead idiots in the comments.,"[3, 23]",7
Is it the movie where meeting the right dude turns a lesbian girl straight?,"[7, 27]",27
In the time I've been seeing this he has already lost 3,"[9, 22]",27
"OMG, is this the one that wore white? 😳","[7, 26]",27
We have outlets with timers in every parking spot of all households in Finland.,"[0, 27]",11
"I’d lick the juice off Master’s face any day, n-no matter how sour... ","[4, 27]",27
"******fucking internet, am I right?","[3, 7]",27
Only Ten more minutes of watching [NAME] drop easy ass throws,"[3, 9]",27
Myself and Mr. [NAME] agree small breasted women make the best lovers.,"[18, 27]",27
"Omggg me too ahahaha, i should try shopping in kids","[1, 26]",27
"Mate you are mental, no way [NAME] would mess up like you have said!","[2, 3]",27
This was great!! Thanks,"[0, 15]",27
Good [NAME] ^(that's perfect),"[0, 4]",27
Fuck I’m hungry now.,"[2, 27]",27
"Wow, I was JUST wondering what the bit characters on the show make. $250? - that’s it?!","[7, 27]",27
"TTs have size limits. The group I was acquainted with had, ahem, ""leadership"" problems as well.","[3, 10]",27
Please tell me that [NAME] never said this.,"[25, 27]",27
"What comment.. When he said I dont think so, or when he realized he was on TV then said I cant say ","[7, 22]",27
[NAME] line of drool made me very happy I waited to watch this til I was eating dinner i love the power hour so much,"[17, 18]",27
"I get why you hate this guy, but why do you hate [NAME]?","[7, 27]",27
"We are fighting for their autonomy, which is why we're fighting hard for them to be born first.","[8, 22]",11
Maybe some people are just lucky to have an amazing connection to [NAME],"[0, 20]",27
I'm just an idiot on the internet. I don't know a doggam thing.,"[3, 9, 12]",27
I told him I loved him and he blushed so hard. It was the best. Of course that classic smile was there as well,"[0, 18]",27
Ive been playing it since this post got loads of upvotes ahahha its great,"[0, 1]",27
"Great point, that was a silly assumption for me to make. Thank you for your perspective! Editing the post now. ","[0, 15]",26
"Nope! His real name starts with a G. Weird spelling of a common name, and pretty identifiable so I’ve never wanted to use it 🙃","[10, 11]",27
"Wow, I'm sorry you had to deal with that. I trust better things are coming for you. ","[5, 20]",27
This is incredible. I love this album so much. Everybody wants to rule the world is so good.,"[0, 18]",11
And there's good reason for that. The SD is absolute shit,"[3, 10]",27
"Hope your first day goes well, what type of work are you doing?","[7, 20]",27
"Thanks for sharing this tool, gonna be useful in finding fat right subs to tag with reddit pro tools. ","[4, 15]",11
>Cannot predict now Guess it's on you now /u/smackspr!,"[10, 27]",27
Very interesting video. Thank you for sharing.,"[0, 15]",27
I am not running around talking about how I am going to beat up my kids teachers. Not sure where you got tough guy from that...,"[2, 3]",9
I'd be more worried about the kids needing eye protection at that point.,"[5, 19]",27
"Well no matter what her bio says, if you are ugly, you are done for. ","[4, 27]",14
I’m happy I can help.,"[4, 17]",27
i can also post pics of the receipt if anyone doesn’t believe me!!!,"[19, 27]",7
Surely the error is lexical. And I think the original comment is poor (non native) idiom use,"[10, 27]",27
don't you get it? It's freedom to kill children now...,"[2, 7]",27
You forgot shinobi,"[22, 27]",3
Wow... That looks great! Would love to get some actual vintage jerseys like that someday. Keep my eyes on eBay. Lol,"[0, 1, 18]",27
Thank you! That's the nicest thing I heard today! I hope you get the same positive energy you put in out ten fold!,"[0, 15, 20]",27
So now disabled people don’t have rights . You get worse .,"[2, 9]",27
"ASMR is a weird sexual fetish for incels, and dont let anyone try and convince you otherwise.","[3, 10]",27
" goat handshake denied Personally, I just think [NAME] was scared of touching such a relic as is [NAME] hand","[14, 27]",27
it's horrid :/,"[14, 27]",27
Fuck these trendy hipster joints. Give me my shit like normal fucking people.,"[2, 3]",27
Sorry I kind of took it like you were flexing on my or my opponents skill or something lmao,"[1, 24]",27
"Your paranoia over it seems schizophrenic to me. Just in case you are not, please elaborate on why this is important to society.","[7, 27]",27
[NAME] has towed the line of the Dark Side. He wouldn't cross it by doing something like this.,"[3, 10]",27
Lol! But I love your last name though. XD,"[1, 18]",27
"It's great that you're a recovering addict, that's cool. Have you ever tried DMT?","[0, 7]",27
"if the pain doesn't go away after 4 hours or so, it's broke.","[25, 27]",27
"Watch Vegan Gains’ video on that, he had it when he was like 13, highly doubt he was juicing then","[6, 27]",27
This guy is a little turd but I love him so dearly. I'll pass on your kisses :),"[0, 18]",27
"i mean, yeah tbh.","[4, 27]",27
in what universe? lol the mr. blue sky cover is one of the best on the album imo.,"[0, 1]",27
A surprise turn of events! I'm so glad you heard such great things about yourself!,"[17, 26]",27
Get back on your meds mate..You aren't funny at all...,"[3, 10]",27
"""But Aunt [NAME], I don't *want* to send Grandma back to Italy!""","[10, 27]",27
"I thought it said “now my biggest fear is the thing living inside my casket” like, *weet doo feek?!*","[14, 27]",14
I know people around here may mock me from my optimism but what if we get actual desings for the crusaders in Heroes?,"[6, 20]",11
Lol looks delicious,"[0, 1]",27
"You gotta work on you dude!! If you're not confident you're not ready, get yourself straight And all will fall into place. ","[5, 20]",5
Man I hate double standards. I love the show but change the word ‘white’ to ‘black’ and it’s suddenly not funny anymore,"[10, 18]",27
Some great advice right here!!!!!! I forgot about this,"[0, 22]",3
Eff your video - love Canada 🇨🇦 Stupid geolock,"[2, 3]",27
What you mean you weren’t looking forward to that scene? ;),"[7, 27]",27
>happily live in any hole they find. What's my love life got to do with this,"[7, 17]",27
That’s how you know they’re happy.,"[13, 27]",27
"I’m so proud of you for taking care of you and your babies, mama! We love you and stay strong.","[5, 18]",5
Wouldn't wipe my arse with it.,"[3, 27]",27
"Based on what I've seen, all the INFJ girls seem to be blue-haired damaged moonquacks that got abandoned by daddy.","[3, 27]",27
"My girl has slowly been getting more and more into different [NAME] music, but she will always make it a point to play this track. I love it","[17, 18]",27
"Hi, [NAME]! I thought I would stop by and wish you a wonderful and prosperous year! Have a good one! -HappyFriendlyBot","[5, 18, 20]",27
[NAME] stopped napping at 18 months. We’ve been implementing quiet time since. It’s wondrous.,"[0, 26]",11
Do you have the link to that ? I would love to hear the story from him,"[7, 8]",27
"Or finishing in 91 minutes and sitting there for another half hour, bursting for a piss","[3, 27]",3
I’m glad you had a great time here! Wishing you safe travels!,"[17, 20]",26
Must be why I'm alive. That sucks.,"[3, 25]",27
"I love that quote, thank you ","[15, 18]",27
"The original is funnier... or at least it's funny, to begin with.","[1, 4]",27
Point proven. Thanks,"[4, 15]",27
Just be honest with this person. Sorry I didn’t read the whole thing I don’t have time rn :(,"[5, 24]",27
"And [NAME], would again like to apologize for any misunderstanding.","[24, 25]",27
My dad also told me the car went underwater the first time we went to the Eastern Shore and I completely forgot about it until I read this comment.,"[22, 27]",3
"Didn't know that sub, thanks!","[15, 22]",27
Not shocked by the subs [NAME] is active in...,"[22, 27]",27
That's the purpose of the experiment.,"[22, 27]",27
That was an incredibly dumb thing to do. [NAME] is an idiot for trusting her.,"[3, 10, 11]",27
"""You aren't important, just impertinent."" That's a third degree burn","[3, 4]",27
"Yes, he did. ","[4, 27]",27
thats amazing!! Congrats!,"[0, 17]",27
“You have no clue what fascism is” Goes on to promote literal genocide tactics. You’re despicable,"[2, 11]",27
im aware. im trying to figure out how the heck you found it in what i said. even after given context to the situation.,"[22, 27]",27
Lol dont mess with [NAME]!,"[1, 3]",27
I've always wanted one of those but like worry it'll make a huge mess in my washer,"[8, 20]",27
This is scary and so very sad. Eleven??? A baby! I was still building forts. I weep for this child.,"[14, 25]",27
And oops AND a yikes. Maybe even as much as an OOF. Definitely a wow from me,"[20, 26]",27
"So she knows of 3 languages, Wonder what they are?","[7, 26]",27
209 comments and we don’t get to read any? All that good pasta advice going to waste. Shame.,"[7, 12]",4
So clearly you have vast knowledge of linear algebra and can fact check the entire paper Nd disprove it?,"[7, 27]",27
"What is beautiful about this planet? Nature is cold, harsh and full of suffering and pain. There is nothing beautiful at all about it. ","[3, 7]",27
I think teams will still cut the cross-seam that made [NAME] and [NAME] so deadly last year. This is awesome nonetheless.,"[0, 20]",27
I much prefer when the CB is given a taste of their own medicine. Far more satisfying than being polite. This one is great!,"[0, 4]",27
Shes awful and its all about her. Try again. And when the show has awful ratings thatll be confirmed.,"[2, 27]",27
Not yet! But I waiting for a miracle any year now!!,"[8, 26]",27
"I downloaded this album yesterday, and love it!","[4, 18]",13
I'm so doing this!,"[13, 27]",27
"Losing my identity, wondering have I gone insane...","[25, 26]",27
Because in some cases parents are basically having their own children kidnapped and held against their will and forced into these programs. This is child abuse.,"[3, 11]",1
"[NAME], [NAME] is starting a marriage with infidelity and drunk proposals. I hope a happy and long married life for him.","[5, 8, 20]",0
The UN said the election was a sham. The man is causing death destruction and starvation. Your morals are completely and utterly fucked.,"[9, 25]",27
When [NAME] pisses off his daughter and wife. Daughter: “You’re not my Daddy anymore” [NAME]: “You’re not my Daddy anymore either”,"[2, 3]",27
"Yes, you selfish prick. ","[2, 3]",27
I always fall for this joke on here..,"[1, 27]",27
"[NAME]?! Is that [NAME]? I know ""meegwetch"" means thank you lol","[1, 6]",27
"Other than a lame attempt of being insulting, what part of anything you said has anything to do with what I said?","[3, 6, 7]",27
Wowowowow!!!! I’ve been campaigning for [NAME] too!,"[13, 26]",27
But they didn't because it's fake.,"[10, 27]",27
Happy cake day to him,"[15, 26]",13
Yes. Ignore and move on,"[4, 5]",27
"Happy? Not really, but glad we can come to a conclusion to my offhand semi in jest reply.","[7, 17]",11
This doesn't belong on the competitive sub; it doesn't have anything to do with the competitive aspect of the game.,"[4, 10]",27
"I actually did talk to him. You can see his response to me, I linked to it in a comment. He called me a land whale. ","[4, 27]",27
Break up and be firm about. You’ve already admitted to being dishonest. Why lead him on?,"[3, 6, 7]",27
Wow! Now that's some propaganda we could use more of!,"[13, 20]",11
">overt racism of that level would not be tolerated in America My thoughts also. That's why i needed context, its very VERY odd.","[8, 27]",27
No superbowl @ lambo for this generation; hopefully global warming will make an impact in the next 30 years. :),"[4, 8]",27
I know. I didn't say I agreed with it did I?,"[4, 27]",27
She does NOT love you. Try to ask yourself why you are accepting this treatment.,"[5, 10]",27
Lol omg yesssss. Probably the best suggestion anyone ever told me 🙌🏼,"[0, 1, 4]",7
I like this feeling,"[0, 18]",25
Don't include me in this us! Just kidding.. We need some love and fast.,"[17, 18]",27
All it takes is just a bit Practice and thanks!,"[5, 15]",27
So creepy. Made me check my locks.,"[3, 11]",27
Which side story? Thanks for the info!,"[6, 15]",7
I believe in you. Do what is right for you. I hope you feel better soon too. ♥️🙂,"[5, 20]",0
I was there in 89-91. Some of the best years of my life.,"[0, 17]",27
I want to be a sister ♥️ I have lots of nail polish I'll help!!,"[5, 8]",27
That specific block is probably one of the worst in the city.,"[10, 11]",27
The reaction was contained under the bandaid due to big pharma’s nanobot technology to help disguise the TRUTH. :P,"[22, 27]",27
Ah yes I used to enjoy those. Before the dark times. Before the days of a FOX less Netflix.,"[4, 17]",27
made my first reddit account to downvote this. thanks?,"[15, 27]",22
Oh interesting username,"[0, 4]",3
Before telling you anything....what exactly do you want out of this?,"[7, 27]",27
Well thanks for sharing. I loved it. Do you know of any others from them that aren't well known?,"[15, 18]",7
no one cares my guy,"[9, 25]",3
This internet stranger is also super proud of you! Way to go!!!,"[0, 21]",27
Oi us cancers don’t want him either! We respectfully pass his birthday to April,"[0, 10]",11
I agree!!! His character has grown so much throughout the entire series and I was very disappointed that he ended up with her.,"[4, 9]",27
End this relationship NOW. And please learn from it!!,"[3, 5]",27
Probably the most rational way to look at this entire scenario - thanks for posting this my dude. That comment set me straight again.,"[15, 20]",27
Surprise my what now?,"[7, 26]",27
"Glad you enjoyed man, yeah it was pretty spontaneous too, I was praying I wasnt about to pull some bartard move and get jammed lol.","[0, 1, 17]",27
I'm here again to say I love your art and it brings me joy when you post it on this sub bye!,"[17, 18]",27
True! He probably is just lonely. Thank you for the kind words :),"[5, 15]",27
clearly no one is getting my joke oof.,"[3, 9]",27
"Paraphrasing [NAME], this brought warm feelings to my heart.","[17, 27]",27
"That made me smile. Thank you!! And yes, definitely replacing her on my reference list lol. ","[1, 15]",27
What a cute little accident you turned out to be,"[0, 27]",27
"That's horrible, good to know she is with an awesome guy.","[0, 11]",27
"[NAME] funny, girl.. not so much ","[17, 27]",27
"I know, that's why it's a little unfortunate they don't have a test. ","[19, 27]",27
"Ok, we get it. You're a top.","[0, 27]",11
Good luck and have fun,"[17, 20]",27
"Congrats! Enjoy a free slice, I think you know what to do with this 🍕","[15, 17]",27
He's protecting and defending the angels now 💚,"[4, 5]",27
Absolute queens! ❤🏳️‍🌈🏳️‍🌈🏳️‍🌈,"[0, 13, 18]",27
What a finish,"[0, 13]",27
I'm glad you have someone to help you out! Perhaps over time you'll find it easier.,"[17, 23]",27
"Thanks so much, I appreciate the feedback and will send it along the way.","[0, 15]",27
"Some people just need reassurance that they are, in fact, dumb. ","[3, 14]",27
oh cool! Must be tiring for [NAME] though. Looking forward to watching them!,"[0, 13, 20]",27
No worries! 😊,"[4, 5]",20
"I like having roads, schools, and drinkable water? You confuse a man for a paranoid.","[7, 18]",1
I met bf of 3 yrs on it,"[22, 27]",0
"What was that behind the back nonsense, criminy. TO THE BENCH","[2, 3]",27
"Maybe he *did* leave the building. If you can't find him, he could've left without you knowing. Is that better or worse?","[6, 7]",27
"Anything intelligent to say, sometime maybe perhaps?","[7, 27]",27
"“[NAME], I tried to make ramen in the coffee pot and I broke everything” - [NAME]","[9, 24]",0
Great post thank you ❤️,"[0, 15]",27
"Really? wow. I just reinstalled chrome from scratch, again. So it was Ghostery that caused the full screen issues?","[22, 26]",27
"As a Cardinals man i agree, makes me want to deck the cunt but hes huge and i love him, so conflicted","[4, 18]",27
"Yay, coming out is hard, you're lucky that they didnt avoid you for the next month, I'm happy for you","[5, 17, 23]",5
Personally I would take some time to myself and work on spending time with my family since I love them more than my job.,"[5, 18]",27
"Well that sucks. But still if you refuses the test you'd probably have been charged, which is worse.","[2, 3]",7
Brilliant! I have absolutely no idea what's going on.,"[0, 6]",20
Cheers for the reply ;),"[13, 17]",27
you really think the walls gonna cost 5 billion?,"[7, 27]",27
Would you like a friend? I sure could use one.,"[4, 7]",27
"You have to live for you. Go get that education, go get that career. Rediscover yourself.","[5, 20]",10
"I binged that podcast in about 2 days at work. Amazing. The convention for Limelight, and how emotional they got for those poor women was heartbreaking.","[0, 25]",27
"She looks like a petite adult to me, her face is obviously adult","[0, 27]",3
Baby rape. Can’t make a funny joke about it.,"[2, 3]",27
"The reason most people don't get the joke is because it's such a bad one, that they think that it's not meant to be one.","[1, 27]",27
The barriers in large only exist with respect to Canadian oil. Other producers (with the exclusion of Venezuela ) seem to be enjoying a very profitable time.,"[4, 20]",27
Because it’s more fun?,"[1, 7]",27
"Thank you, I hope you do too. You can always message me if you need to talk.","[15, 20]",5
But but r/49ers said it was just bad luck!,"[9, 25]",27
Guys how are we doing? Asking because dumb TV in my country prefers Copa d'Italia to fucking Real Madrid lol,"[1, 3, 5]",26
If this is serious mate it’s not the kind of shit you should be posting on reddit,"[2, 27]",27
I had the biggest smile!,"[0, 17]",27
"You're right. Respect and honesty has never changed for me, though I realize that's naive","[4, 22]",27
"Eh, I think that i'd rather jerk off tbh..","[3, 20]",27
"Vitamin C is water soluble, you literally piss excess amount.","[3, 27]",5
I had to watch x3 to make sure I didn't miss something 😂,"[1, 22]",27
They are new but got over 100 reviews in less than a month so I'm assuming they are just slammed. Thanks for the input,"[0, 15]",27
You deserve WAY more upvotes,"[0, 27]",2
"No or low contact. I don't have time for ""family"" that doesn't have basic courtesy for me. ","[3, 9]",27
"I LOVE IT, I would love if they will make season 2... I really enjoyed it","[17, 18]",14
"Its kinda odd,how theres always kinda a war between ""Party music"" and ""Feelings Music""","[6, 10]",9
you're hilarious. Thanks for the entertainment this morning.,"[1, 15]",27
"Exactly, you need a Hollywood woman of age to pair off with him. Past 35 should be fine right?","[4, 7]",27
"This post made me smile, cute doggo ","[0, 17]",27
Girls screaming alone gives me horrible flashbacks,"[11, 19]",27
This really tickled my anxiety. I hate it,"[2, 3]",27
"Damn, that was brilliantly put. Thank you. I screenshotted it to use on Twitter. Is that ok? ","[0, 7, 15]",27
"That may be — we are talking about the stock market, though. :)","[17, 27]",11
"If ""everything is political"" then nothing is political because it's all the same. You know what I meant by ""political"".","[3, 10]",27
This caught me off guard for real. I actually off my bed laughing. +1,"[1, 26]",27
Thanks for the info! Great pic. I’ve saved it.,"[0, 15]",27
Oh [NAME]!,"[13, 27]",22
Having good people around you is the most important part i am glad you found some good friends:),"[0, 5]",1
"Nice, I saw them during the Demo and was pretty impressed ","[0, 4]",10
"You probably just have a fashion preference, if you arn't dysphoric about it then you don't have another gender really. ","[22, 27]",3
Why is this still not banned,"[2, 3, 9]",27
Yep i always say this. Absolutely best case scenario is a foul ball. If he puts it in play it's probably a dribbler.,"[4, 27]",27
Can’t believe a club paid $550k for Sandow that’s absurd.,"[26, 27]",27
Not from but I lived there for 12 years until very recently,"[4, 27]",27
"I am really sorry for you, but oh my [NAME] this made me cry laughing. I hope the cat learns to like you eventually","[1, 24]",27
I wouldn’t mind [NAME] on a 4 year contract,"[4, 27]",27
The inventor of the joke came up with it during the [NAME] administration.,"[1, 27]",27
"This is like aliens coming to this planet, taking you in as a pet, then surrounding you with mannequins. I’d be freaked out too. ","[19, 22]",27
Great! I love hotsssssssssssss,"[0, 18]",27
I would love it ... how does the chat thing work I’m pretty new here,"[7, 18]",27
That's way dangerous to keep then together they may break out and start feedig on the other ear buds to gain heir strength,"[10, 11]",27
"Meditate. You may need to seek medical help. Good luck, friend.","[5, 15]",27
I love [NAME] as well! He seems like a genuinely nice celebrity,"[0, 18]",10
[NAME]. Starring [NAME] as the goofy and lovable [NAME].,"[18, 27]",27
Tiki Lounge always smells like sewage. I'm surprise it's lasted this long.,"[11, 26]",27
"Dude, its **life** it's not **trauma**. Grow up ","[2, 27]",27
"Remember, we still have freakin' Alaska","[22, 27]",11
"What bothers me is not the fact that someone disagrees with my lifestyle, it's that they constantly go on and on about..that would annoy anyone.","[3, 9]",27
Thanks. And wow! Nice burn.,"[0, 13, 15]",10
I love this contract structure especially since [NAME] is only 31.,"[0, 18]",3
Watch the FO not sign anyone. That would be the most dodgers thing ever.,"[3, 11]",27
Legit I just go to places and tell them to surprise me. That way I get to keep trying new types of food 🥘,"[13, 20]",27
[NAME] is the worst coach in bulls history,"[3, 10]",27
"Maybe she was attempting to be ironic? I dunno, man, people are just an enigma.","[6, 27]",27
"Im hoping for a relapse too. I like her better, her hair gets darker, her leather jacket comes out. I miss private practice [NAME]","[8, 18, 25]",27
"I don't know who wrote what, but good call - the d's are completely different from one to the other.","[0, 4]",27
"Oh I thought this was about the Pistons making the playoffs. Since I wasn't paying attention to them, I actually thought it was possible. Ahahahahaha!","[22, 26]",27
"oh, rich people loooooooooooooooooooove to prey on the poor, they couldn't bear not raping, mocking, humiliating, profiting from, the 99%","[18, 27]",27
"It’s not unlikely that his family was already imprisoned or dead, which gave him the window to run. ","[3, 25, 27]",7
Fantastic thanks! If there’s anything I can do to help you out with the interview or your first year teaching let me know!,"[5, 15]",27
Wrong. And UBI sucks unless you include an expansive social safety net too,"[3, 9]",27
Imagine what he thinks of TLJ...,"[7, 27]",27
I must've missed them. Looking again but if you have a moment can you link it?,"[6, 7]",27
"Lol, right? Who says that before banging? “Is you ovulatin?” SOOOO repulsive. 🤮🤮","[7, 11]",27
What’s the motive for doing this? To save on fuel by transporting as many people as possible in one go?,"[6, 7]",27
What a horseshit response,"[3, 11]",27
Wow you really can’t handle losing can you?,"[7, 26]",11
"Cheers to that, girl. 🥂 ","[0, 17]",27
Dumb question: what's a gilding train?,"[3, 6, 27]",27
Why yes that ass is flawless,"[0, 4]",27
American democracy is weak but it's not dead. If the intention of your comment was to discourage people from voting then you are the problem.,"[3, 10]",27
"So which is more profitable for producers, brick n mortar or digital distribution? Which makes more money?","[7, 27]",7
That doesn't answer my question.,"[9, 27]",27
"SHE. IS. THE. FUCKING. WORST. P.S. You’re not fat, you just need a stylist. 🙄","[2, 10, 11]",5
Lol I hate this too!,"[1, 11]",27
Yow thats gnarly.,"[14, 26]",27
Great post! I have tried online dating in the past and I've noticed these things before.,"[0, 22]",27
I’d be verrrrrrrry nervous if we hired him. Would love him as an OC tho,"[18, 19]",11
I wondered the same thing. I never knew that this is a thing.,"[22, 26]",27
"Oh, the show that had [NAME]? Yeah screw him.","[3, 7]",27
That’s better:-) now go get em tiger,"[4, 20, 21]",27
"As someone who has polluted their body with copious amounts of sugar, I somewhat doubt steroids are any worse. Abuse anything and it will hurt you.","[2, 11]",27
I really like this ring so I’m glad to hear that.,"[0, 17]",27
I'm just really sad all that cake was wasted.,"[9, 25]",27
... I don't feel like your comment is from an objective point of view... Thanks though.,"[10, 15]",27
Honestly right now I just need to know why our usernames are so similar. Haha...,"[1, 7]",0
"Wow, really have to hand it to you on knowing 6600 S Harvard beautiful big old homes down there!","[0, 26]",27
How generous :) you must really make them happy. Good on you for that,"[0, 20]",27
"Omg actually?! I mean no judgment , I am just SHOOK ","[7, 26]",27
Offense does too. Love [NAME] but he's hurting our spacing being out there so much.,"[10, 25]",27
"Yes, you do live in a clown world, laugh it up, degenerate.","[1, 4, 27]",11
Man I love this team. No I hate this team. No I love this team!,"[2, 18]",27
Also op I have my associates on top of my bachelors? Whatchu mean,"[7, 27]",27
This a very obvious joke. Also the old facepalm picture doesn't make your post better.,"[1, 17]",26
Way to go! I know who this couple is! they appear really happy!,"[13, 17]",27
O cool noworries ya I don't actually hate [NAME] he's now my favorite player for Vegas.,"[0, 4]",27
Omg I commented on your original post. I hope you’re doing better and I’m glad this all came out and you got closure.,"[13, 20]",27
Personally really enjoyed it. Have it in my top 3 AC games with AC2 and Black Flag in there too.,"[13, 17]",27
Did anyone see [NAME] get pushed around by [NAME] and [NAME] in the post win lineup? I burst out laughing!,"[1, 7]",27
I know right. It feels really good when someone acknowledges your existence. I hope more moments like these come for you.,"[4, 20]",27
Wow. Did u say yes?,"[7, 26]",27
His returns or his W2?,"[6, 27]",3
The bitch doesnt need drag race (bc shes amazing) but im still sad.,"[0, 2]",27
I don't think either of them took that bump outside any worse than the other. That was jarring.,"[11, 26]",10
Sorry to hear about that and hope you have moved on.,"[20, 25]",27
"Word salad. You want America to do Afghanistan's job for them. It's not happening, those days are over.","[3, 27]",27
It's good if you hate workers and love pollution,"[0, 18]",5
Similar but I don't think identical to this,"[6, 27]",27
our boi famous,"[0, 27]",27
We're one in the same!!!!!!!!!!!😂😂😂😂,"[4, 13, 27]",11
Good. They can afford it.,"[0, 4]",27
This really circled my jerk,"[3, 27]",27
I honestly loved her performance as [NAME] in Scott Pilgrim. But then again I also love Scott Pilgrim so...,"[0, 18]",27
Sorry you can’t enjoy things cause other people enjoy them lol. Your loss,"[1, 25]",27
"Hm, I haven’t heard that opinion before but it sounds good. Thanks for the advice!","[0, 15]",27
Oh of course!,"[4, 22, 26]",27
Officially worse than Telkom. Well done vuma,"[0, 11]",7
"[NAME] being discussed as top 15-20 pick, [NAME] top 5 and [NAME] early round 2. This would be the most amazing draft ever though lol","[0, 1]",27
"I love reading positive stories!! Happy for you, OP!","[17, 18]",27
And I taught my room was dirty and that I was not taking care of my self. Good job op,"[0, 21]",27
Pretty sure it was New Orleans.,"[4, 20]",27
"I never understood the part where he dives into a pile of money, even as a child. It seems wildly painful.","[7, 25]",27
"Funny how that works! Thanks for digging up the link, I've been on a 90s ska nostalgia trip ever since I clicked it :P","[1, 15]",27
"Thanks, I find your poor implementation of punctuation to be very amusing. It's good that there's something we can enjoy about each other.","[1, 15, 17]",27
"I've said it before, and I'll say it again. ""I don't want fucking unity with racists who put children in cages"".","[2, 3]",27
He was a part owner but did he also make videos promoting the sites?,"[7, 22]",27
ooohhhh when he look at the camera at the end it's the cutest shit ever,"[18, 27]",27
"That sucks man, I'm sorry. Things will get better, they always do in the end","[3, 20]",27
"Doubt that. Skins for [NAME], [NAME] and [NAME] don't change the shape of their wings, so why should they for [NAME]?","[6, 7]",27
"I don’t really have much to say. There’s a bad idea, and there’s straight up disgusting.","[10, 11]",20
You should like a troll. Not saying you are.,"[10, 18]",5
"She does it again in last nights episode, it’s so shady!!","[3, 27]",27
It’s time for some moderator field work!,"[13, 27]",27
THIS BULLSHIT DOESN'T EVEN MATTER. SIGNATURE WIN. [NAME] SMELLS LIKE SHIT AND DOESN'T RECYCLE.,"[2, 11]",27
"This makes me very happy, thank you for sharing!","[15, 17]",27
I was just gonna say this look like fake karma.,"[9, 25]",27
Did you maybe get Tag and Hide and Seek confused ?,"[6, 7]",27
Sorry if this has been covered a bunch but what happened on the play where [NAME] got injured?,"[6, 12]",27
Idk if I’m wrong but I think they gave her some piercings on her ear which are cool too,"[4, 27]",7
Needed a good laugh today 😂,"[1, 8]",27
I'd rather die than drive a Volvo!,"[2, 10]",27
Best of luck mate. I’ve yet to reach my limit but this brought me closer,"[0, 5, 20]",27
[NAME] has continued to show how selfish she is throughout the years..we shouldn't be surprised at this. [NAME] forbid she be the bigger person for the kids.,"[9, 22]",27
"I like him 1.thats why I agree to go on a 2nd and 3rd date, 2. we text a lot. I just take things slow.","[0, 18]",3
""" Alright Little orphan [NAME], it's time for you to start earning your keep around here!""","[5, 20]",27
"I doubt I'll ever own one of those, I'm a bookworm and I love the smell of old books. Thanks for the info, nonetheless.","[15, 18]",27
I live downtown and walk around at odd hours of the night all the time. Love the empty and abandoned feel of the city.,"[0, 17]",27
Humanity is doomed,"[9, 27]",27
Oh absolutely. No way he should run in 2020. I don't know what alternatives there are though.,"[6, 10]",27
2-4 minutes is not enough time to wash long hair. 10-15 minutes minimum. Stay strong!,"[5, 22]",27
you guys got hate in your heart,"[9, 27]",27
That’s adorable! He probably wants them all in one spot so he can make sure they’re ok and not getting lost or hurt.,"[0, 5]",27
THIS IS SO GOOD. Thank you!!!,"[0, 15]",27
There’s always that one friend 😂,"[1, 4]",27
"This is a very good point, which I hadn't thought of. Thanks dull!","[0, 15]",6
Awesome! Welcome aboard! I'm glad your first game was a win!,"[0, 15]",27
"I am proud of you random internet stranger, you peopled good today.","[0, 21]",27
"It is so ugly I felt personally attacked by it, what can I say","[3, 9, 11]",27
Thanks for this.😊 I like to learn new things. #experiencematters **Themoreyouknow**🌈 ,"[15, 18]",27
Yep. He also said it’d happen on a Manbij patrol,"[4, 27]",27
"Fair enough, but that doesn't mean she won't in 2020.","[4, 10]",10
I didn't know of [NAME] before I saw that episode. I fucking love that man and have watched an unhealthy amount of him since.,"[9, 18]",27
Your link won't load and are you seriously citing fucking Syria as a successful example of anything? [NAME] holy motherfucking pecker.,"[2, 10]",27
Dude you really like The Strokes.,"[4, 18]",27
No one makes it through. We all die. Just some sooner than others.,"[4, 22]",27
So true. The chicks I pick up from clubbing are nothing compared to the love of a good woman.,"[4, 18]",11
I can't do that....I don't know how to hard boil eggs sooooo,"[10, 27]",27
I actually find it easier to place spawn beacons in stupid spots like this than a nice flat empty piece of ground.,"[4, 27]",10
YOU LIKE TURTLES? Gimme a second.,"[2, 7]",27
This is a toxic behaviour.. get rid of him as soon as possible.,"[3, 5]",27
Wouldn’t be shocked for a lot of those guys to follow him to TB.,"[26, 27]",27
"Wow that's amazing, I hope my situation is as good next year. ","[0, 20]",27
Wow! That's awesome! Congratulations! Its wonderful to have hope of being off medications one day.,"[0, 17, 20, 26]",27
"""This droid has a bad motivator.""","[9, 11]",27
Yeah after I showed it to my friend a few minutes later I realized what he meant but I forgot to remove my post.,"[12, 22]",27
"The co-worker thing is generally for the best,the rest I agree.","[0, 4, 27]",27
Thanks lol someone else just filled me in on the backstory haha 😂,"[1, 15]",0
[NAME] and [NAME] are my favorite gay couple,"[0, 18]",27
Try wearing something unattractive when that student is around.,"[14, 27]",27
"Ha ha ha, thank you so much, he is a total gentleman. Ok, bull by the horns time!","[1, 15]",27
I hope that you still send her a bag each Christmas?,"[7, 8]",17
i actually laughed at that lol good one man,"[1, 17]",27
"Wow look at this deep pockets eating a lentil a day, I have to slice mine to last me a month!!!","[0, 26]",27
Did you check the bowl?,"[6, 27]",27
"I mean, a lot of animals I've seen get terrified of regular stuffed animals, imagine having your fears super sized like that","[14, 19]",1
"Did I present a braiwashing sect as something positive? Both are bad, but at least you can therapy your way out of emo.","[10, 22]",27
"Seriously, I’ve been catching and loving this one since it first came out.","[0, 4, 18]",1
Seriously. The only thing that gave it away was no spelling errors.,"[3, 27]",27
That’s always my worst fear when the idea of leaving during January comes up. I wish you the best of luck in unthawing them!,"[11, 14]",14
"Yeah it isn't the same singer. 'Don't hug me I'm scared' is voiced by [NAME], the lead singer of KKB is [NAME]","[4, 22]",27
This has to be a joke...,"[1, 26]",27
I just want to live. You're the sad loser for going out of your way to comment something so completely stupid,"[2, 3]",27
"You look the same to me, but I'm happy you had a goal and accomplished it!! You're a cutie !! ","[0, 17]",5
Just watched the ET interview and it really was good! Love that hoodie strategy haha,"[0, 18]",0
Had my suspicions but didn't want to mindread such a civilized honest actor.,"[7, 10]",27
It’s always nice to say something [nice]!,"[15, 17]",10
Worst dad ever!,"[2, 9, 11]",14
Wouldn't it be easier to find 10% then multiply by 2?,"[6, 7]",27
"Thank you, I appreciate it. It was, and still is hard to deal with. ","[0, 15]",27
Thank you so much. I am sorry for what happened to you.,"[15, 25]",27
Aha thank you!. I didn't know there is a ca one,"[15, 22]",27
"Greetings, fellow resident of a rectangle with a pointy bit in the corner.","[15, 27]",27
"What’s populism? I’ve seen it a lot lately and it seems to have, as far as I can tell...no meaning.","[6, 7]",27
Why the fuuuhhh,"[2, 27]",27
He a cute sneck,"[0, 27]",27
"I haaaaaate vanilla scents and they are a 100% NOPE for me. I wear more neutral/woodsy scents and boyfriend loves it, so win.","[2, 18]",27
"Of course, us first borns gotta stick together. ❤️","[4, 18]",27
This!!! 🐃 and 💍 for your hard work!,"[0, 13, 27]",27
The USA welfare spend is quite low per gdp compared to first world countries. The safety nets are ridiculous or nonexistant and the inequality is ridiculous...,"[2, 3]",27
Well done OP for acting on your words. I hope you have a great day together!,"[0, 20]",27
"> It leads to touching and doing inappropriate things with the opposite sex I prefer the same sex, so are these things not inappropriate for me?","[6, 7]",3
This is awesome! do you have any more artwork on a website or social site? Is this for sale!?,"[0, 7]",13
I can't wait to see what us skilled workers get. Thanks government for telling businesses how to run and wrangle unskilled workers with no ambition.,"[13, 15]",5
See you all tomorrow for FIN - USA! End of the evening iguana,"[20, 27]",27
yeah you're right. i just glanced over and thought it was a swish haha,"[1, 4]",0
I love that you made sure not to let the last 4 or 5 fall over. That’s important.,"[4, 18]",27
"Her lying, narcotics addicted, pedophilic grandmother with physical ailments that cause her to be a serious lethal danger on multiple levels.","[3, 10]",27
I always move back and always regret it.,"[9, 25]",27
"I knew you had kids, i didnt know they were old enough join the military lol. Well happy bday to your son, dad. ","[1, 17]",27
I hope your daughter gets the help she needs and someday gets better.,"[8, 20]",27
Yeah super confused about that considering it was only [NAME] she had beef with lol,"[1, 6]",27
I'm really sorry for your loss friend. I hope everything is okay on your end too.,"[20, 24]",0
Noice! I hope to improve my Mika with this~ Thank you and may the Muscle Spirit be with you!,"[15, 20]",6
"Hey, [NAME] isn't *that* annoying","[3, 7]",27
Enjoy :) You won't regret it. The first couple seasons will be a little confusing but wiki helped me understand this show a lot!,"[17, 20]",27
"I have no idea, lol. Have my upvote.","[1, 6]",20
I think it was [NAME] and I'm not even convinced [NAME] caught on to it lol. Then he was made to be the moron.,"[1, 3]",27
Op is likely young and clueless. There’s likely a reason they’re in retail.,"[4, 27]",27
I like waitresses. Aren't they swell.,"[4, 7, 18]",27
"You're my mvp for the night haha. I'll drop by there tonight, thanks!","[1, 15]",0
It kinda makes sense. What’s the debate here?,"[7, 27]",27
Some of them are delusional and believe their victims want it,"[3, 27]",27
Enough food to feed the whole village just wasted,"[9, 27]",27
Leave they don't deserve you and you don't need those sacks of shit,"[3, 11]",27
"Well you wrote out this big comment, and it reads well but when you actually think about what you’ve said, IMO it really means nothing.","[9, 27]",7
The uncanny valley of creepy.,"[14, 27]",27
Yeah I’m working with my therapist to help me identify certain behaviors early and pay attention to the red flags.,"[4, 20]",27
I want to thank you for seriously entertaining me today. Best clip ever.,"[0, 15]",27
If people don't act the way I want it is because they have bad reasons. Lol,"[1, 10]",27
I wish I could be desensitized to my sadness sometimes lol,"[1, 8, 25]",27
"I realize that, but the picture is still funny","[1, 22]",27
Good luck with your procedure! Be strong and don't try to let anyone even think they can try to change your mind. This is your decision.,"[4, 20]",27
Oh my [NAME] yea!,"[4, 26]",27
I'm [RELIGION] and I'm disgusting lol,"[1, 11]",27
I hope you are not living in Australia. That heat has been killing Masturbators left and right.,"[5, 27]",27
Does that caption say [NAME] and [NAME] are planning to move to Austin....? Dear [NAME] PLEASE no we already have [NAME]!,"[6, 7]",27
I agree totally. Talk about fucking insanely bizarre. He's stuck in the shining,"[3, 4]",2
Yeah well first god says it’s an abomination. Also if people find out everyone will hate me and my parents will be extremely angry,"[2, 20]",27
"Good meme, but unfortunately the pic is fake. ","[0, 9]",27
"OP, u/christiangreyisdraco and u/lurkerturndcommenter, thank you for trying to make the point about focus. I appreciate your many attempts!","[0, 15]",27
Are you okay?,"[5, 7]",5
We’ve bombed plenty of innocent people. How is it any different?,"[7, 27]",27
Not pay for the child he helped create? Wow... great advice.,"[0, 7]",27
"can't remember much of what happens. All I do remember is I was miserable. Good performances, but it was a bit dour for my taste.","[0, 10]",27
gotta love the random spidey head to the left on the third shelf,"[0, 18]",27
I sent this to my mom and she actually watched it,"[4, 27]",27
"Just spend the next few months emotionally detatching, it makes the break up less debilitating.","[5, 9, 25]",27
Got damn look at that body,"[3, 26]",27
is a recent article interesting read.,"[0, 27]",3
I met my partner online. It was romantic interest right away. No friendship period for us.,"[18, 22]",27
"And you were too stupid to find your own sriracha, or you thought that $7.50 entitled you to your personal dancing monkey.","[3, 12]",27
How many wins are they into those ranks and at what winrate. Regardless thanks for the info.,"[7, 15]",27
Wondering why this hasn’t been made a thing yet 😂,"[22, 26]",27
I love your response. I wish I were this witty.,"[8, 18]",26
I just say i appreciate the depths of these Boiler Room vid are like this.,"[0, 4]",27
My cousin is coming back as interim exec chef this week until we get a new chef. If you are my cousin the answer is NO!,"[3, 10]",27
"I just rewatched season 5. My god, I had forgotten how horrible [NAME] is. ","[3, 11]",27
"LOL you are mental ,love it","[1, 18]",27
This is adorable! But I don’t understand how he does that😂,"[0, 6]",27
Saving this. Happy 2019 to ya!,"[13, 17]",27
Not sure how kittens “lol” but I’ll take your word for it.,"[1, 4]",27
How is [NAME] fleshed out? His entire role in ep1 was that he cooks. He's about as important as [NAME].,"[6, 7]",27
"I mean, I hope so. I bought his jersey, which would be embarrassing if he was out the league in two years.","[12, 20]",7
Omg I thought you were paraphrasing. I'm so happy that those were the exact words they said.,"[17, 26]",13
I love that username,"[0, 18]",27
Great game. Love winning in NOLA.,"[0, 18]",27
(#1)Just love him/her (#2) Be forgiving,"[5, 18]",27
"He can have his opinion, but he doesn't have to state when *no one* asked.","[3, 27]",27
"My nipples are rock hard right now, just ruined my shirt. ","[3, 27]",27
Calling (some) media the Enemy of the People and Fake News - is that not impeachable in a non-bizarro world?,"[2, 7]",11
This is so bad that I immediately retold it to everyone I know.,"[9, 12]",27
Lol sounds great but that's probably not what the OP wants to hear 😉,"[0, 1, 20]",27
This is some of the worst passing I've ever seen.,"[2, 9]",27
"Wait, what? [NAME] wasn't allowed a *bank account*?","[7, 26]",27
FYI not all skinheads are racists. [NAME] suck and should be confronted.,"[3, 27]",27
Can’t believe [NAME] era is coming to an end... feels like yesterday I saw his 1st win against the cowboys with tiki breaking the rushing record.,"[25, 26]",27
"A best friend would get me a vibrator. Not something that’ll make me feel like an oily, ugly piece of shit.","[4, 5]",27
AS..... YOU.... WISSHHH!!!.. Inconceivable! My first ever silver. Thank you kind stranger.,"[15, 17]",27
"Glad to see you were able to get this worked out, thx for the update! ","[15, 17]",14
Don’t blame us because you’re a dumbass..,"[2, 3]",27
Oh my god are you [NAME]? If you are I am huge fan. I completed the IX EE earlier today using your guide,"[13, 26]",27
. . . Wait a fucking second,"[2, 3]",27
"Thought you were gonna go steak with ketchup in that last bit, ya pulled a sneaky","[22, 27]",27
The best part of froyo is getting to do it yourself. Robot is useless and bad at it's job.,"[0, 10]",27
"You guys can downvote me all you want, but this sub is every day looking more and more alike r/gameofthrones","[3, 10]",27
>The only way change will happen is when the national media actually focuses on them. Precisely what a protest is aimed at engendering.,"[4, 27]",8
"I believe that this may be meant for the person above me, for I have moved into the realm of monetized bananas. ","[4, 20]",27
"Omg what the ever loving bloody hell did I just read?? As an artist, this was extra painful to me.","[25, 26]",1
I'm not being told I have issues by a guy who actually and genuinely has an interest in coprophagia.,"[3, 11]",27
"If you want any hope of getting better, you must stop everything and anything with underage girls...forever ","[4, 5]",27
I've always found it weird how popular Nandos is in Britain.,"[11, 26]",27
"I can relate. It kind of breaks your heart and your spirit, doesn’t it? ","[4, 7]",27
"Thanks man, I appreciate it, I love her but this was way to far, thanks man 💜","[0, 15]",27
So get a job and leave. It's just going to get worse. First the tv then you. Get out while you can,"[2, 11]",27
Very sweet of [NAME],"[18, 27]",27
"Hey, thank you. :) I appreciate it.","[0, 15]",27
That sounds so awesome. Thanks for talking about it.,"[0, 15]",27
Oh wait that's tonight?!?! Totally watching 😎,"[7, 17]",27
This is bloody disgusting.,"[2, 11]",27
"That’s a good idea, thanks","[0, 15]",20
"Weirdly enough Salad Fingers is one of [NAME] weaker animations, highly recommend ‘The Unfixable Thought Machine’","[11, 27]",27
The itching probably happens when your skin vibrates from the brush.,"[20, 22]",27
Lots of internalized rage and mom guilt daily leading to a good shower cry once a week or so.,"[2, 25]",27
"Just out of curiosity, what age group are you? Your boyfriend seems real decent nut the scenario sounds like teenagers I'm confused!","[6, 7]",0
"Ahh, I see. Well, he wasn't wrong!","[4, 27]",7
"If y'all didn't like OKC before, you hate 'em now.","[2, 10]",27
"Okay. Thanks for the information, I guess? I'm not really sure what your point is. ","[6, 15]",27
A *Pontiac* Montana?,"[7, 27]",27
Thanks for your comment. This makes sense with the time frames too.,"[4, 15]",27
"No, the full video shows that the kids surrounded and berated the native elder man ","[2, 3]",27
"YAAAS! Even though you're a stranger on the internet, this has made my day.","[13, 17]",27
"Right, but we want to shit talk them directly. Not agree with other people shit talking them.","[3, 10]",11
I feel like I have to call bs on this one. I hope lol,"[1, 20]",27
"Thank you for writing this, for letting us into your world so that we can better understand our own. I am very grateful for this gift.","[15, 17]",11
"I don't wanna be controversial, but the streak might end...","[10, 20]",27
"Rapists can have parental rights in some states, assuming they find him.","[12, 27]",2
The only death that made me feel any emotion. And it wasn’t even the death itself.,"[16, 25]",27
Lets see how [NAME] goes in Round 6,"[7, 27]",27
To me his not doing it right because he is breaking contact with the skin. Keep contact and go back and forth!,"[10, 22]",27
"I'd imagine the confusion would be far greater, especially amongst the [RELIGION] community considering there is no aspect of Ramadan that prevents [NAME] from doing exams. ","[6, 20]",27
The last thing you see before entering Hell.,"[3, 27]",17
I'm saying your question is irrelevant to the post's topic. Stop being passive aggressive.,"[2, 10]",27
Only 2 days ?,"[7, 27]",27
I love this. Thank you,"[15, 18]",5
"I just got banned from one of his subreddits, I haven't been this excited for a ban since the snap from /r/thanosdidnothingwrong!","[9, 13]",27
[NAME] has been a pleasant surprise,"[26, 27]",27
Has Medicaid stopped? Most people I know who support this want Medicare or Medicaid for all.,"[7, 8]",27
Thanks for your kind words. They made me tear up a bit.,"[15, 25]",27
"Ah, pillars of society. No wonder MLS is so highly regarded.","[0, 4]",27
For the record I don’t necessarily want him either. I just think he’s a compelling person.,"[10, 20]",27
So ungrateful. I wouldn’t have even offered that bc ppl who try to argue with closing times are not people who settle.,"[3, 27]",26
We will welcome you with open arms <3,"[15, 18]",11
I have trophy jeans and a trophy bra! Although RIP my boobs because they were the one thing I liked about my body back then :),"[9, 27]",27
Don't do [NAME] dirty like this smh,"[3, 10]",27
"I don’t know ,I kinda find this funny","[1, 6]",27
I used to do shit like this...back when I had a serious drinking problem I was in denial about,"[3, 10]",27
I've invested 9 goddamn years watching these twits. I'm going down with the ship.,"[3, 9]",27
I don't like football but the 10 minutes of actual football has been pretty entertaining so far,"[0, 13]",27
"Totally agree, except I usually (this occasion included) lack the pity haha.","[1, 4]",0
Boner. I'd have the weirdest boner.,"[12, 27]",27
I enjoy gameplay grind. Don't shoot me lol.,"[1, 17]",27
"Maybe so , i just dont know about him, team has enough turmoil they just dont need any more distractions","[6, 20]",27
"lmaooo you're right I did mean [NAME] by that haha ""she"" lol","[1, 4]",0
"Wow. These people really deserve some *clove*, especially on subshops.","[0, 26]",2
You’re so perfect :),"[0, 17]",27
Welcome to Reddit!,"[13, 15]",22
I know they don’t want it. I just wish they did.,"[8, 9]",27
That partially explains why season 4 was such a fucking mess,"[9, 11]",27
That’s awesome! Heal up quickly,"[0, 5]",27
"Thanks, it’s funny how to me this seemed a leap but not one person agrees, lol","[1, 15]",27
You sound like you're going to be a great PA! Good luck in your new career.,"[0, 5, 20]",3
"Grew up watching avatar and [NAME] is one of my favorite video game protagonists, especially when RDR2 came out. ","[18, 27]",27
"Really visually haunting though. For me, it makes me think of strange alternate futures and dystopian sci-fi worlds. ","[14, 19]",27
Can't stand having sex with you...?? Just horrible thing to say... You deserve better!!!,"[12, 25]",1
Glossing over [NAME] doesn't do justice to how crippled my team was after picking him,"[3, 9]",27
Vote every one of them out that was quoted as being upset about the wire and not the corruption.,"[3, 9]",27
i never thought i would read the phrase 600 lb cinematic universe but i am glad i did,"[17, 22]",27
"lol Whatever that proves, sure.","[1, 27]",27
My condolences.,"[16, 25]",27
Has any news been confirmed of whose playing [NAME]. I hope we see him soon to grasp how charasmatic he can be,"[4, 20]",11
Glad I'm not the only one,"[17, 23]",27
"So America and the USSR are the exact same thing to you? Sorry you're so small minded, hope you learn to grow in the future.","[20, 24]",5
Refusing to pay someone for work that they've done is theft. You can try to justify it any way you want but that's what it is.,"[10, 27]",27
Great pick! Especially when I realized she was meant to lose yesterday...good luck!,"[0, 20]",27
Hahahah this is awesome.,"[13, 17]",27
"I gotchu bro, house By Gucci Mane I’m a huge Gucci mane fan. ","[4, 13, 17]",27
[NAME] scratched again lmao. Lines are good though. Pretty optimal considering what we have imo. I like [NAME] playing with [NAME],"[1, 18]",11
Analytics and instagram... are you joking?,"[6, 27]",27
> he might not have seen the truth by the time he had posted the video That's kinda the *whole fucking problem.* Fake Motherfucking News,"[2, 3]",27
What the hell kind of university schedules a class at 6am?,"[2, 3]",17
"True, but it is deceptive when dealing with c diff, it may give them a false sense of security.","[4, 10]",27
You're an idiot and no one believes you and your telegram jerk-off buddies.,"[2, 3, 9]",27
You’re doing so good! We’re all so proud!,"[0, 21]",11
I recently got a job that I wanted so now I don't have to live paycheck to paycheck.,"[17, 20]",27
Thanks [NAME] for winning so we don't have to see so much of [NAME] laughable career dwindling away.,"[0, 15]",3
Sadly no... I’m in Delaware 😩. But I’d love to help in any way I can. Keep me posted. ,"[18, 25]",27
Guice was a fuckin monster.,"[2, 3]",27
Just take them and get them vaccinated without his knowledge. Only one parent is needed. Dont even tell him after it's done.,"[5, 27]",27
"I see you with Zangetsu, and I like it","[0, 18]",27
Looks like backyard [NAME] and the gang have a new member... [NAME]!,"[20, 27]",2
Also N.e.r.d and [NAME] reference lmao,"[1, 27]",27
"Unfortunately, successful and rich people blame foreigners too :(","[9, 25]",27
When you insult someone you might want to start by insulting them to where they can understand what you're trying to say...who givES A fuck .,"[2, 3]",27
The altcoin thread!? This is the first time I've seen it in 6 months.,"[26, 27]",27
"Can we not say ""Team [NAME]"" or ""Team [NAME]"" etc. That's too close to us style politics for my likes...","[7, 10]",27
"The only ignorant person here is you, and the Pope who makes the same baseless claims as you.","[2, 3]",27
I love it! It’s strangely charming lol!!! Especially when she comes back to camera speaking normally.,"[1, 18]",27
"he's clearly not equipped to argue, i can't decide if he's a dumbass teenager or a dumbass boomer. ","[3, 6]",27
"My thoughts exactly, I hope [NAME] doesn't get too much hate.","[4, 20]",27
What a deliciously glorious rant. I suspect he is not alone in his opinions.,"[0, 27]",27
"Laughing at ""indoctrinated by traditional values"". Good luck in life.","[3, 20]",27
I'm not too excited to see [NAME] and [NAME] throwback offense again. Run 3 times punt and play great defense. Zzzzzz.,"[13, 27]",27
Also since so many are forgoing children or having fewer the is less needed to purchase very large homes.,"[4, 27]",1
"People have gotten triggered on this sub the past month if you didn't call [NAME] a [NAME], so I think we can handle it.","[4, 27]",11
Goddamn. I'd tap the fuck out if I was that other guy.,"[3, 11]",27
**LET’S GO HAWKS!!!**,"[13, 27]",1
This cheat... what would that be? I may have made a choice I'm currently regretting.,"[7, 24]",27
Didn't that used to be the Northern Bank building? Never been troubled by pickpockets in Bangor but probably because I looked too poor!,"[7, 12]",27
"It would be a surprise to be sure, but a welcome one.","[20, 26]",27
I honestly miss [NAME],"[22, 25]",27
Thanks for the advice I really appreciate it and I hope you're doing better now!,"[0, 15]",27
Watching [NAME] flip his head back every poke of contact is possibly the most frustrating thing to watch,"[3, 27]",27
Chi snowing. Can't get a break.... Also I'm crushing it.,"[3, 9]",27
thats even scarier haha,"[1, 14]",0
Isn’t it the worst feeling ever?,"[6, 11]",4
Wow. Did not realize [NAME] was a top 20,"[22, 26]",27
More then a handful is to much anyways. You're all good lady. Confidence is sexy,"[0, 4]",5
"The username makes it even better, sucking a dudes toes, who is [NAME]. Man I'm jealous ","[2, 3]",27
I want someone to take me to the hospital,"[8, 19, 25]",27
That’s awesome!,"[0, 13]",10
I have to cuddle my dog so hard right now.,"[5, 18]",27
I admit I’ll be fairly happy if we continue to invest in young internationals and sign a $100+ mil free agent every offseason.,"[4, 17]",27
Reacting to [NAME] at this point just makes me feel worse about the artist.,"[3, 11]",27
"Yeah, I was thinking they would be super cute with black heels and a snug black crop top.","[0, 4]",27
"To be fair, I will also continue to jerk off to pictures of [NAME] in shorts He looks so good in them","[0, 4]",12
Filthy birdbrain-loving scum barely deserve the bullets needed to boot them off the mountain. Moreiya 4 life,"[2, 3]",1
Lol.... i guess your personal experience explains everything.... personally I've seen this play out numerous times in the work place..... so.....,"[1, 22]",27
"My adopted daughter told me, ""You can't tell me what to do. You're not my dad."" While true, it still stung.","[9, 25]",27
who tf has twitter on light mode,"[7, 27]",15
Why would they stop there with like 15 feet of visibility? It clearly isn’t just the truck drivers fault,"[6, 7]",27
"Thanks, I love it.","[15, 18]",27
"Ok, thats my thinking too. If [NAME] really only gets 180 anyone who didn't make that deal (like us) is pretty dang foolish.","[3, 9]",27
"You can't post a Sons pic and then say ""I got this"", that just hurts.","[10, 25]",27
"Oh dear, I'm so sorry you are going through this. I don't have any sage advice but I hope things get better for you.","[20, 24]",27
"Nope, from Nebraska why? Lmao","[1, 7]",27
"If you know it's the right thing to do, it's better to ""lose"" that person than to ""lose"" that opportunity.","[22, 27]",27
Thanks for posting this OP. Many times people change their minds and do the right thing but unfortunately we don't hear about it.,"[15, 22]",27
"My feelings exactly. First thought, a sarcastic 'Thanks.'","[3, 15]",9
"BT In the commentary booth: ""Where's your god [NAME]?"" As she's being mauled by a lion","[26, 27]",27
It’s a facepalm just for the wrong reason,"[9, 27]",27
Don't know how that was missed. Tragic really. Considering the title.,"[9, 25]",27
"Most likely. If he falls to our 3rd round pick ,I think we should definitely take him.","[4, 27]",11
WHAT IS HAPPENING,"[6, 7]",27
Your point? That doesn't mean it had 2 of EVERY FREAKING LAND MAMMAL on it!,"[2, 7]",27
"Have nobody thought of the giant tech corporation selling overpriced, inferior products to sheep customers? That's odd.","[10, 27]",27
Not sure if very professional image journalist or avid porn enthusiast but good job all the same!,"[0, 6]",27
Honestly you should have gone nuclear on him,"[3, 27]",27
How many hours of maintenance do they really need to do every night? I feel like they just want to cut costs and tell us it's impossible.,"[7, 27]",27
Organizational Change Manager and I fucking love it and have for 7 years. Still enjoy going to work every day.,"[17, 18]",27
That was hot!,"[0, 27]",27
Really good point here. Thanks.,"[0, 15]",27
No way society should pay for your child when you are perfectly capable.,"[3, 10]",27
"Awesome, let's celebrate! Send the free pack over here ;)","[0, 17]",27
"His wounds weren’t that bad, but probably got infected. Antibiotics fixed him. Good as new. ","[4, 5]",27
This sub absolutely gets personal within seconds of anything he says being postes,"[3, 27]",14
True. I don't know the survival rates of the women in ancient rome but I can't imagine it was fantastic.,"[6, 10]",27
"You must be ecstatic, I'm really happy for you.","[13, 17]",27
"Honestly, fuck [NAME] after the bounty gate shit","[2, 3]",27
"By law, China must accept the South China Sea ruling, period. Stop trying to help China weasel out of it. ","[2, 27]",27
Fucking hell they're bringing on all the giants,"[2, 11]",17
"Weird flex, but ok","[4, 11]",27
Dirt bar downtown is pretty sweet.,"[0, 27]",27
"""Grab your Glock when you see [NAME], call the cops when you see [NAME]...""","[5, 27]",27
Oh my gosh. This woman who died also had a son who died. Holy tragedy,"[16, 25, 26]",27
"This isn't really petty, it's actually brutal. *edit* but well done. I love it!","[0, 18]",27
"If you feel like venting, I am happy to listen.","[17, 20]",27
"Same, ASMR is nightmarish. My skin crawls just thinking about it.","[14, 19]",27
>the silent majority This is the most ignorant thing I've read so far today,"[9, 10]",27
Love the gif but I bloody hate these kinds of captions. It's as annoying and cringey as a fully grown adult doing baby-talk.,"[2, 3]",27
Glad to have you here :),"[15, 17]",27
ITT: Hipsters. “I liked this band before they got all popular and shit.”,"[3, 18]",27
Wow. That was deep. I hope you make out well move on and find true love. Be strong,"[20, 26]",27
"Yeah, but I mean, you need to actually be motivated for the climate and not just wanting to skip school","[4, 5]",25
80% of the country is putting their faith in a man who doesn’t even have personal awareness of where he is.,"[3, 9, 10]",27
"Ahh well too bad, thanks for sharing. ","[9, 15]",7
I also wanted to point this out! I love JJGO!!,"[8, 18]",27
Alleviate' meaning what? Make my working life suck less?,"[3, 7]",19
Go easy on your mom; this letter sounds like it was written from a place of deep love.,"[4, 5]",27
Wow! Congratulations on taking your sex life back! Nice to wake up and see such positivity.,"[4, 13, 26]",10
You'll miss a begging old man asking for a spare coin. RIP,"[16, 25]",27
"Lol, pinches narizones.. Their physical game is on another level. Would rather play with a guy like that instead of against him though that's for sure.","[0, 1]",3
I think the driver had the heart attack. She did not even give him a wave and a thank you for not smashing her precious child.,"[9, 15]",27
You know what to do. Start telling people.,"[5, 22]",27
"If everyone else can figure this out, then I don't see why it's so implausible for the US.","[6, 10]",27
Does a civil suit create legal precedence? Edit: I'm assuming it's a civil suit.,"[7, 27]",27
i would agree with that. i still dont see a good reason not to provide daycare though.,"[4, 10]",27
"Psst, your spoiler tag is busted. Don't leave spaces between the ! and your text.","[3, 10]",27
so true lmao,"[1, 4]",11
That doesn’t seem like very responsible presentation of findings.,"[10, 27]",27
These memes are either on a 9gag level or r/funny levels of comedy. And I can't tell which is worse.,"[6, 11, 27]",7
Yes! Dont you love to let babies suck you with a perfect jawline!,"[3, 7]",27
Doesn't NY and NJ have reciprocity? Why did he have to take the NY bar at all?,"[6, 7]",27
[NAME] is not good enough to get that angry.,"[2, 10]",27
BECAUSE THERE IS A SHUTDOWN ATTACHED TO IT! HOW DO YOU NOT GET THAT?,"[2, 7]",27
"I don't date women who smoke. As for pills or syringes etc, I don't find recreational drug users attractive. Similarly for being drunk.","[3, 10]",27
"wow, we really live in future","[0, 13]",11
Oh my [NAME] I almost forgot about the hot dr pepper in a glass glass made of glass,"[22, 26]",27
Looks like I posted it. Oh no!,"[12, 22]",27
LOL no its not all in the video. We have all seen the longform video now so its obvious that I was right.,"[1, 4]",11
"I pose you this question, ""How do you know [RELIGION] is not the right religion?""","[2, 7]",27
Terribly sad story. I loved it.,"[18, 25]",27
My kids graduated college two years ago. Guess I missed it?,"[7, 22]",27
I got banned on an old account for no discernible reason months after I had last posted there.,"[9, 27]",27
They get a bottle or i get a bottle...may as well share the wealth,"[4, 27]",27
I found a dentist (Aspen Dental) that text or email confirms every appointment and my doctors office has an app for everything from appointments to prescription refills.,"[4, 27]",27
What? Even his follow up comment was related to dog hair.,"[7, 22]",27
Cats are repulsive and they don't deserve to be pets,"[10, 11]",2
I like this response. I can’t give you gold but have some honorary gold.,"[0, 18]",25
I’m sooo excited for you!! I’m not dating right now but I love hearing someone be all verklempt.,"[13, 18]",27
"> The porn that I downloaded was Brazzers produced. In case you don't know, Brazzers is ***anal*** about their IP. Ha get fucked.","[1, 11, 22]",27
[NAME] is phenomenal. It’ll be a sad day once he’s gone,"[9, 25]",27
> This is just a waste of time. Just like making portland denizens use their tax dollars to built a stadium,"[9, 10]",27
It’s beautiful. I think I need to move. 😊,"[0, 20]",27
We have reached the stage where below 2 million is good. There truly is no bottom to this pit.,"[0, 21]",27
Brooklyn-Boston playoffs would be the most toxic thing of all time. Only Sixers-Cs would be worse,"[2, 11, 27]",27
Great site. Never heard of it. Thank you for passing along!,"[0, 15]",27
"Haha yes. Thank you. No accidents, so it went well 😂😂","[4, 15]",0
Unfortunately if you’re looking for game info about the Detroit Basketball team your in the wrong sub.,"[22, 25]",27
That is disgusting. He should be embarrassed.,"[11, 12]",27
700 euros per week for 16 hour days 6 -7 days a week is shite and well below minimum wage if you work it out per hour.,"[9, 27]",27
I wish that were a thing 🙄,"[8, 20]",27
um what about just not engaging and leaving?,"[3, 27]",27
"Oh that’s actually seriously a relief, how do you know that though?","[7, 23]",27
What a wonderful story! Thank you so much for sharing that just made me smile .,"[0, 15]",27
"I love my kids. I don't always like my kids, but I love them. ","[10, 18]",27
>![NAME] get the crossbow before it's too late he can't breath oh [NAME] please hurry im shaking and crying rn!<,"[19, 27]",27
Is that not with mice though? I could be wrong or maybe its rats & mice. Edit: field mice in particular.,"[6, 27]",27
Super dumb that people are downvoting you for asking a question in good faith.,"[3, 10]",27
"Daily would be great, but...life stuff like work sometimes get in the way.","[0, 15]",27
"Waahha, ohh, they massawaaa... STOP IT. YOU CAN ACT LIKE A MAN.","[2, 3]",27
"Missed that, wishful thinking, I was hoping they would team up for a little","[8, 20]",13
"I like all of them, depending on what I want to learn. I really like [NAME] and [NAME] style, because they are such trolls. ","[3, 18]",27
"Bi people can be attracted to trans and non-binary people, too.","[4, 22]",27
"""one of us will be right!"" Or...ya both wrong and wasted your energy being dumb asses instead of enjoying it.","[3, 10]",27
Looks like something you would see in a comedy movie.,"[1, 27]",27
Is that Arcade club i spy? I love it there!,"[0, 7, 18]",27
then youll do just fine!,"[4, 5, 27]",27
I'm full of envy. Would love to be on that sort of money! But I fail to see the problem with it.,"[8, 9]",27
Awesome! I just recently custom made some art for my razer panthera! It certainly is a lot of fun to do! 👍,"[0, 1, 4]",27
Well that made me want to continue to live in Alberta.,"[20, 27]",27
"She likes sending nudes? I mean, just go with the flow and see what happens. ","[7, 27]",27
"I did! Never moving back, I love my life in the ""big smoke"".","[17, 21]",27
I can’t believe sb found this even remotely funny.,"[1, 26]",27
I do watch legends and lol yes we all know she existed/originated in the future. I also know that this is a different [NAME] from the [NAME].,"[1, 4]",27
Oh! Im also Chinese (Singaporean) and due to the laws here my boyfriend and i are looking to go elsewhere...,"[9, 26]",22
Excited to see this kid in red and black some day,"[8, 13]",22
So I did. Good call.,"[0, 20]",4
"I want this back ""I want us back"" I missed the part where that's my problem","[9, 25]",13
"If you’re working out, juicy AF, and needing to pay for escorts you must be got damn ugly in the face. ","[3, 11]",27
"Dive into that sweet sweet goodness, buddy. View the meetup the woman being lucky to be around you, and it gets much easier.","[5, 18]",27
"I’m with you, like shouldn’t we call someone or make sure this was followed up on? This poor guy. ","[7, 9]",11
It's in case he suffers from amnesia and forgets his name.,"[14, 25]",27
"Thank you!! Makes sense, I was deciding between laxes and stool softeners so I think I'll just go with the lax teas","[15, 20, 22]",27
"Did he beat all the bosses solo? If he did, he's less of a scrub than I am.","[0, 4, 7]",27
>Make I've never hated a commentator more in my lifetime then him,"[2, 3, 9]",27
"C'mon Mr [NAME], you're not going to eat all that watermelon.","[10, 27]",27
"OMG, my two favorite franchises and the two best girls!!","[0, 13]",27
You've described my parents who have been happily married for 36 years. You are good dude.,"[0, 17]",27
I can't understand why Pepsi and Coke are the two most popular sodas. Or why fans think they're so different.,"[6, 22]",27
"Wow, who can afford this one? ","[7, 26]",27
Oh hell no. Shes blind!!! No way in HELL is she ever being left alone with it.,"[9, 26]",17
my parents did this for 8 years. apparently it’s a lot of fun,"[1, 17]",27
"Just read your list, sounds great!! You have some creatures even I didn’t think about 👍!!","[0, 22]",27
"Really? Wow. You’re either hopelessly ignorant or you’re trolling. For your sake, I hope you’re trolling.","[7, 20, 26]",5
You're a turd,"[3, 27]",27
"Shhhhhhh ... It will be ok, honey.","[4, 5, 18]",27
"Meanwhile, 1500 a day continue to die from cigarettes","[25, 27]",27
"Oh nice, gonna add that to the list. Thanks!","[0, 15]",10
I'll take a window seat for lmao at this.,"[1, 27]",14
"Omg. I just noticed that! Holy fuck, how does she smell?","[7, 13, 26]",27
And still our government is not responsible enough to pay its bills. It's rather pathetic.,"[9, 25]",27
I've been watching too much my 600lb life...I instantly hear dr. [NAME],"[24, 27]",27
"It's a shortcut, dude, he just knows the map!","[4, 20]",27
Midland has a ton of smart people. A lot of petroleum engineers.,"[0, 22]",27
"Could not agree more. Personally, I love watching any comp at pro level. GOATS is fun to watch the micro play and ability timings and synergy ","[10, 18]",27
"The reaction is incredible. I’m quite certain it’s satire as well, but its impact is depressing as hell. ","[9, 25]",17
Seen this result coming. Best result for us and rangers unfortunately.,"[0, 4]",27
"just apologize. what other advice could you possibly require? you fucked up, now deal with it.","[2, 24]",27
What do you mean by delicate flowers?,"[6, 7]",27
Am I not supposed to have what I want? What I need?!?,"[3, 6]",26
"Go with her, eat healthy food with her too. It may help","[4, 5]",27
"[NAME] has been attacking the basket a lot this game,good to see.","[17, 27]",27
"This is amazing, man. Kick some ass, make good food, get paid. Congratulations","[0, 15]",27
"Look [NAME] is here ""Where the fuck was he an hour ago, gary, where!?""","[2, 7]",27
"Not having social media is such a blessing for me, it’s weird he messaged your mum though! I bet she loved hearing from him! ","[11, 18]",1
Rule 2 of firearms: Never point the muzzle at something unless you’re ready to poke tiny holes in it.,"[5, 20]",27
"Thank you so much, this is beautiful","[0, 15]",27
Thanks! I'm now quite excited. Unless of course they all decide to skip straight from Chatswood to Gordon.,"[13, 15]",27
So the article is pretty much nonsense.,"[3, 11]",27
"Holy bait-and-switch, [NAME]. I’m so sorry, that has to be incredibly stressful to have to be around and deal with.","[19, 24, 25]",27
I want to know how she thinks you can convert fat into muscle,"[7, 8]",27
I gave him a hug and told him how glad I was that he was okay after the police assault. He’s amazing!,"[0, 5]",27
"My only criticism is xhaka, too slow on and off the ball.","[10, 27]",27
Thats the high life of empowerment.,"[21, 27]",0
Oh! Thanks for clarifying. The entire time I thought it was written by a child to their OWN parents. I'm thick.,"[15, 22]",22
We can’t have that,"[10, 27]",11
Won’t Molotovs create more waste?,"[6, 7]",27
"That guy who said that it's a good idea to never smile towards women you like? Pass, the book was ultra-overrated ","[7, 10]",27
"She's reading Canada's extradition act but not Canada's extradition treaty with the USA. I've had this argument before, it's pointless.","[2, 27]",27
I never said she wasn't a downgrade. But on r/political_revolution the complaint seems to be that she didn't endorse anybody in 2016.,"[3, 10]",13
Become friends with people who work night shift. We are always up at crazy hours and need a distraction from our work.,"[4, 17]",0
Now I wanna know how the hell did you stole the body of an NPC :o,"[8, 27]",17
Employ the son of your biggest donor?,"[7, 27]",27
Please stop talking [NAME].,"[2, 3]",27
I love this! It's nice to hear of a positive outcome on here.,"[0, 18]",10
"so lucky. im afraid to tell my [NAME] gf. :"")","[0, 14]",27
How about a downvote for the update?,"[7, 27]",27
I was going to ask what temperatures are like where you live. The beauty of losing refrigeration in the winter is having the great outdoors.,"[0, 4]",1
"Yes she was, but I'm here now. ","[4, 27]",27
Can you link the apologies? Or do they not actually exist?,"[6, 7]",27
The way him and his mom talk to each other is like a little boy and his Mommy!,"[0, 1]",27
"You made me cry. That rarely happens, it's like poetry. Someone gets me. Someone feels my pain. Thank you.","[15, 25]",27
"The current situation is one of cronyism, it doesn't represent a few market, which has other tools to deal with such things.","[4, 27]",23
"See that's what I figured, but at the same time academy is such a hindrance 😂","[22, 25]",27
Hah hah I got the quote was mocking him - it was so perfect it thought it was genuine. Quality work :D,"[0, 1]",27
what's an alt right?,"[7, 27]",27
> Humans are empathetic and do this daily. I have to remind myself of this sometimes.,"[3, 27]",27
Who’s that cutie,"[0, 7]",27
Ugh...terrible.,"[3, 11]",14
"I got angry briefly, made a post and got over it quick. Thanks for the diagnosis Doctor. 😆","[2, 15]",27
I understand that. My question is more if anyone would be excited for it or interested in helping,"[8, 13]",27
"Thanks, I hate it","[2, 15]",27
TAKE MY MONEY,"[4, 27]",27
"thanks, I agree","[4, 15]",27
[NAME] and [NAME] had equally good chances when they were on the same line in the first/second period - they just didn't convert.,"[20, 27]",27
Damn that’s sad,"[9, 25]",27
Well fuck. I didn't think anybody cared at all...it's order than that?,"[3, 9]",7
"I appreciate your post, I’m just nervous is all, thank you","[0, 15, 19]",27
That and losing [NAME]. The two of them had instant chemistry. Excited to see is he can become a big part of our offense next year.,"[13, 27]",0
So [NAME] thinks the AFLW has been both elevated and shafted by the AFL in terms of promotion?,"[7, 27]",27
Sorry misunderstood you! I’m talking about viruses and bacteria that can kill you like the flu etc,"[12, 25]",12
Yeah.... I've always sucked at smiling honestly. I hate it. I hate selfies. I usually don't smile.,"[3, 10]",27
"I go to a neighborhood mexican restaurant monthly for the past 2.5 years, but nobody knows my name ☹","[9, 25]",27
Yeah if you’re able to fulfill that. Hopefully the bonus is worth it,"[4, 20]",27
"I'm glad you have your kids, but have you seen Brooklyn 99 like the op stated? It's worth living for too.","[0, 6, 13, 17]",27
"Germany is the first country in Europe I've been to! Planning on Ireland next, and maybe Croatia(hoping for Germany again, though :) )","[8, 13, 20]",27
Contacted the hospital I was born at and I’m getting my birth certificate! Thanks for all the help this was a big step forward,"[13, 15]",27
This is awesome! Does anyone know if an EST version is available?,"[0, 7]",7
Would any gathering of the Knights of Ren count? Or would they have to officially organize a thing.,"[6, 7, 27]",27
5. Puts you in debt 6. Isolates you from all social interaction 7. Leaves you with nothing but a product you can't sell,"[3, 10]",27
Ohh looking cool Jok- Get out of here side character.,"[0, 4]",27
"Here, kiddo. Happy cake day. You need it more than I do.","[5, 13]",27
Hang on is that allowed? Geez that guy seemed really angry.,"[2, 6]",27
I heard it's because of florida crime reporting laws - I.e. the same stuff could be happening elsewhere but it wouldn't make the press?,"[6, 7]",27
That's really interesting. Thank you for the information. It's just hard to imagine lives you'll never live.,"[13, 15]",27
"Binge drinking is a big problem in VN right now, unfortunately. So I wouldn't be surprised if drunkenness was the main cause of this. ","[4, 9]",27
aye they buggin for no reason im just saying good job keep it up.,"[0, 15, 20]",27
Hopefully we can get this solved soon.,"[8, 20]",12
It’s tinder no one cares if they get blocked cringe to you is funny to them,"[1, 17]",27
i’m so proud of you!! good job dude!! :),"[0, 21]",27
I'd say the key difference is probably vegemite consumption...,"[4, 27]",27
"Its an mlm in disguise, branded to appeal to the college demographic. I got the fuck out ","[2, 3]",27
"Nah, girl, you did great. I'm also shocked by guys who want to hook up without a condom.","[0, 26]",27
Im not 😀 Glad you realize your mistake and why I was confused 😉,"[6, 17, 22]",27
I'm sorry to hear this. I hope you can find something to make you feel happy in the new year.,"[20, 24]",27
Awesome guys! Thank you for the ideas. It interesting to see what people will do depending on whether they play killer or survivor lol,"[0, 15]",20
Really? I had no idea the bioavailability was the same,"[7, 26]",20
Awe man thank you ♥️♥️,"[0, 15]",27
This is so cringey it hurts. I feel so bad for whoever sent this because they are so stupid.,"[9, 25]",14
What kind of insider only has 250 followers?,"[7, 27]",27
"Annoying isn’t it! Thanks, I guess I’ll have to stop responding too!","[3, 15]",27
"Glad you’re doing better internet stranger, and I hope you continue to know peace and happiness. Be well.","[17, 20]",27
"You're right, thanks for pointing that out, I've edited it now. Carry on.","[4, 15]",27
32nd? It felt like 99th or something...,"[6, 7]",27
Here in America too. Those counter protesting fascist get thrown in jail and pepper sprayed like animals. It makes no sense that this happens.,"[2, 3, 10]",27
Food must be good then. It looks good. Besides the wood plank lol,"[0, 1]",27
It would be a little less irritating if the 10 cents you pay if you want some paper bags didn't go to the government as a tax.,"[3, 27]",27
Okay this is really promising stuff. I'm definitely excited for this.,"[13, 20]",27
You beat me to it,"[3, 27]",27
"That’s an interesting take. Thank you for giving me some perspective, never saw it like that. ","[7, 15]",27
"Okay, diet is important that's true. Do you take any medication? Do you have a psychiatrist or doctor who you see for your mental health?","[4, 7]",11
Lol I lol'd *I too am down with the kids. But not like that because that would be illegal*,"[1, 3]",27
Ah!! Was not expecting to read that this morning on my commute 😭 lol Just so beautiful! ,"[0, 1, 22]",27
I agree! I loved him as [NAME] and I wish the writing had been better. He's amazing.,"[0, 18]",27
Is there any way to somebody can please translate the notes into doc form or something? I am having trouble viewing them :(,"[25, 27]",1
"Look I'm not saying that I agree with them, theres no need to be an asshole","[2, 10]",27
"Gotta love these kids! When they do or say the cutest things like that, it really makes u melt....... Enjoy OP!!!","[17, 18]",27
"This... This is where my journey ends. I was not able to make it to the end, good luck future redditors! ","[9, 15]",13
I never even knew there were bullies in school unit I was out of school and read about bullies in school.,"[22, 26]",25
"He’s such a little bitch, impossible to like","[2, 3]",27
Enjoying Mummers. I'm from Philly. I kind of terrified as they just used Skyrim music....,"[13, 17]",27
"Bide your time, keep your eyes open, and build the reputation and relationship needed. The opportunity will come.","[8, 20]",27
"Dammit, you know I proof read this and I thought it changed correctly but I guess it didn't.","[6, 22]",27
Sure dude. Although I’d say my rate at dispensing profound wisdom is lesser than the rate at which I can talk utter BS haha,"[1, 20, 27]",0
Ok. Good idea!,"[0, 4]",20
Hahaha so I’m no longer going to worry about it then lol,"[1, 20]",27
This will be me a year from now. Not fair at all.,"[10, 12]",10
"I know, right?! I was literally in tears Saturday night 😪 It's only 3 years old!!","[7, 25]",27
"They are children, they have no souls. ","[4, 5]",27
My mom works for Nasa and apparently no. They gave them pamphlets with numbers for credit agencies and tips on getting loans lol. Its kinda awful.,"[1, 11]",27
